--
-- PostgreSQL database dump
--

-- Dumped from database version 16.8 (Homebrew)
-- Dumped by pg_dump version 16.8 (Homebrew)

SET statement_timeout = 0;
SET lock_timeout = 0;
SET idle_in_transaction_session_timeout = 0;
SET client_encoding = 'UTF8';
SET standard_conforming_strings = on;
SELECT pg_catalog.set_config('search_path', '', false);
SET check_function_bodies = false;
SET xmloption = content;
SET client_min_messages = warning;
SET row_security = off;

--
-- Name: pg_trgm; Type: EXTENSION; Schema: -; Owner: -
--

CREATE EXTENSION IF NOT EXISTS pg_trgm WITH SCHEMA public;


--
-- Name: EXTENSION pg_trgm; Type: COMMENT; Schema: -; Owner: 
--

COMMENT ON EXTENSION pg_trgm IS 'text similarity measurement and index searching based on trigrams';


--
-- Name: uuid-ossp; Type: EXTENSION; Schema: -; Owner: -
--

CREATE EXTENSION IF NOT EXISTS "uuid-ossp" WITH SCHEMA public;


--
-- Name: EXTENSION "uuid-ossp"; Type: COMMENT; Schema: -; Owner: 
--

COMMENT ON EXTENSION "uuid-ossp" IS 'generate universally unique identifiers (UUIDs)';


SET default_tablespace = '';

SET default_table_access_method = heap;

--
-- Name: auth_group; Type: TABLE; Schema: public; Owner: boldrise_admin
--

CREATE TABLE public.auth_group (
    id integer NOT NULL,
    name character varying(150) NOT NULL
);


ALTER TABLE public.auth_group OWNER TO boldrise_admin;

--
-- Name: auth_group_id_seq; Type: SEQUENCE; Schema: public; Owner: boldrise_admin
--

ALTER TABLE public.auth_group ALTER COLUMN id ADD GENERATED BY DEFAULT AS IDENTITY (
    SEQUENCE NAME public.auth_group_id_seq
    START WITH 1
    INCREMENT BY 1
    NO MINVALUE
    NO MAXVALUE
    CACHE 1
);


--
-- Name: auth_group_permissions; Type: TABLE; Schema: public; Owner: boldrise_admin
--

CREATE TABLE public.auth_group_permissions (
    id bigint NOT NULL,
    group_id integer NOT NULL,
    permission_id integer NOT NULL
);


ALTER TABLE public.auth_group_permissions OWNER TO boldrise_admin;

--
-- Name: auth_group_permissions_id_seq; Type: SEQUENCE; Schema: public; Owner: boldrise_admin
--

ALTER TABLE public.auth_group_permissions ALTER COLUMN id ADD GENERATED BY DEFAULT AS IDENTITY (
    SEQUENCE NAME public.auth_group_permissions_id_seq
    START WITH 1
    INCREMENT BY 1
    NO MINVALUE
    NO MAXVALUE
    CACHE 1
);


--
-- Name: auth_permission; Type: TABLE; Schema: public; Owner: boldrise_admin
--

CREATE TABLE public.auth_permission (
    id integer NOT NULL,
    name character varying(255) NOT NULL,
    content_type_id integer NOT NULL,
    codename character varying(100) NOT NULL
);


ALTER TABLE public.auth_permission OWNER TO boldrise_admin;

--
-- Name: auth_permission_id_seq; Type: SEQUENCE; Schema: public; Owner: boldrise_admin
--

ALTER TABLE public.auth_permission ALTER COLUMN id ADD GENERATED BY DEFAULT AS IDENTITY (
    SEQUENCE NAME public.auth_permission_id_seq
    START WITH 1
    INCREMENT BY 1
    NO MINVALUE
    NO MAXVALUE
    CACHE 1
);


--
-- Name: auth_user; Type: TABLE; Schema: public; Owner: boldrise_admin
--

CREATE TABLE public.auth_user (
    id integer NOT NULL,
    password character varying(128) NOT NULL,
    last_login timestamp with time zone,
    is_superuser boolean NOT NULL,
    username character varying(150) NOT NULL,
    first_name character varying(150) NOT NULL,
    last_name character varying(150) NOT NULL,
    email character varying(254) NOT NULL,
    is_staff boolean NOT NULL,
    is_active boolean NOT NULL,
    date_joined timestamp with time zone NOT NULL
);


ALTER TABLE public.auth_user OWNER TO boldrise_admin;

--
-- Name: auth_user_groups; Type: TABLE; Schema: public; Owner: boldrise_admin
--

CREATE TABLE public.auth_user_groups (
    id bigint NOT NULL,
    user_id integer NOT NULL,
    group_id integer NOT NULL
);


ALTER TABLE public.auth_user_groups OWNER TO boldrise_admin;

--
-- Name: auth_user_groups_id_seq; Type: SEQUENCE; Schema: public; Owner: boldrise_admin
--

ALTER TABLE public.auth_user_groups ALTER COLUMN id ADD GENERATED BY DEFAULT AS IDENTITY (
    SEQUENCE NAME public.auth_user_groups_id_seq
    START WITH 1
    INCREMENT BY 1
    NO MINVALUE
    NO MAXVALUE
    CACHE 1
);


--
-- Name: auth_user_id_seq; Type: SEQUENCE; Schema: public; Owner: boldrise_admin
--

ALTER TABLE public.auth_user ALTER COLUMN id ADD GENERATED BY DEFAULT AS IDENTITY (
    SEQUENCE NAME public.auth_user_id_seq
    START WITH 1
    INCREMENT BY 1
    NO MINVALUE
    NO MAXVALUE
    CACHE 1
);


--
-- Name: auth_user_user_permissions; Type: TABLE; Schema: public; Owner: boldrise_admin
--

CREATE TABLE public.auth_user_user_permissions (
    id bigint NOT NULL,
    user_id integer NOT NULL,
    permission_id integer NOT NULL
);


ALTER TABLE public.auth_user_user_permissions OWNER TO boldrise_admin;

--
-- Name: auth_user_user_permissions_id_seq; Type: SEQUENCE; Schema: public; Owner: boldrise_admin
--

ALTER TABLE public.auth_user_user_permissions ALTER COLUMN id ADD GENERATED BY DEFAULT AS IDENTITY (
    SEQUENCE NAME public.auth_user_user_permissions_id_seq
    START WITH 1
    INCREMENT BY 1
    NO MINVALUE
    NO MAXVALUE
    CACHE 1
);


--
-- Name: blog_comment; Type: TABLE; Schema: public; Owner: boldrise_admin
--

CREATE TABLE public.blog_comment (
    id bigint NOT NULL,
    name character varying(100) NOT NULL,
    email character varying(254) NOT NULL,
    content text NOT NULL,
    created_at timestamp with time zone NOT NULL,
    is_approved boolean NOT NULL,
    post_id bigint NOT NULL
);


ALTER TABLE public.blog_comment OWNER TO boldrise_admin;

--
-- Name: blog_comment_id_seq; Type: SEQUENCE; Schema: public; Owner: boldrise_admin
--

ALTER TABLE public.blog_comment ALTER COLUMN id ADD GENERATED BY DEFAULT AS IDENTITY (
    SEQUENCE NAME public.blog_comment_id_seq
    START WITH 1
    INCREMENT BY 1
    NO MINVALUE
    NO MAXVALUE
    CACHE 1
);


--
-- Name: blog_post; Type: TABLE; Schema: public; Owner: boldrise_admin
--

CREATE TABLE public.blog_post (
    id bigint NOT NULL,
    title character varying(200) NOT NULL,
    slug character varying(50) NOT NULL,
    preview_text text NOT NULL,
    content text NOT NULL,
    created_at timestamp with time zone NOT NULL,
    updated_at timestamp with time zone NOT NULL,
    is_published boolean NOT NULL,
    featured_image character varying(100) NOT NULL,
    meta_title character varying(200),
    meta_description text,
    is_featured boolean NOT NULL,
    author_id integer NOT NULL,
    category_id bigint NOT NULL
);


ALTER TABLE public.blog_post OWNER TO boldrise_admin;

--
-- Name: blog_post_id_seq; Type: SEQUENCE; Schema: public; Owner: boldrise_admin
--

ALTER TABLE public.blog_post ALTER COLUMN id ADD GENERATED BY DEFAULT AS IDENTITY (
    SEQUENCE NAME public.blog_post_id_seq
    START WITH 1
    INCREMENT BY 1
    NO MINVALUE
    NO MAXVALUE
    CACHE 1
);


--
-- Name: blog_post_tags; Type: TABLE; Schema: public; Owner: boldrise_admin
--

CREATE TABLE public.blog_post_tags (
    id bigint NOT NULL,
    post_id bigint NOT NULL,
    tag_id bigint NOT NULL
);


ALTER TABLE public.blog_post_tags OWNER TO boldrise_admin;

--
-- Name: blog_post_tags_id_seq; Type: SEQUENCE; Schema: public; Owner: boldrise_admin
--

ALTER TABLE public.blog_post_tags ALTER COLUMN id ADD GENERATED BY DEFAULT AS IDENTITY (
    SEQUENCE NAME public.blog_post_tags_id_seq
    START WITH 1
    INCREMENT BY 1
    NO MINVALUE
    NO MAXVALUE
    CACHE 1
);


--
-- Name: cases_case; Type: TABLE; Schema: public; Owner: boldrise_admin
--

CREATE TABLE public.cases_case (
    id bigint NOT NULL,
    title character varying(200) NOT NULL,
    slug character varying(50) NOT NULL,
    short_description text NOT NULL,
    client character varying(100) NOT NULL,
    content text NOT NULL,
    result text NOT NULL,
    featured_image character varying(100) NOT NULL,
    created_at timestamp with time zone NOT NULL,
    is_published boolean NOT NULL,
    meta_title character varying(200),
    meta_description text,
    is_featured boolean NOT NULL
);


ALTER TABLE public.cases_case OWNER TO boldrise_admin;

--
-- Name: cases_case_categories; Type: TABLE; Schema: public; Owner: boldrise_admin
--

CREATE TABLE public.cases_case_categories (
    id bigint NOT NULL,
    case_id bigint NOT NULL,
    category_id bigint NOT NULL
);


ALTER TABLE public.cases_case_categories OWNER TO boldrise_admin;

--
-- Name: cases_case_categories_id_seq; Type: SEQUENCE; Schema: public; Owner: boldrise_admin
--

ALTER TABLE public.cases_case_categories ALTER COLUMN id ADD GENERATED BY DEFAULT AS IDENTITY (
    SEQUENCE NAME public.cases_case_categories_id_seq
    START WITH 1
    INCREMENT BY 1
    NO MINVALUE
    NO MAXVALUE
    CACHE 1
);


--
-- Name: cases_case_id_seq; Type: SEQUENCE; Schema: public; Owner: boldrise_admin
--

ALTER TABLE public.cases_case ALTER COLUMN id ADD GENERATED BY DEFAULT AS IDENTITY (
    SEQUENCE NAME public.cases_case_id_seq
    START WITH 1
    INCREMENT BY 1
    NO MINVALUE
    NO MAXVALUE
    CACHE 1
);


--
-- Name: cases_case_services; Type: TABLE; Schema: public; Owner: boldrise_admin
--

CREATE TABLE public.cases_case_services (
    id bigint NOT NULL,
    case_id bigint NOT NULL,
    service_id bigint NOT NULL
);


ALTER TABLE public.cases_case_services OWNER TO boldrise_admin;

--
-- Name: cases_case_services_id_seq; Type: SEQUENCE; Schema: public; Owner: boldrise_admin
--

ALTER TABLE public.cases_case_services ALTER COLUMN id ADD GENERATED BY DEFAULT AS IDENTITY (
    SEQUENCE NAME public.cases_case_services_id_seq
    START WITH 1
    INCREMENT BY 1
    NO MINVALUE
    NO MAXVALUE
    CACHE 1
);


--
-- Name: cases_caseimage; Type: TABLE; Schema: public; Owner: boldrise_admin
--

CREATE TABLE public.cases_caseimage (
    id bigint NOT NULL,
    image character varying(100) NOT NULL,
    title character varying(100),
    "order" integer NOT NULL,
    case_id bigint NOT NULL,
    CONSTRAINT cases_caseimage_order_check CHECK (("order" >= 0))
);


ALTER TABLE public.cases_caseimage OWNER TO boldrise_admin;

--
-- Name: cases_caseimage_id_seq; Type: SEQUENCE; Schema: public; Owner: boldrise_admin
--

ALTER TABLE public.cases_caseimage ALTER COLUMN id ADD GENERATED BY DEFAULT AS IDENTITY (
    SEQUENCE NAME public.cases_caseimage_id_seq
    START WITH 1
    INCREMENT BY 1
    NO MINVALUE
    NO MAXVALUE
    CACHE 1
);


--
-- Name: core_category; Type: TABLE; Schema: public; Owner: boldrise_admin
--

CREATE TABLE public.core_category (
    id bigint NOT NULL,
    name character varying(100) NOT NULL,
    slug character varying(50) NOT NULL,
    description text
);


ALTER TABLE public.core_category OWNER TO boldrise_admin;

--
-- Name: core_category_id_seq; Type: SEQUENCE; Schema: public; Owner: boldrise_admin
--

ALTER TABLE public.core_category ALTER COLUMN id ADD GENERATED BY DEFAULT AS IDENTITY (
    SEQUENCE NAME public.core_category_id_seq
    START WITH 1
    INCREMENT BY 1
    NO MINVALUE
    NO MAXVALUE
    CACHE 1
);


--
-- Name: core_contactrequest; Type: TABLE; Schema: public; Owner: boldrise_admin
--

CREATE TABLE public.core_contactrequest (
    id bigint NOT NULL,
    name character varying(100) NOT NULL,
    email character varying(254) NOT NULL,
    phone character varying(32) NOT NULL,
    service character varying(50) NOT NULL,
    message text NOT NULL,
    status character varying(20) NOT NULL,
    created_at timestamp with time zone NOT NULL,
    updated_at timestamp with time zone NOT NULL,
    admin_notes text,
    assigned_to character varying(100),
    budget character varying(100),
    company character varying(100),
    ip_address inet,
    source character varying(200),
    tariff character varying(100),
    user_agent text,
    website character varying(200),
    website_honeypot character varying(255)
);


ALTER TABLE public.core_contactrequest OWNER TO boldrise_admin;

--
-- Name: core_contactrequest_id_seq; Type: SEQUENCE; Schema: public; Owner: boldrise_admin
--

ALTER TABLE public.core_contactrequest ALTER COLUMN id ADD GENERATED BY DEFAULT AS IDENTITY (
    SEQUENCE NAME public.core_contactrequest_id_seq
    START WITH 1
    INCREMENT BY 1
    NO MINVALUE
    NO MAXVALUE
    CACHE 1
);


--
-- Name: core_expertise; Type: TABLE; Schema: public; Owner: boldrise_admin
--

CREATE TABLE public.core_expertise (
    id bigint NOT NULL,
    name character varying(100) NOT NULL,
    slug character varying(50) NOT NULL
);


ALTER TABLE public.core_expertise OWNER TO boldrise_admin;

--
-- Name: core_expertise_id_seq; Type: SEQUENCE; Schema: public; Owner: boldrise_admin
--

ALTER TABLE public.core_expertise ALTER COLUMN id ADD GENERATED BY DEFAULT AS IDENTITY (
    SEQUENCE NAME public.core_expertise_id_seq
    START WITH 1
    INCREMENT BY 1
    NO MINVALUE
    NO MAXVALUE
    CACHE 1
);


--
-- Name: core_newsletter; Type: TABLE; Schema: public; Owner: boldrise_admin
--

CREATE TABLE public.core_newsletter (
    id bigint NOT NULL,
    email character varying(254) NOT NULL,
    is_active boolean NOT NULL,
    created_at timestamp with time zone NOT NULL
);


ALTER TABLE public.core_newsletter OWNER TO boldrise_admin;

--
-- Name: core_newsletter_id_seq; Type: SEQUENCE; Schema: public; Owner: boldrise_admin
--

ALTER TABLE public.core_newsletter ALTER COLUMN id ADD GENERATED BY DEFAULT AS IDENTITY (
    SEQUENCE NAME public.core_newsletter_id_seq
    START WITH 1
    INCREMENT BY 1
    NO MINVALUE
    NO MAXVALUE
    CACHE 1
);


--
-- Name: core_profile; Type: TABLE; Schema: public; Owner: boldrise_admin
--

CREATE TABLE public.core_profile (
    id bigint NOT NULL,
    photo character varying(100),
    bio text,
    "position" character varying(100),
    company character varying(100),
    linkedin_url character varying(200),
    twitter_url character varying(200),
    github_url character varying(200),
    website_url character varying(200),
    years_experience integer NOT NULL,
    user_id integer NOT NULL,
    CONSTRAINT core_profile_years_experience_check CHECK ((years_experience >= 0))
);


ALTER TABLE public.core_profile OWNER TO boldrise_admin;

--
-- Name: core_profile_expertise; Type: TABLE; Schema: public; Owner: boldrise_admin
--

CREATE TABLE public.core_profile_expertise (
    id bigint NOT NULL,
    profile_id bigint NOT NULL,
    expertise_id bigint NOT NULL
);


ALTER TABLE public.core_profile_expertise OWNER TO boldrise_admin;

--
-- Name: core_profile_expertise_id_seq; Type: SEQUENCE; Schema: public; Owner: boldrise_admin
--

ALTER TABLE public.core_profile_expertise ALTER COLUMN id ADD GENERATED BY DEFAULT AS IDENTITY (
    SEQUENCE NAME public.core_profile_expertise_id_seq
    START WITH 1
    INCREMENT BY 1
    NO MINVALUE
    NO MAXVALUE
    CACHE 1
);


--
-- Name: core_profile_id_seq; Type: SEQUENCE; Schema: public; Owner: boldrise_admin
--

ALTER TABLE public.core_profile ALTER COLUMN id ADD GENERATED BY DEFAULT AS IDENTITY (
    SEQUENCE NAME public.core_profile_id_seq
    START WITH 1
    INCREMENT BY 1
    NO MINVALUE
    NO MAXVALUE
    CACHE 1
);


--
-- Name: core_tag; Type: TABLE; Schema: public; Owner: boldrise_admin
--

CREATE TABLE public.core_tag (
    id bigint NOT NULL,
    name character varying(50) NOT NULL,
    slug character varying(50) NOT NULL
);


ALTER TABLE public.core_tag OWNER TO boldrise_admin;

--
-- Name: core_tag_id_seq; Type: SEQUENCE; Schema: public; Owner: boldrise_admin
--

ALTER TABLE public.core_tag ALTER COLUMN id ADD GENERATED BY DEFAULT AS IDENTITY (
    SEQUENCE NAME public.core_tag_id_seq
    START WITH 1
    INCREMENT BY 1
    NO MINVALUE
    NO MAXVALUE
    CACHE 1
);


--
-- Name: django_admin_log; Type: TABLE; Schema: public; Owner: boldrise_admin
--

CREATE TABLE public.django_admin_log (
    id integer NOT NULL,
    action_time timestamp with time zone NOT NULL,
    object_id text,
    object_repr character varying(200) NOT NULL,
    action_flag smallint NOT NULL,
    change_message text NOT NULL,
    content_type_id integer,
    user_id integer NOT NULL,
    CONSTRAINT django_admin_log_action_flag_check CHECK ((action_flag >= 0))
);


ALTER TABLE public.django_admin_log OWNER TO boldrise_admin;

--
-- Name: django_admin_log_id_seq; Type: SEQUENCE; Schema: public; Owner: boldrise_admin
--

ALTER TABLE public.django_admin_log ALTER COLUMN id ADD GENERATED BY DEFAULT AS IDENTITY (
    SEQUENCE NAME public.django_admin_log_id_seq
    START WITH 1
    INCREMENT BY 1
    NO MINVALUE
    NO MAXVALUE
    CACHE 1
);


--
-- Name: django_content_type; Type: TABLE; Schema: public; Owner: boldrise_admin
--

CREATE TABLE public.django_content_type (
    id integer NOT NULL,
    app_label character varying(100) NOT NULL,
    model character varying(100) NOT NULL
);


ALTER TABLE public.django_content_type OWNER TO boldrise_admin;

--
-- Name: django_content_type_id_seq; Type: SEQUENCE; Schema: public; Owner: boldrise_admin
--

ALTER TABLE public.django_content_type ALTER COLUMN id ADD GENERATED BY DEFAULT AS IDENTITY (
    SEQUENCE NAME public.django_content_type_id_seq
    START WITH 1
    INCREMENT BY 1
    NO MINVALUE
    NO MAXVALUE
    CACHE 1
);


--
-- Name: django_migrations; Type: TABLE; Schema: public; Owner: boldrise_admin
--

CREATE TABLE public.django_migrations (
    id bigint NOT NULL,
    app character varying(255) NOT NULL,
    name character varying(255) NOT NULL,
    applied timestamp with time zone NOT NULL
);


ALTER TABLE public.django_migrations OWNER TO boldrise_admin;

--
-- Name: django_migrations_id_seq; Type: SEQUENCE; Schema: public; Owner: boldrise_admin
--

ALTER TABLE public.django_migrations ALTER COLUMN id ADD GENERATED BY DEFAULT AS IDENTITY (
    SEQUENCE NAME public.django_migrations_id_seq
    START WITH 1
    INCREMENT BY 1
    NO MINVALUE
    NO MAXVALUE
    CACHE 1
);


--
-- Name: django_session; Type: TABLE; Schema: public; Owner: boldrise_admin
--

CREATE TABLE public.django_session (
    session_key character varying(40) NOT NULL,
    session_data text NOT NULL,
    expire_date timestamp with time zone NOT NULL
);


ALTER TABLE public.django_session OWNER TO boldrise_admin;

--
-- Name: services_faq; Type: TABLE; Schema: public; Owner: boldrise_admin
--

CREATE TABLE public.services_faq (
    id bigint NOT NULL,
    question character varying(500) NOT NULL,
    answer text NOT NULL,
    is_common boolean NOT NULL,
    "order" integer NOT NULL,
    service_id bigint,
    CONSTRAINT services_faq_order_check CHECK (("order" >= 0))
);


ALTER TABLE public.services_faq OWNER TO boldrise_admin;

--
-- Name: services_faq_id_seq; Type: SEQUENCE; Schema: public; Owner: boldrise_admin
--

ALTER TABLE public.services_faq ALTER COLUMN id ADD GENERATED BY DEFAULT AS IDENTITY (
    SEQUENCE NAME public.services_faq_id_seq
    START WITH 1
    INCREMENT BY 1
    NO MINVALUE
    NO MAXVALUE
    CACHE 1
);


--
-- Name: services_service; Type: TABLE; Schema: public; Owner: boldrise_admin
--

CREATE TABLE public.services_service (
    id bigint NOT NULL,
    name character varying(100) NOT NULL,
    slug character varying(100) NOT NULL,
    title character varying(200) NOT NULL,
    description text NOT NULL,
    full_description text NOT NULL,
    icon_svg text NOT NULL,
    icon character varying(500) NOT NULL,
    image character varying(100) NOT NULL,
    is_active boolean NOT NULL,
    is_featured boolean NOT NULL,
    meta_title character varying(200) NOT NULL,
    meta_description text NOT NULL,
    "order" integer NOT NULL,
    created_at timestamp with time zone NOT NULL,
    updated_at timestamp with time zone NOT NULL,
    benefits_subtitle text NOT NULL,
    benefits_title character varying(200) NOT NULL,
    cases_subtitle text NOT NULL,
    cases_title character varying(200) NOT NULL,
    contact_email character varying(254) NOT NULL,
    contact_phone character varying(100) NOT NULL,
    contact_subtitle text NOT NULL,
    contact_title character varying(200) NOT NULL,
    explanation_subtitle text NOT NULL,
    explanation_title character varying(200) NOT NULL,
    faq_subtitle text NOT NULL,
    faq_title character varying(200) NOT NULL,
    hero_description text NOT NULL,
    hero_image character varying(100) NOT NULL,
    hero_title character varying(200) NOT NULL,
    partners_subtitle text NOT NULL,
    partners_title character varying(200) NOT NULL,
    pricing_subtitle text NOT NULL,
    pricing_title character varying(200) NOT NULL,
    process_subtitle text NOT NULL,
    process_title character varying(200) NOT NULL,
    services_subtitle text NOT NULL,
    services_title character varying(200) NOT NULL,
    CONSTRAINT services_service_order_check CHECK (("order" >= 0))
);


ALTER TABLE public.services_service OWNER TO boldrise_admin;

--
-- Name: services_service_id_seq; Type: SEQUENCE; Schema: public; Owner: boldrise_admin
--

ALTER TABLE public.services_service ALTER COLUMN id ADD GENERATED BY DEFAULT AS IDENTITY (
    SEQUENCE NAME public.services_service_id_seq
    START WITH 1
    INCREMENT BY 1
    NO MINVALUE
    NO MAXVALUE
    CACHE 1
);


--
-- Name: services_servicebenefit; Type: TABLE; Schema: public; Owner: boldrise_admin
--

CREATE TABLE public.services_servicebenefit (
    id bigint NOT NULL,
    title character varying(200) NOT NULL,
    description text NOT NULL,
    icon character varying(500) NOT NULL,
    "order" integer NOT NULL,
    service_id bigint NOT NULL,
    CONSTRAINT services_servicebenefit_order_check CHECK (("order" >= 0))
);


ALTER TABLE public.services_servicebenefit OWNER TO boldrise_admin;

--
-- Name: services_servicebenefit_id_seq; Type: SEQUENCE; Schema: public; Owner: boldrise_admin
--

ALTER TABLE public.services_servicebenefit ALTER COLUMN id ADD GENERATED BY DEFAULT AS IDENTITY (
    SEQUENCE NAME public.services_servicebenefit_id_seq
    START WITH 1
    INCREMENT BY 1
    NO MINVALUE
    NO MAXVALUE
    CACHE 1
);


--
-- Name: services_servicecase; Type: TABLE; Schema: public; Owner: boldrise_admin
--

CREATE TABLE public.services_servicecase (
    id bigint NOT NULL,
    title character varying(200) NOT NULL,
    description text NOT NULL,
    image character varying(100) NOT NULL,
    category character varying(100) NOT NULL,
    result character varying(100) NOT NULL,
    link character varying(200) NOT NULL,
    "order" integer NOT NULL,
    service_id bigint NOT NULL,
    CONSTRAINT services_servicecase_order_check CHECK (("order" >= 0))
);


ALTER TABLE public.services_servicecase OWNER TO boldrise_admin;

--
-- Name: services_servicecase_id_seq; Type: SEQUENCE; Schema: public; Owner: boldrise_admin
--

ALTER TABLE public.services_servicecase ALTER COLUMN id ADD GENERATED BY DEFAULT AS IDENTITY (
    SEQUENCE NAME public.services_servicecase_id_seq
    START WITH 1
    INCREMENT BY 1
    NO MINVALUE
    NO MAXVALUE
    CACHE 1
);


--
-- Name: services_servicedetail; Type: TABLE; Schema: public; Owner: boldrise_admin
--

CREATE TABLE public.services_servicedetail (
    id bigint NOT NULL,
    title character varying(200) NOT NULL,
    description text NOT NULL,
    icon_svg text NOT NULL,
    "order" integer NOT NULL,
    service_id bigint NOT NULL,
    CONSTRAINT services_servicedetail_order_check CHECK (("order" >= 0))
);


ALTER TABLE public.services_servicedetail OWNER TO boldrise_admin;

--
-- Name: services_servicedetail_id_seq; Type: SEQUENCE; Schema: public; Owner: boldrise_admin
--

ALTER TABLE public.services_servicedetail ALTER COLUMN id ADD GENERATED BY DEFAULT AS IDENTITY (
    SEQUENCE NAME public.services_servicedetail_id_seq
    START WITH 1
    INCREMENT BY 1
    NO MINVALUE
    NO MAXVALUE
    CACHE 1
);


--
-- Name: services_servicedetailitem; Type: TABLE; Schema: public; Owner: boldrise_admin
--

CREATE TABLE public.services_servicedetailitem (
    id bigint NOT NULL,
    text character varying(200) NOT NULL,
    "order" integer NOT NULL,
    detail_id bigint NOT NULL,
    CONSTRAINT services_servicedetailitem_order_check CHECK (("order" >= 0))
);


ALTER TABLE public.services_servicedetailitem OWNER TO boldrise_admin;

--
-- Name: services_servicedetailitem_id_seq; Type: SEQUENCE; Schema: public; Owner: boldrise_admin
--

ALTER TABLE public.services_servicedetailitem ALTER COLUMN id ADD GENERATED BY DEFAULT AS IDENTITY (
    SEQUENCE NAME public.services_servicedetailitem_id_seq
    START WITH 1
    INCREMENT BY 1
    NO MINVALUE
    NO MAXVALUE
    CACHE 1
);


--
-- Name: services_serviceexplanation; Type: TABLE; Schema: public; Owner: boldrise_admin
--

CREATE TABLE public.services_serviceexplanation (
    id bigint NOT NULL,
    title character varying(200) NOT NULL,
    description text NOT NULL,
    icon_svg text NOT NULL,
    "order" integer NOT NULL,
    service_id bigint NOT NULL,
    CONSTRAINT services_serviceexplanation_order_check CHECK (("order" >= 0))
);


ALTER TABLE public.services_serviceexplanation OWNER TO boldrise_admin;

--
-- Name: services_serviceexplanation_id_seq; Type: SEQUENCE; Schema: public; Owner: boldrise_admin
--

ALTER TABLE public.services_serviceexplanation ALTER COLUMN id ADD GENERATED BY DEFAULT AS IDENTITY (
    SEQUENCE NAME public.services_serviceexplanation_id_seq
    START WITH 1
    INCREMENT BY 1
    NO MINVALUE
    NO MAXVALUE
    CACHE 1
);


--
-- Name: services_servicefeature; Type: TABLE; Schema: public; Owner: boldrise_admin
--

CREATE TABLE public.services_servicefeature (
    id bigint NOT NULL,
    title character varying(200) NOT NULL,
    "order" integer NOT NULL,
    service_id bigint NOT NULL,
    CONSTRAINT services_servicefeature_order_check CHECK (("order" >= 0))
);


ALTER TABLE public.services_servicefeature OWNER TO boldrise_admin;

--
-- Name: services_servicefeature_id_seq; Type: SEQUENCE; Schema: public; Owner: boldrise_admin
--

ALTER TABLE public.services_servicefeature ALTER COLUMN id ADD GENERATED BY DEFAULT AS IDENTITY (
    SEQUENCE NAME public.services_servicefeature_id_seq
    START WITH 1
    INCREMENT BY 1
    NO MINVALUE
    NO MAXVALUE
    CACHE 1
);


--
-- Name: services_servicepartner; Type: TABLE; Schema: public; Owner: boldrise_admin
--

CREATE TABLE public.services_servicepartner (
    id bigint NOT NULL,
    name character varying(100) NOT NULL,
    logo character varying(100) NOT NULL,
    link character varying(200) NOT NULL,
    is_common boolean NOT NULL,
    "order" integer NOT NULL,
    service_id bigint,
    CONSTRAINT services_servicepartner_order_check CHECK (("order" >= 0))
);


ALTER TABLE public.services_servicepartner OWNER TO boldrise_admin;

--
-- Name: services_servicepartner_id_seq; Type: SEQUENCE; Schema: public; Owner: boldrise_admin
--

ALTER TABLE public.services_servicepartner ALTER COLUMN id ADD GENERATED BY DEFAULT AS IDENTITY (
    SEQUENCE NAME public.services_servicepartner_id_seq
    START WITH 1
    INCREMENT BY 1
    NO MINVALUE
    NO MAXVALUE
    CACHE 1
);


--
-- Name: services_servicepricing; Type: TABLE; Schema: public; Owner: boldrise_admin
--

CREATE TABLE public.services_servicepricing (
    id bigint NOT NULL,
    title character varying(100) NOT NULL,
    price character varying(100) NOT NULL,
    period character varying(50) NOT NULL,
    description character varying(200) NOT NULL,
    badge character varying(100) NOT NULL,
    "order" integer NOT NULL,
    service_id bigint NOT NULL,
    CONSTRAINT services_servicepricing_order_check CHECK (("order" >= 0))
);


ALTER TABLE public.services_servicepricing OWNER TO boldrise_admin;

--
-- Name: services_servicepricing_id_seq; Type: SEQUENCE; Schema: public; Owner: boldrise_admin
--

ALTER TABLE public.services_servicepricing ALTER COLUMN id ADD GENERATED BY DEFAULT AS IDENTITY (
    SEQUENCE NAME public.services_servicepricing_id_seq
    START WITH 1
    INCREMENT BY 1
    NO MINVALUE
    NO MAXVALUE
    CACHE 1
);


--
-- Name: services_servicepricingfeature; Type: TABLE; Schema: public; Owner: boldrise_admin
--

CREATE TABLE public.services_servicepricingfeature (
    id bigint NOT NULL,
    text character varying(200) NOT NULL,
    "order" integer NOT NULL,
    pricing_id bigint NOT NULL,
    CONSTRAINT services_servicepricingfeature_order_check CHECK (("order" >= 0))
);


ALTER TABLE public.services_servicepricingfeature OWNER TO boldrise_admin;

--
-- Name: services_servicepricingfeature_id_seq; Type: SEQUENCE; Schema: public; Owner: boldrise_admin
--

ALTER TABLE public.services_servicepricingfeature ALTER COLUMN id ADD GENERATED BY DEFAULT AS IDENTITY (
    SEQUENCE NAME public.services_servicepricingfeature_id_seq
    START WITH 1
    INCREMENT BY 1
    NO MINVALUE
    NO MAXVALUE
    CACHE 1
);


--
-- Name: services_serviceprocess; Type: TABLE; Schema: public; Owner: boldrise_admin
--

CREATE TABLE public.services_serviceprocess (
    id bigint NOT NULL,
    title character varying(200) NOT NULL,
    description text NOT NULL,
    icon character varying(500) NOT NULL,
    "order" integer NOT NULL,
    service_id bigint NOT NULL,
    CONSTRAINT services_serviceprocess_order_check CHECK (("order" >= 0))
);


ALTER TABLE public.services_serviceprocess OWNER TO boldrise_admin;

--
-- Name: services_serviceprocess_id_seq; Type: SEQUENCE; Schema: public; Owner: boldrise_admin
--

ALTER TABLE public.services_serviceprocess ALTER COLUMN id ADD GENERATED BY DEFAULT AS IDENTITY (
    SEQUENCE NAME public.services_serviceprocess_id_seq
    START WITH 1
    INCREMENT BY 1
    NO MINVALUE
    NO MAXVALUE
    CACHE 1
);


--
-- Name: testimonials_testimonial; Type: TABLE; Schema: public; Owner: boldrise_admin
--

CREATE TABLE public.testimonials_testimonial (
    id bigint NOT NULL,
    name character varying(100) NOT NULL,
    "position" character varying(100) NOT NULL,
    company character varying(100) NOT NULL,
    content text NOT NULL,
    rating smallint NOT NULL,
    photo character varying(100),
    is_published boolean NOT NULL,
    is_featured boolean NOT NULL,
    "order" integer NOT NULL,
    CONSTRAINT testimonials_testimonial_order_check CHECK (("order" >= 0)),
    CONSTRAINT testimonials_testimonial_rating_check CHECK ((rating >= 0))
);


ALTER TABLE public.testimonials_testimonial OWNER TO boldrise_admin;

--
-- Name: testimonials_testimonial_id_seq; Type: SEQUENCE; Schema: public; Owner: boldrise_admin
--

ALTER TABLE public.testimonials_testimonial ALTER COLUMN id ADD GENERATED BY DEFAULT AS IDENTITY (
    SEQUENCE NAME public.testimonials_testimonial_id_seq
    START WITH 1
    INCREMENT BY 1
    NO MINVALUE
    NO MAXVALUE
    CACHE 1
);


--
-- Data for Name: auth_group; Type: TABLE DATA; Schema: public; Owner: boldrise_admin
--

COPY public.auth_group (id, name) FROM stdin;
\.


--
-- Data for Name: auth_group_permissions; Type: TABLE DATA; Schema: public; Owner: boldrise_admin
--

COPY public.auth_group_permissions (id, group_id, permission_id) FROM stdin;
\.


--
-- Data for Name: auth_permission; Type: TABLE DATA; Schema: public; Owner: boldrise_admin
--

COPY public.auth_permission (id, name, content_type_id, codename) FROM stdin;
1	Can add log entry	1	add_logentry
2	Can change log entry	1	change_logentry
3	Can delete log entry	1	delete_logentry
4	Can view log entry	1	view_logentry
5	Can add permission	2	add_permission
6	Can change permission	2	change_permission
7	Can delete permission	2	delete_permission
8	Can view permission	2	view_permission
9	Can add group	3	add_group
10	Can change group	3	change_group
11	Can delete group	3	delete_group
12	Can view group	3	view_group
13	Can add user	4	add_user
14	Can change user	4	change_user
15	Can delete user	4	delete_user
16	Can view user	4	view_user
17	Can add content type	5	add_contenttype
18	Can change content type	5	change_contenttype
19	Can delete content type	5	delete_contenttype
20	Can view content type	5	view_contenttype
21	Can add session	6	add_session
22	Can change session	6	change_session
23	Can delete session	6	delete_session
24	Can view session	6	view_session
25	Can add Категория	7	add_category
26	Can change Категория	7	change_category
27	Can delete Категория	7	delete_category
28	Can view Категория	7	view_category
29	Can add Заявка	8	add_contactrequest
30	Can change Заявка	8	change_contactrequest
31	Can delete Заявка	8	delete_contactrequest
32	Can view Заявка	8	view_contactrequest
33	Can add Область экспертизы	9	add_expertise
34	Can change Область экспертизы	9	change_expertise
35	Can delete Область экспертизы	9	delete_expertise
36	Can view Область экспертизы	9	view_expertise
37	Can add Тег	10	add_tag
38	Can change Тег	10	change_tag
39	Can delete Тег	10	delete_tag
40	Can view Тег	10	view_tag
41	Can add Профиль	11	add_profile
42	Can change Профиль	11	change_profile
43	Can delete Профиль	11	delete_profile
44	Can view Профиль	11	view_profile
45	Can add Статья	12	add_post
46	Can change Статья	12	change_post
47	Can delete Статья	12	delete_post
48	Can view Статья	12	view_post
49	Can add Комментарий	13	add_comment
50	Can change Комментарий	13	change_comment
51	Can delete Комментарий	13	delete_comment
52	Can view Комментарий	13	view_comment
53	Can add Кейс	14	add_case
54	Can change Кейс	14	change_case
55	Can delete Кейс	14	delete_case
56	Can view Кейс	14	view_case
57	Can add Изображение кейса	15	add_caseimage
58	Can change Изображение кейса	15	change_caseimage
59	Can delete Изображение кейса	15	delete_caseimage
60	Can view Изображение кейса	15	view_caseimage
61	Can add Заявка	16	add_contactrequest
62	Can change Заявка	16	change_contactrequest
63	Can delete Заявка	16	delete_contactrequest
64	Can view Заявка	16	view_contactrequest
65	Can add Услуга	17	add_service
66	Can change Услуга	17	change_service
67	Can delete Услуга	17	delete_service
68	Can view Услуга	17	view_service
69	Can add FAQ	18	add_faq
70	Can change FAQ	18	change_faq
71	Can delete FAQ	18	delete_faq
72	Can view FAQ	18	view_faq
73	Can add Преимущество услуги	19	add_servicebenefit
74	Can change Преимущество услуги	19	change_servicebenefit
75	Can delete Преимущество услуги	19	delete_servicebenefit
76	Can view Преимущество услуги	19	view_servicebenefit
77	Can add Особенность услуги	20	add_servicefeature
78	Can change Особенность услуги	20	change_servicefeature
79	Can delete Особенность услуги	20	delete_servicefeature
80	Can view Особенность услуги	20	view_servicefeature
81	Can add Этап процесса	21	add_serviceprocess
82	Can change Этап процесса	21	change_serviceprocess
83	Can delete Этап процесса	21	delete_serviceprocess
84	Can view Этап процесса	21	view_serviceprocess
85	Can add Отзыв	22	add_testimonial
86	Can change Отзыв	22	change_testimonial
87	Can delete Отзыв	22	delete_testimonial
88	Can view Отзыв	22	view_testimonial
89	Can add Кейс	23	add_servicecase
90	Can change Кейс	23	change_servicecase
91	Can delete Кейс	23	delete_servicecase
92	Can view Кейс	23	view_servicecase
93	Can add Детальная услуга	24	add_servicedetail
94	Can change Детальная услуга	24	change_servicedetail
95	Can delete Детальная услуга	24	delete_servicedetail
96	Can view Детальная услуга	24	view_servicedetail
97	Can add Пункт детальной услуги	25	add_servicedetailitem
98	Can change Пункт детальной услуги	25	change_servicedetailitem
99	Can delete Пункт детальной услуги	25	delete_servicedetailitem
100	Can view Пункт детальной услуги	25	view_servicedetailitem
101	Can add Блок объяснения	26	add_serviceexplanation
102	Can change Блок объяснения	26	change_serviceexplanation
103	Can delete Блок объяснения	26	delete_serviceexplanation
104	Can view Блок объяснения	26	view_serviceexplanation
105	Can add Партнер	27	add_servicepartner
106	Can change Партнер	27	change_servicepartner
107	Can delete Партнер	27	delete_servicepartner
108	Can view Партнер	27	view_servicepartner
109	Can add Тариф	28	add_servicepricing
110	Can change Тариф	28	change_servicepricing
111	Can delete Тариф	28	delete_servicepricing
112	Can view Тариф	28	view_servicepricing
113	Can add Функция тарифа	29	add_servicepricingfeature
114	Can change Функция тарифа	29	change_servicepricingfeature
115	Can delete Функция тарифа	29	delete_servicepricingfeature
116	Can view Функция тарифа	29	view_servicepricingfeature
117	Can add Подписчик рассылки	30	add_newsletter
118	Can change Подписчик рассылки	30	change_newsletter
119	Can delete Подписчик рассылки	30	delete_newsletter
120	Can view Подписчик рассылки	30	view_newsletter
\.


--
-- Data for Name: auth_user; Type: TABLE DATA; Schema: public; Owner: boldrise_admin
--

COPY public.auth_user (id, password, last_login, is_superuser, username, first_name, last_name, email, is_staff, is_active, date_joined) FROM stdin;
2	pbkdf2_sha256$390000$CrNvZAWtM4kMdAU5qS5pDw$Jv3klExzz0Kc9X+X+PpQZ/u7W7MU7jOl0fdfXp9T/lA=	2024-01-01 15:00:00+03	f	maria	Мария	Петрова	maria@example.com	t	t	2024-01-01 15:00:00+03
3	pbkdf2_sha256$390000$CrNvZAWtM4kMdAU5qS5pDw$Jv3klExzz0Kc9X+X+PpQZ/u7W7MU7jOl0fdfXp9T/lA=	2024-01-01 15:00:00+03	f	elena	Елена	Соколова	elena@example.com	t	t	2024-01-01 15:00:00+03
1	pbkdf2_sha256$870000$1bpBoi3vsAh2ywjzlKqpLj$hYNKWod73FSbJ1n1wp9xnoUQ0GrX39C+qtsThtp68sY=	2024-01-01 15:00:00+03	t	admin	Алексей	Иванов	admin@example.com	t	t	2024-01-01 15:00:00+03
4	pbkdf2_sha256$870000$qRduPt2J5b5uFt2MZ9sRsi$lGcRjW55igcXWnWwWIsn+C7EJzzeSi0Hi2VcmtP/bco=	2025-05-27 22:09:02.062768+03	t	igorantonov				t	t	2025-04-12 13:12:59.693769+03
\.


--
-- Data for Name: auth_user_groups; Type: TABLE DATA; Schema: public; Owner: boldrise_admin
--

COPY public.auth_user_groups (id, user_id, group_id) FROM stdin;
\.


--
-- Data for Name: auth_user_user_permissions; Type: TABLE DATA; Schema: public; Owner: boldrise_admin
--

COPY public.auth_user_user_permissions (id, user_id, permission_id) FROM stdin;
\.


--
-- Data for Name: blog_comment; Type: TABLE DATA; Schema: public; Owner: boldrise_admin
--

COPY public.blog_comment (id, name, email, content, created_at, is_approved, post_id) FROM stdin;
\.


--
-- Data for Name: blog_post; Type: TABLE DATA; Schema: public; Owner: boldrise_admin
--

COPY public.blog_post (id, title, slug, preview_text, content, created_at, updated_at, is_published, featured_image, meta_title, meta_description, is_featured, author_id, category_id) FROM stdin;
1	Email-маркетинг в 2025: как повысить открываемость и конверсию	kak-povysit-otkryvaemost-email	Разберемся, какие техники и инструменты помогут вашим письмам выделиться и принести результат.	Email-маркетинг в 2025: как повысить открываемость и конверсию\r\nВ эпоху цифровой трансформации email-маркетинг остается одним из самых эффективных каналов коммуникации с аудиторией. Однако к 2025 году правила игры изменились: искусственный интеллект, гиперперсонализация и интерактивность стали не просто трендами, а обязательными элементами успешных кампаний. Разберемся, какие техники и инструменты помогут вашим письмам выделиться и принести результат.\r\n\r\n1. Тренды 2025: что изменилось?\r\nAI-оптимизация контента: Алгоритмы на базе искусственного интеллекта анализируют поведение пользователей и автоматически генерируют заголовки, тексты и CTA. Например, сервисы вроде Phrasee или Persado используют нейросети, чтобы увеличить открываемость на 20-30%.\r\n\r\nAMP для email: Технология Accelerated Mobile Pages позволяет внедрять в письма интерактивные элементы — формы бронирования, карусели товаров или даже мини-игры. Так, бренд ASOS использует AMP, чтобы клиенты могли добавлять товары в корзину прямо из письма, что повысило конверсию на 15%.\r\n\r\nГолосовая адаптация: 40% пользователей проверяют почту через умные колонки. Краткие, структурированные тексты с ключевыми фразами («акция», «скидка», «эксклюзив») лучше воспринимаются на слух.\r\n\r\n2. Инструменты и техники для прорыва\r\nГиперперсонализация\r\nСегментация аудитории ушла на новый уровень: теперь письма формируются на основе данных из CRM, соцсетей и даже IoT-устройств. Пример: Starbucks рассылает предложения о кофе, учитывая погоду в городе получателя.\r\n\r\nДинамический контент\r\nВместо статичных шаблонов — адаптивные блоки, которые меняются в зависимости от поведения пользователя. Например, сервис Netflix отправляет подборки фильмов, основываясь на истории просмотров.\r\n\r\nАвтоматизация с предсказательной аналитикой\r\nПлатформы вроде HubSpot или SendPredict анализируют, когда пользователь чаще всего открывает письма, и автоматически выбирают оптимальное время отправки. Тест для бренда Nike показал рост открываемости на 25% при использовании таких инструментов.\r\n\r\n3. Как избежать спама и улучшить доставляемость\r\nАутентификация писем: Настройка SPF, DKIM и DMARC — обязательный минимум. Компания Zara после внедрения DMARC сократила процент попадания в спам на 40%.\r\n\r\nМикровзаимодействия: Добавьте в письма кнопки «Нет, спасибо» или «Настроить рассылку». Это снижает количество жалоб и повышает лояльность.\r\n\r\nСоблюдение GDPR и CCPA: Яркие чек-боксы и прозрачная политика подписки критически важны.\r\n\r\n4. Аналитика и тестирование\r\nA/B-тесты для всего: Тестируйте не только заголовки, но и время отправки, цвет кнопок и даже эмодзи. Например, бренд Sephora увеличил CTR на 10%, заменив красную кнопку на оранжевую.\r\n\r\nHeatmap для email: Сервисы вроде Litmus показывают, на какие элементы письма пользователи обращают внимание.\r\n\r\n5. Кейсы успеха\r\nSpotify: Их рассылка «Ваш год в музыке» использует персонализированные плейлисты и данные прослушиваний, что дает 65% открываемости.\r\n\r\nAmazon: AI-рекомендации товаров в письмах приносят 35% конверсии благодаря динамическому контенту.\r\n\r\nВ 2025 году email-маркетинг — это симбиоз технологий и креатива. Внедряйте AI, экспериментируйте с интерактивностью и не забывайте о доверии аудитории. Помните: даже самое продвинутое письмо не сработает, если оно не решает проблему пользователя. Начните с малого — проанализируйте данные, сегментируйте базу и тестируйте гипотезы. Результат не заставит себя ждать.\r\n\r\nP.S. Что попробовать уже сегодня? Запустите AMP-письмо с формой обратной связи или подключите AI-сервис для генерации заголовков. Делитесь вашими экспериментами в комментариях!	2025-04-12 13:22:13+03	2025-04-12 13:32:31.219764+03	t	blog/blog-email-povishaemost-otkryvaemosty.png	Email-маркетинг в 2025: как повысить открываемость и конверсию с помощью AI и интерактивности	В 2025 году email-маркетинг стал умнее и динамичнее. Узнайте, как AI, гиперперсонализация и AMP-письма увеличивают открываемость и конверсию. Разбираем актуальные инструменты, работающие стратегии и реальные кейсы брендов. Читайте и внедряйте!	t	1	1
2	10 SEO-трендов 2025 года, которые нельзя игнорировать	10-seo-trendov-kotorye-nelzya-ignorirovat	В 2025 году поисковая оптимизация переживает радикальные изменения, связанные с развитием ИИ, новыми форматами поиска и растущими требованиями к пользовательскому опыту.	В 2025 году поисковая оптимизация переживает радикальные изменения, связанные с развитием ИИ, новыми форматами поиска и растущими требованиями к пользовательскому опыту. Вот ключевые тренды, которые определяют успех SEO-стратегий.\r\n1. Глубокий анализ поискового интента\r\nПоисковые системы стали лучше понимать контекст запросов. Теперь недостаточно просто использовать ключевые слова — контент должен точно соответствовать намерениям пользователей. Например, запрос «лучший ноутбук» может требовать сравнения моделей, а не обзора истории брендов.\r\n\r\nИспользуйте инструменты вроде Google’s «People Also Ask» для анализа вопросов аудитории 1.\r\n\r\nСоздавайте контент в форматах, которые решают проблему: гайды, чек-листы, видеоинструкции 211.\r\n\r\n2. Борьба за Zero-Click поиски\r\nОтветы в AI Overviews (Google) и «Нейро» (Яндекс) сокращают переходы на сайты. Чтобы остаться в выдаче:\r\n\r\nОптимизируйте контент под структурированные сниппеты через schema-разметку 111.\r\n\r\nИспользуйте формат «вопрос-ответ» и четкие подзаголовки 4.\r\n\r\nФокусируйтесь на уникальных данных, которые ИИ не может сгенерировать самостоятельно 49.\r\n\r\n3. ИИ как помощник и угроза\r\nНейросети ускоряют анализ данных и генерацию контента, но их массовое применение привело к ужесточению фильтров:\r\n\r\nGoogle пессимизирует сайты с шаблонным AI-контентом 9.\r\n\r\nИспользуйте ИИ для рутинных задач (сбор семантики, идеи для статей), но финальную редактуру доверяйте экспертам 47.\r\n\r\n4. Мобильная оптимизация как базис\r\nДоля мобильного трафика превышает 70%, а Google использует mobile-first индексацию. Критически важны:\r\n\r\nСкорость загрузки (оптимизация изображений, минимизация кода) 26.\r\n\r\nАдаптивный дизайн без «нарезки» десктопной версии 2.\r\n\r\n5. Голосовой поиск: разговорный стиль\r\n40% запросов совершаются через голосовых помощников. Для адаптации:\r\n\r\nВнедряйте длинные ключевые фразы («как приготовить лазанью за 30 минут») 611.\r\n\r\nСоздавайте FAQ-разделы с естественными формулировками 11.\r\n\r\n6. Видеоконтент и SEO-синергия\r\nВидео повышает вовлеченность и ранжирование:\r\n\r\nДобавляйте субтитры и транскрипты для индексации 11.\r\n\r\nИспользуйте YouTube как поисковую платформу, оптимизируя описания и теги 11.\r\n\r\n7. Локальное SEO: геотаргетинг 2.0\r\nАлгоритмы точнее определяют локацию пользователей. Действия:\r\n\r\nОбновите информацию в Google Business Profile и Яндекс.Справочнике 211.\r\n\r\nСоздавайте контент с упоминанием городов («кофейни в Москве») 9.\r\n\r\n8. E-E-A-T: экспертиза как валюта\r\nGoogle и Яндекс требуют подтверждения опыта авторов. Решения:\r\n\r\nПубликуйте кейсы с реальными данными и автобиографии экспертов 111.\r\n\r\nПривлекайте отраслевых лидеров к созданию контента 9.\r\n\r\n9. Диверсификация трафика\r\nСоцсети (TikTok, Reddit) и маркетплейсы конкурируют с традиционным поиском:\r\n\r\nРазмещайте экспертные статьи на Reddit и Quora 5.\r\n\r\nОптимизируйте карточки товаров на маркетплейсах под внутренний поиск 9.\r\n\r\n10. UX как фактор ранжирования\r\nGoogle учитывает поведенческие метрики (время на сайте, глубина прокрутки). Улучшайте:\r\n\r\nНавигацию (не более 3 кликов до целевой страницы) 2.\r\n\r\nЧитаемость текстов (короткие абзацы, инфографика) 11.\r\n\r\nSEO в 2025 году требует баланса между технологиями и человекоориентированным подходом. Ключевые приоритеты — глубокая аналитика интента, адаптация к AI-поиску и создание экспертного контента. Компании, которые внедрят эти тренды, смогут не только удержать позиции, но и увеличить органический трафик в условиях растущей конкуренции.	2025-04-12 13:32:40+03	2025-04-12 13:37:01.108192+03	t	blog/seo-blog-10-factor.png	SEO в 2025: 10 ключевых трендов для роста трафика	Какие изменения в SEO ждут нас в 2025 году? Разбираем 10 главных трендов: от AI-поиска до голосового SEO. Узнайте, как адаптировать стратегию, чтобы остаться в топе выдачи и обойти конкурентов.	t	1	2
3	Как построить эффективную стратегию продвижения в социальных сетях: Пошаговое руководство	poshagovoe-rukovodstvo-smm	<p>Разбираем, как создать SMM-план, который принесет результат.</p>	<p>Социальные сети &mdash; это не просто площадка для общения, а мощный инструмент для увеличения продаж и укрепления лояльности аудитории. Однако хаотичные публикации и рекламные баннеры не работают. Нужна четкая стратегия, основанная на данных, целях и глубоком понимании ЦА. Разбираем, как создать SMM-план, который принесет результат.</p>\r\n<h2>Шаг 1. Постановка целей: Что вы хотите получить?</h2>\r\n<p>Без конкретных целей стратегия превратится в набор случайных действий. Используйте метод SMART: Примеры целей:</p>\r\n<ul>\r\n<li>Увеличить продажи на 25% через Instagram за 6 месяцев.</li>\r\n<li>Повысить узнаваемость бренда: рост упоминаний в соцсетях на 40% к концу года.</li>\r\n<li>Привлечь 10 000 подписчиков в Telegram-канал за 3 месяца.</li>\r\n</ul>\r\n<h2>Шаг 2. Анализ целевой аудитории: Кто ваши клиенты?</h2>\r\n<p>Определите:</p>\r\n<ul>\r\n<li>Демография: возраст, пол, геолокация.</li>\r\n<li>Интересы: какие сообщества посещают, какой контент лайкают.</li>\r\n<li>Проблемы: какие боли решает ваш продукт.</li>\r\n</ul>\r\n<p>Инструменты для анализа:</p>\r\n<ul>\r\n<li>Социологические опросы (Google Forms, Typeform).&nbsp;</li>\r\n<li>Аналитика соцсетей (Instagram Insights, Facebook Audience Insights).</li>\r\n<li>Сервисы вроде Brand Analytics (Яндекс) или SparkToro.</li>\r\n</ul>\r\n<h2>Шаг 3. Выбор платформ: Где &laquo;живет&raquo; ваша аудитория?</h2>\r\n<p>Не пытайтесь охватить все сети. Сфокусируйтесь на 2-3 ключевых:</p>\r\n<ul>\r\n<li>B2B:&nbsp;LinkedIn, Twitter, Telegram.</li>\r\n<li>B2C: Instagram, TikTok, Facebook.</li>\r\n<li>Нишевые проекты: Pinterest (товары для творчества), Reddit (технологии).</li>\r\n</ul>\r\n<h2>Шаг 4. Контент-стратегия: О чем говорить с аудиторией?</h2>\r\n<p>Правило 80/20: 80% полезного контента, 20% продаж. Форматы, которые работали в 2024 также будут работать и в 2025:</p>\r\n<ul>\r\n<li>Видео: короткие ролики (Reels, TikTok), обучающие вебинары.</li>\r\n<li>UGC (User Generated Content): отзывы клиентов, конкурсы.</li>\r\n<li>Интерактив: опросы, тесты, Q&amp;A-сессии.</li>\r\n<li>Экспертный контент: кейсы, чек-листы, инфографика.</li>\r\n</ul>\r\n<p>Пример контент-плана для Instagram:</p>\r\n<ol>\r\n<li>Понедельник: Образовательный пост (лайфхаки).</li>\r\n<li>Среда: Видеоотзыв клиента.</li>\r\n<li>Пятница: Акция с розыгрышем.</li>\r\n<li>Воскресенье: Прямой эфир с ответами на вопросы.</li>\r\n</ol>\r\n<h2>Шаг 5. Инструменты для автоматизации и аналитики</h2>\r\n<ol>\r\n<li>Планирование публикаций: Hootsuite, Buffer, SMMPlanner.</li>\r\n<li>Дизайн: Canva, Figma, Adobe Express.</li>\r\n<li>Аналитика: Яндекс Метрика, социальные Insights, NapoleonCat.</li>\r\n<li>Мониторинг упоминаний: Brand24, YouScan.</li>\r\n</ol>\r\n<h2>Шаг 6. Реклама в соцсетях: Как настроить таргетинг</h2>\r\n<p>Даже органический трафик требует поддержки рекламой.</p>\r\n<p>Советы по запуску кампаний:</p>\r\n<ul>\r\n<li>Сегментируйте аудиторию (например, &laquo;женщины 25-34 лет, интересующиеся ЗОЖ&raquo;).</li>\r\n<li>Тестируйте разные креативы: видео vs. картинки, эмоциональные vs. рациональные призывы.</li>\r\n<li>Используйте ретаргетинг для тех, кто посещал сайт, но не купил.</li>\r\n<li>Оптимальные бюджеты для старта: $100&ndash;300 в месяц на тестирование гипотез.</li>\r\n</ul>\r\n<h2>Шаг 7. Оценка эффективности: Какие метрики отслеживать?</h2>\r\n<ul>\r\n<li>Вовлеченность: ER (Engagement Rate) = (Лайки + Комментарии + Репосты) / Подписчики &times; 100%.</li>\r\n<li>Конверсии: CTR (кликабельность ссылок), стоимость лида (CPL).</li>\r\n<li>Продажи: ROAS (Return on Ad Spend) = Доход от рекламы / Затраты на рекламу.</li>\r\n<li>Важно: Корректируйте стратегию каждые 2&ndash;3 месяца на основе данных.</li>\r\n</ul>\r\n<blockquote></blockquote>\r\n<p>Кейс: Как локальный кофешоп увеличил продажи через Instagram</p>\r\n<blockquote>\r\n<ul>\r\n<li>Цель: +30% к выручке за 4 месяца.</li>\r\n<li>Аудитория: женщины 25&ndash;45 лет, ценящие экологичность.</li>\r\n<li>Контент: Видео с процессом обжарки зерен. Конкурс репостов с хештегом #МойИдеальныйКофе. Stories с опросом &laquo;Какой новый сорт вы хотите?&raquo;.</li>\r\n<li>Результат: Рост подписчиков на 120%. Продажи выросли на 45%.</li>\r\n</ul>\r\n</blockquote>\r\n<blockquote></blockquote>\r\n<p>Эффективная SMM-стратегия &mdash; это не только креатив, но и система. Начните с анализа аудитории, выберите подходящие каналы, создавайте контент, который решает проблемы клиентов, и постоянно тестируйте гипотезы. Используйте автоматизацию, чтобы экономить время, а метрики &mdash; чтобы принимать решения на основе данных.</p>\r\n<p>Главный секрет: Соцсети любят диалог. Отвечайте на комментарии, задавайте вопросы, поддерживайте обратную связь &mdash; так вы превратите подписчиков в лояльных клиентов.</p>	2025-04-12 13:38:16+03	2025-04-12 14:56:27.154473+03	t	blog/smm-blog-strategy.png	Как разработать SMM-стратегию, которая увеличит продажи	<p>Хотите, чтобы соцсети приносили клиентов? В этом руководстве &mdash; пошаговый план создания SMM-стратегии: от анализа аудитории до контент-плана и рекламы. Разбираем инструменты, метрики и работающие фишки для бизнеса любого масштаба.</p>	t	1	3
\.


--
-- Data for Name: blog_post_tags; Type: TABLE DATA; Schema: public; Owner: boldrise_admin
--

COPY public.blog_post_tags (id, post_id, tag_id) FROM stdin;
1	1	1
2	1	2
3	2	2
4	2	3
5	3	2
6	3	4
\.


--
-- Data for Name: cases_case; Type: TABLE DATA; Schema: public; Owner: boldrise_admin
--

COPY public.cases_case (id, title, slug, short_description, client, content, result, featured_image, created_at, is_published, meta_title, meta_description, is_featured) FROM stdin;
1	SEO-продвижение интернет-магазина косметики	seo-prodvizhenie-internet-magazina-kosmetiki	<p><span>Увеличение органического трафика и рост продаж за счёт комплексного SEO.</span></p>	Lumi Beauty	<ul>\r\n<li>\r\n<p>Аудит сайта, исправление технических ошибок.</p>\r\n</li>\r\n<li>\r\n<p>Оптимизация структуры и метатегов.</p>\r\n</li>\r\n<li>\r\n<p>Создание SEO-контента (блог, карточки товаров).</p>\r\n</li>\r\n<li>\r\n<p>Наращивание ссылочной массы.</p>\r\n</li>\r\n<li>\r\n<p>Локализация под региональные запросы.</p>\r\n</li>\r\n</ul>	Рост трафика +240%	cases/seo-case-kosmetika.png	2025-04-12 14:57:55+03	t	SEO-продвижение интернет-магазина косметики – кейс Lumi Beauty	<p><span>Как мы увеличили трафик на 240% и вывели интернет-магазин косметики в ТОП Google. Реальные цифры и стратегия продвижения.</span></p>	t
\.


--
-- Data for Name: cases_case_categories; Type: TABLE DATA; Schema: public; Owner: boldrise_admin
--

COPY public.cases_case_categories (id, case_id, category_id) FROM stdin;
1	1	2
\.


--
-- Data for Name: cases_case_services; Type: TABLE DATA; Schema: public; Owner: boldrise_admin
--

COPY public.cases_case_services (id, case_id, service_id) FROM stdin;
\.


--
-- Data for Name: cases_caseimage; Type: TABLE DATA; Schema: public; Owner: boldrise_admin
--

COPY public.cases_caseimage (id, image, title, "order", case_id) FROM stdin;
\.


--
-- Data for Name: core_category; Type: TABLE DATA; Schema: public; Owner: boldrise_admin
--

COPY public.core_category (id, name, slug, description) FROM stdin;
1	Email-маркетинг	email-marketing	Всё об эффективных email-кампаниях: от основ до продвинутых техник. Гайды по повышению открываемости и конверсии, разборы современных трендов, кейсы успешных рассылок и советы по выбору сервисов
2	SEO	seo	Всё о поисковой оптимизации: свежие алгоритмы Google и Яндекса, работа с трафиком, SEO-аналитика и прогнозы. Практические руководства, кейсы и разборы трендов для маркетологов, владельцев бизнеса и веб-мастеров.
3	SMM	smm	Всё о SMM: стратегии продвижения, тренды соцсетей, работа с контентом и таргетированной рекламой. Практические кейсы, инструкции и лайфхаки для привлечения клиентов через Facebook, Instagram, TikTok и другие платформы.
\.


--
-- Data for Name: core_contactrequest; Type: TABLE DATA; Schema: public; Owner: boldrise_admin
--

COPY public.core_contactrequest (id, name, email, phone, service, message, status, created_at, updated_at, admin_notes, assigned_to, budget, company, ip_address, source, tariff, user_agent, website, website_honeypot) FROM stdin;
1	Игорь Александрович Антонов	homyaga@gmail.com	+79217404123	smm	dasfdsafasdfaf	new	2025-04-26 22:52:30.30136+03	2025-04-26 22:52:30.301379+03	\N	\N	\N	\N	\N	\N	\N	\N	\N	\N
2	Игорь Александрович Антонов	homyaga@gmail.com	+79217404123	content	12123123ывфывфывф	new	2025-04-26 22:58:28.230436+03	2025-04-26 22:58:28.230456+03	\N	\N	\N	\N	\N	\N	\N	\N	\N	\N
3	Василич	e002kx78@gmail.com	+72222222222	seo	смотри какую хуйню сделал	new	2025-04-26 23:00:33.811513+03	2025-04-26 23:00:33.81153+03	\N	\N	\N	\N	\N	\N	\N	\N	\N	\N
4	Игорь Антонов	homyaga@gmail.com	+79217404123	seo	проверка попапа	new	2025-04-26 23:06:59.668804+03	2025-04-26 23:06:59.668831+03	\N	\N	\N	\N	\N	\N	\N	\N	\N	\N
5	Игорь Антонов	homyaga@gmail.com	+79217404123	ppc	проверка попапа 2	new	2025-04-26 23:13:37.342086+03	2025-04-26 23:13:37.342107+03	\N	\N	\N	\N	\N	\N	\N	\N	\N	\N
6	Игорь Александрович Антонов	homyaga@gmail.com	+79217404123	smm	лтьбтьбтбьтбьтб	new	2025-04-27 20:59:21.471363+03	2025-04-27 20:59:21.47138+03	\N	\N	100000-300000	TechStore	\N	home	\N	\N	\N	\N
7	Игорь Александрович Антонов	homyaga@gmail.com	+79217404123	smm	лтьбтьбтбьтбьтб	new	2025-04-27 20:59:24.661539+03	2025-04-27 20:59:24.661567+03	\N	\N	100000-300000	TechStore	\N	home	\N	\N	\N	\N
8	Игорь	homyaga@gmail.com	+79217404123	seo	тест кнопки	new	2025-04-27 21:05:35.52898+03	2025-04-27 21:05:35.528993+03	\N	\N	50000-100000	ООО Какие Люди	\N	home	\N	\N	\N	\N
9	Игорь Антонов	homyaga@gmail.com	+79217404123	ppc	sdfsdfsf	new	2025-04-27 21:08:50.602989+03	2025-04-27 21:08:50.603005+03	\N	\N	300000-500000	TechStore	\N	home	\N	\N	\N	\N
10	Игорь Александрович Антонов	homyaga@gmail.com	+79217404123	smm	ячсясячсячс	new	2025-04-27 21:19:24.018278+03	2025-04-27 21:19:24.018314+03	\N	\N	100000-300000	TechStore	\N	home	\N	\N	\N	\N
11	Игорь Александрович Антонов	homyaga@gmail.com	+79217404123	email	12313123123123	new	2025-04-27 21:22:56.030327+03	2025-04-27 21:22:56.030351+03	\N	\N	100000-300000	TechStore	\N	home	\N	\N	\N	\N
12	Игорь Александрович Антонов	homyaga@gmail.com	+79217404123	smm	редирект и алерт	new	2025-04-27 21:27:21.734008+03	2025-04-27 21:27:21.734032+03	\N	\N	300000-500000	FashionStore	\N	home	\N	\N	\N	\N
\.


--
-- Data for Name: core_expertise; Type: TABLE DATA; Schema: public; Owner: boldrise_admin
--

COPY public.core_expertise (id, name, slug) FROM stdin;
\.


--
-- Data for Name: core_newsletter; Type: TABLE DATA; Schema: public; Owner: boldrise_admin
--

COPY public.core_newsletter (id, email, is_active, created_at) FROM stdin;
12	homyaga@gmail.com	t	2025-04-27 21:32:14.07733+03
\.


--
-- Data for Name: core_profile; Type: TABLE DATA; Schema: public; Owner: boldrise_admin
--

COPY public.core_profile (id, photo, bio, "position", company, linkedin_url, twitter_url, github_url, website_url, years_experience, user_id) FROM stdin;
4		\N	\N	\N	\N	\N	\N	\N	0	2
5		\N	\N	\N	\N	\N	\N	\N	0	3
1		\N	\N	\N	\N	\N	\N	\N	0	1
6		\N	\N	\N	\N	\N	\N	\N	0	4
\.


--
-- Data for Name: core_profile_expertise; Type: TABLE DATA; Schema: public; Owner: boldrise_admin
--

COPY public.core_profile_expertise (id, profile_id, expertise_id) FROM stdin;
\.


--
-- Data for Name: core_tag; Type: TABLE DATA; Schema: public; Owner: boldrise_admin
--

COPY public.core_tag (id, name, slug) FROM stdin;
1	Email	email
2	Гайды	gajdy
3	SEO	seo
4	SMM	smm
\.


--
-- Data for Name: django_admin_log; Type: TABLE DATA; Schema: public; Owner: boldrise_admin
--

COPY public.django_admin_log (id, action_time, object_id, object_repr, action_flag, change_message, content_type_id, user_id) FROM stdin;
1	2025-04-12 13:17:21.559217+03	1	Отзыв от Алексей Иванов, TechStore	1	[{"added": {}}]	22	4
2	2025-04-12 13:18:27.417224+03	2	Отзыв от Мария Петрова, FashionStore	1	[{"added": {}}]	22	4
3	2025-04-12 13:19:29.423378+03	3	Отзыв от Сергей Смирнов, BeautySalon	1	[{"added": {}}]	22	4
4	2025-04-12 13:28:02.039947+03	1	Email-маркетинг	1	[{"added": {}}]	7	4
5	2025-04-12 13:28:25.52286+03	1	Email	1	[{"added": {}}]	10	4
6	2025-04-12 13:28:45.153819+03	2	Гайды	1	[{"added": {}}]	10	4
7	2025-04-12 13:30:06.540859+03	1	Email-маркетинг в 2025: как повысить открываемость и конверсию	1	[{"added": {}}]	12	4
8	2025-04-12 13:32:31.22408+03	1	Email-маркетинг в 2025: как повысить открываемость и конверсию	2	[{"changed": {"fields": ["URL"]}}]	12	4
9	2025-04-12 13:35:55.666783+03	2	SEO	1	[{"added": {}}]	7	4
10	2025-04-12 13:36:00.41863+03	3	SEO	1	[{"added": {}}]	10	4
11	2025-04-12 13:36:57.142829+03	2	10 SEO-трендов 2025 года, которые нельзя игнорировать	1	[{"added": {}}]	12	4
12	2025-04-12 13:37:01.110264+03	2	10 SEO-трендов 2025 года, которые нельзя игнорировать	2	[{"changed": {"fields": ["\\u041e\\u043f\\u0443\\u0431\\u043b\\u0438\\u043a\\u043e\\u0432\\u0430\\u043d\\u043e", "\\u041e\\u0442\\u043e\\u0431\\u0440\\u0430\\u0436\\u0430\\u0442\\u044c \\u043d\\u0430 \\u0433\\u043b\\u0430\\u0432\\u043d\\u043e\\u0439"]}}]	12	4
13	2025-04-12 13:42:05.832209+03	3	SMM	1	[{"added": {}}]	7	4
14	2025-04-12 13:42:12.279089+03	4	SMM	1	[{"added": {}}]	10	4
15	2025-04-12 13:43:03.240732+03	3	Как построить эффективную стратегию продвижения в социальных сетях: Пошаговое руководство	1	[{"added": {}}]	12	4
16	2025-04-12 13:43:06.821008+03	3	Как построить эффективную стратегию продвижения в социальных сетях: Пошаговое руководство	2	[{"changed": {"fields": ["\\u041e\\u043f\\u0443\\u0431\\u043b\\u0438\\u043a\\u043e\\u0432\\u0430\\u043d\\u043e", "\\u041e\\u0442\\u043e\\u0431\\u0440\\u0430\\u0436\\u0430\\u0442\\u044c \\u043d\\u0430 \\u0433\\u043b\\u0430\\u0432\\u043d\\u043e\\u0439"]}}]	12	4
17	2025-04-12 14:12:41.134574+03	3	Как построить эффективную стратегию продвижения в социальных сетях: Пошаговое руководство	2	[{"changed": {"fields": ["\\u041a\\u0440\\u0430\\u0442\\u043a\\u043e\\u0435 \\u043e\\u043f\\u0438\\u0441\\u0430\\u043d\\u0438\\u0435", "content", "SEO \\u043e\\u043f\\u0438\\u0441\\u0430\\u043d\\u0438\\u0435"]}}]	12	4
18	2025-04-12 14:16:15.621272+03	3	Как построить эффективную стратегию продвижения в социальных сетях: Пошаговое руководство	2	[{"changed": {"fields": ["content"]}}]	12	4
19	2025-04-12 14:17:27.906579+03	3	Как построить эффективную стратегию продвижения в социальных сетях: Пошаговое руководство	2	[{"changed": {"fields": ["content"]}}]	12	4
20	2025-04-12 14:18:27.494142+03	3	Как построить эффективную стратегию продвижения в социальных сетях: Пошаговое руководство	2	[{"changed": {"fields": ["content"]}}]	12	4
21	2025-04-12 14:19:31.040663+03	3	Как построить эффективную стратегию продвижения в социальных сетях: Пошаговое руководство	2	[{"changed": {"fields": ["content"]}}]	12	4
22	2025-04-12 14:21:21.518029+03	3	Как построить эффективную стратегию продвижения в социальных сетях: Пошаговое руководство	2	[{"changed": {"fields": ["content"]}}]	12	4
23	2025-04-12 14:22:18.73883+03	3	Как построить эффективную стратегию продвижения в социальных сетях: Пошаговое руководство	2	[{"changed": {"fields": ["content"]}}]	12	4
24	2025-04-12 14:56:27.157927+03	3	Как построить эффективную стратегию продвижения в социальных сетях: Пошаговое руководство	2	[]	12	4
25	2025-04-12 15:09:28.086449+03	1	SEO-продвижение интернет-магазина косметики	1	[{"added": {}}]	14	4
26	2025-04-12 15:11:02.361777+03	1	SEO-продвижение интернет-магазина косметики	2	[{"changed": {"fields": ["\\u0420\\u0435\\u0437\\u0443\\u043b\\u044c\\u0442\\u0430\\u0442"]}}]	14	4
27	2025-04-12 15:11:51.015187+03	1	SEO-продвижение интернет-магазина косметики	2	[{"changed": {"fields": ["\\u0420\\u0435\\u0437\\u0443\\u043b\\u044c\\u0442\\u0430\\u0442"]}}]	14	4
28	2025-04-12 19:04:49.307101+03	1	seo	2	[{"changed": {"fields": ["\\u041a\\u0440\\u0430\\u0442\\u043a\\u043e\\u0435 \\u043e\\u043f\\u0438\\u0441\\u0430\\u043d\\u0438\\u0435", "Meta Description"]}}, {"changed": {"name": "\\u041f\\u0440\\u0435\\u0438\\u043c\\u0443\\u0449\\u0435\\u0441\\u0442\\u0432\\u043e \\u0443\\u0441\\u043b\\u0443\\u0433\\u0438", "object": "\\u041f\\u0440\\u043e\\u0432\\u0435\\u0440\\u0435\\u043d\\u043d\\u044b\\u0435 \\u0441\\u0442\\u0440\\u0430\\u0442\\u0435\\u0433\\u0438\\u0438 (seo)", "fields": ["\\u041e\\u043f\\u0438\\u0441\\u0430\\u043d\\u0438\\u0435"]}}, {"changed": {"name": "\\u041f\\u0440\\u0435\\u0438\\u043c\\u0443\\u0449\\u0435\\u0441\\u0442\\u0432\\u043e \\u0443\\u0441\\u043b\\u0443\\u0433\\u0438", "object": "\\u0418\\u043d\\u0434\\u0438\\u0432\\u0438\\u0434\\u0443\\u0430\\u043b\\u044c\\u043d\\u044b\\u0439 \\u043f\\u043e\\u0434\\u0445\\u043e\\u0434 (seo)", "fields": ["\\u041e\\u043f\\u0438\\u0441\\u0430\\u043d\\u0438\\u0435"]}}, {"changed": {"name": "\\u041f\\u0440\\u0435\\u0438\\u043c\\u0443\\u0449\\u0435\\u0441\\u0442\\u0432\\u043e \\u0443\\u0441\\u043b\\u0443\\u0433\\u0438", "object": "\\u0411\\u044b\\u0441\\u0442\\u0440\\u044b\\u0435 \\u0440\\u0435\\u0437\\u0443\\u043b\\u044c\\u0442\\u0430\\u0442\\u044b (seo)", "fields": ["\\u041e\\u043f\\u0438\\u0441\\u0430\\u043d\\u0438\\u0435"]}}, {"changed": {"name": "\\u041f\\u0440\\u0435\\u0438\\u043c\\u0443\\u0449\\u0435\\u0441\\u0442\\u0432\\u043e \\u0443\\u0441\\u043b\\u0443\\u0433\\u0438", "object": "\\u041f\\u0440\\u043e\\u0437\\u0440\\u0430\\u0447\\u043d\\u0430\\u044f \\u043e\\u0442\\u0447\\u0435\\u0442\\u043d\\u043e\\u0441\\u0442\\u044c (seo)", "fields": ["\\u041e\\u043f\\u0438\\u0441\\u0430\\u043d\\u0438\\u0435"]}}, {"added": {"name": "FAQ", "object": "\\u0421\\u043a\\u043e\\u043b\\u044c\\u043a\\u043e \\u0432\\u0440\\u0435\\u043c\\u0435\\u043d\\u0438 \\u0437\\u0430\\u043d\\u0438\\u043c\\u0430\\u0435\\u0442 \\u043f\\u043e\\u043b\\u0443\\u0447\\u0435\\u043d\\u0438\\u0435 \\u0440\\u0435\\u0437\\u0443\\u043b\\u044c\\u0442\\u0430\\u0442\\u043e\\u0432 SEO?"}}, {"added": {"name": "FAQ", "object": "\\u041c\\u043e\\u0436\\u043d\\u043e \\u043b\\u0438 \\u0433\\u0430\\u0440\\u0430\\u043d\\u0442\\u0438\\u0440\\u043e\\u0432\\u0430\\u0442\\u044c \\u0440\\u0435\\u0437\\u0443\\u043b\\u044c\\u0442\\u0430\\u0442\\u044b SEO \\u043f\\u0440\\u043e\\u0434\\u0432\\u0438\\u0436\\u0435\\u043d\\u0438\\u044f?"}}]	17	4
29	2025-04-12 19:09:04.63736+03	1	seo	2	[{"added": {"name": "FAQ", "object": "\\u0414\\u043b\\u044f \\u043a\\u0430\\u043a\\u0438\\u0445 \\u0441\\u0430\\u0439\\u0442\\u043e\\u0432 \\u043f\\u043e\\u0434\\u0445\\u043e\\u0434\\u0438\\u0442 SEO \\u043f\\u0440\\u043e\\u0434\\u0432\\u0438\\u0436\\u0435\\u043d\\u0438\\u0435?"}}]	17	4
30	2025-04-12 19:09:54.425394+03	1	seo	2	[{"added": {"name": "FAQ", "object": "\\u0427\\u0435\\u043c SEO \\u043e\\u0442\\u043b\\u0438\\u0447\\u0430\\u0435\\u0442\\u0441\\u044f \\u043e\\u0442 \\u043a\\u043e\\u043d\\u0442\\u0435\\u043a\\u0441\\u0442\\u043d\\u043e\\u0439 \\u0440\\u0435\\u043a\\u043b\\u0430\\u043c\\u044b?"}}]	17	4
31	2025-04-12 19:10:36.941366+03	1	seo	2	[{"added": {"name": "FAQ", "object": "\\u041a\\u0430\\u043a\\u0438\\u0435 \\u043e\\u0442\\u0447\\u0435\\u0442\\u044b \\u043e SEO \\u043f\\u0440\\u043e\\u0434\\u0432\\u0438\\u0436\\u0435\\u043d\\u0438\\u0438 \\u0432\\u044b \\u043f\\u0440\\u0435\\u0434\\u043e\\u0441\\u0442\\u0430\\u0432\\u043b\\u044f\\u0435\\u0442\\u0435?"}}]	17	4
32	2025-04-12 19:24:21.873914+03	1	seo	2	[{"changed": {"fields": ["\\u041a\\u0440\\u0430\\u0442\\u043a\\u043e\\u0435 \\u043e\\u043f\\u0438\\u0441\\u0430\\u043d\\u0438\\u0435"]}}, {"added": {"name": "\\u041e\\u0441\\u043e\\u0431\\u0435\\u043d\\u043d\\u043e\\u0441\\u0442\\u044c \\u0443\\u0441\\u043b\\u0443\\u0433\\u0438", "object": "\\u043a\\u0430\\u043a\\u0430\\u044f \\u0442\\u043e \\u0445\\u0443\\u0439\\u043d\\u044f (seo)"}}]	17	4
33	2025-04-12 19:25:01.3313+03	1	seo	2	[{"deleted": {"name": "\\u041e\\u0441\\u043e\\u0431\\u0435\\u043d\\u043d\\u043e\\u0441\\u0442\\u044c \\u0443\\u0441\\u043b\\u0443\\u0433\\u0438", "object": "\\u043a\\u0430\\u043a\\u0430\\u044f \\u0442\\u043e \\u0445\\u0443\\u0439\\u043d\\u044f (seo)"}}]	17	4
80	2025-04-27 21:57:34.985522+03	16	Как быстро email-маркетинг начнет приносить результаты?	1	[{"added": {}}]	18	4
83	2025-04-27 21:58:30.521096+03	17	Как долго нужно заниматься контент-маркетингом, чтобы увидеть результаты?	2	[]	18	4
34	2025-04-12 19:29:28.990341+03	1	seo	2	[{"added": {"name": "\\u042d\\u0442\\u0430\\u043f \\u043f\\u0440\\u043e\\u0446\\u0435\\u0441\\u0441\\u0430", "object": "\\u0410\\u0443\\u0434\\u0438\\u0442 \\u0438 \\u0430\\u043d\\u0430\\u043b\\u0438\\u0437 (seo)"}}, {"added": {"name": "\\u042d\\u0442\\u0430\\u043f \\u043f\\u0440\\u043e\\u0446\\u0435\\u0441\\u0441\\u0430", "object": "\\u0420\\u0430\\u0437\\u0440\\u0430\\u0431\\u043e\\u0442\\u043a\\u0430 \\u0441\\u0442\\u0440\\u0430\\u0442\\u0435\\u0433\\u0438\\u0438 (seo)"}}, {"added": {"name": "\\u042d\\u0442\\u0430\\u043f \\u043f\\u0440\\u043e\\u0446\\u0435\\u0441\\u0441\\u0430", "object": "\\u0422\\u0435\\u0445\\u043d\\u0438\\u0447\\u0435\\u0441\\u043a\\u0430\\u044f \\u043e\\u043f\\u0442\\u0438\\u043c\\u0438\\u0437\\u0430\\u0446\\u0438\\u044f (seo)"}}, {"added": {"name": "\\u042d\\u0442\\u0430\\u043f \\u043f\\u0440\\u043e\\u0446\\u0435\\u0441\\u0441\\u0430", "object": "\\u041a\\u043e\\u043d\\u0442\\u0435\\u043d\\u0442\\u043d\\u0430\\u044f \\u043e\\u043f\\u0442\\u0438\\u043c\\u0438\\u0437\\u0430\\u0446\\u0438\\u044f (seo)"}}, {"added": {"name": "\\u042d\\u0442\\u0430\\u043f \\u043f\\u0440\\u043e\\u0446\\u0435\\u0441\\u0441\\u0430", "object": "\\u0412\\u043d\\u0435\\u0448\\u043d\\u044f\\u044f \\u043e\\u043f\\u0442\\u0438\\u043c\\u0438\\u0437\\u0430\\u0446\\u0438\\u044f (seo)"}}]	17	4
35	2025-04-12 20:54:16.713417+03	1	seo	2	[{"changed": {"fields": ["\\u041a\\u0440\\u0430\\u0442\\u043a\\u043e\\u0435 \\u043e\\u043f\\u0438\\u0441\\u0430\\u043d\\u0438\\u0435", "Meta Description", "\\u041e\\u043f\\u0438\\u0441\\u0430\\u043d\\u0438\\u0435 \\u0433\\u0435\\u0440\\u043e\\u0438\\u0447\\u0435\\u0441\\u043a\\u043e\\u0439 \\u0441\\u0435\\u043a\\u0446\\u0438\\u0438", "\\u041f\\u043e\\u0434\\u0437\\u0430\\u0433\\u043e\\u043b\\u043e\\u0432\\u043e\\u043a \\u0441\\u0435\\u043a\\u0446\\u0438\\u0438 \\"\\u0427\\u0442\\u043e \\u0442\\u0430\\u043a\\u043e\\u0435\\"", "\\u041f\\u043e\\u0434\\u0437\\u0430\\u0433\\u043e\\u043b\\u043e\\u0432\\u043e\\u043a \\u0441\\u0435\\u043a\\u0446\\u0438\\u0438 \\"\\u041a\\u0430\\u043a \\u043c\\u044b \\u0440\\u0430\\u0431\\u043e\\u0442\\u0430\\u0435\\u043c\\"", "\\u041f\\u043e\\u0434\\u0437\\u0430\\u0433\\u043e\\u043b\\u043e\\u0432\\u043e\\u043a \\u0441\\u0435\\u043a\\u0446\\u0438\\u0438 \\"\\u041d\\u0430\\u0448\\u0438 \\u0443\\u0441\\u043b\\u0443\\u0433\\u0438\\"", "\\u041f\\u043e\\u0434\\u0437\\u0430\\u0433\\u043e\\u043b\\u043e\\u0432\\u043e\\u043a \\u0441\\u0435\\u043a\\u0446\\u0438\\u0438 \\"\\u041f\\u0440\\u0435\\u0438\\u043c\\u0443\\u0449\\u0435\\u0441\\u0442\\u0432\\u0430\\"", "\\u041f\\u043e\\u0434\\u0437\\u0430\\u0433\\u043e\\u043b\\u043e\\u0432\\u043e\\u043a \\u0441\\u0435\\u043a\\u0446\\u0438\\u0438 \\"\\u041a\\u0435\\u0439\\u0441\\u044b\\"", "\\u041f\\u043e\\u0434\\u0437\\u0430\\u0433\\u043e\\u043b\\u043e\\u0432\\u043e\\u043a \\u0441\\u0435\\u043a\\u0446\\u0438\\u0438 \\"\\u0422\\u0430\\u0440\\u0438\\u0444\\u044b\\"", "\\u041f\\u043e\\u0434\\u0437\\u0430\\u0433\\u043e\\u043b\\u043e\\u0432\\u043e\\u043a \\u0441\\u0435\\u043a\\u0446\\u0438\\u0438 \\"\\u041f\\u0430\\u0440\\u0442\\u043d\\u0435\\u0440\\u044b\\"", "\\u041f\\u043e\\u0434\\u0437\\u0430\\u0433\\u043e\\u043b\\u043e\\u0432\\u043e\\u043a \\u0441\\u0435\\u043a\\u0446\\u0438\\u0438 \\"FAQ\\"", "\\u041f\\u043e\\u0434\\u0437\\u0430\\u0433\\u043e\\u043b\\u043e\\u0432\\u043e\\u043a \\u0441\\u0435\\u043a\\u0446\\u0438\\u0438 \\"\\u041a\\u043e\\u043d\\u0442\\u0430\\u043a\\u0442\\u044b\\""]}}, {"changed": {"name": "\\u042d\\u0442\\u0430\\u043f \\u043f\\u0440\\u043e\\u0446\\u0435\\u0441\\u0441\\u0430", "object": "\\u0410\\u0443\\u0434\\u0438\\u0442 \\u0438 \\u0430\\u043d\\u0430\\u043b\\u0438\\u0437 (seo)", "fields": ["\\u041f\\u043e\\u0440\\u044f\\u0434\\u043e\\u043a \\u043e\\u0442\\u043e\\u0431\\u0440\\u0430\\u0436\\u0435\\u043d\\u0438\\u044f"]}}, {"changed": {"name": "\\u042d\\u0442\\u0430\\u043f \\u043f\\u0440\\u043e\\u0446\\u0435\\u0441\\u0441\\u0430", "object": "\\u0420\\u0430\\u0437\\u0440\\u0430\\u0431\\u043e\\u0442\\u043a\\u0430 \\u0441\\u0442\\u0440\\u0430\\u0442\\u0435\\u0433\\u0438\\u0438 (seo)", "fields": ["\\u041f\\u043e\\u0440\\u044f\\u0434\\u043e\\u043a \\u043e\\u0442\\u043e\\u0431\\u0440\\u0430\\u0436\\u0435\\u043d\\u0438\\u044f"]}}, {"changed": {"name": "\\u042d\\u0442\\u0430\\u043f \\u043f\\u0440\\u043e\\u0446\\u0435\\u0441\\u0441\\u0430", "object": "\\u0422\\u0435\\u0445\\u043d\\u0438\\u0447\\u0435\\u0441\\u043a\\u0430\\u044f \\u043e\\u043f\\u0442\\u0438\\u043c\\u0438\\u0437\\u0430\\u0446\\u0438\\u044f (seo)", "fields": ["\\u041f\\u043e\\u0440\\u044f\\u0434\\u043e\\u043a \\u043e\\u0442\\u043e\\u0431\\u0440\\u0430\\u0436\\u0435\\u043d\\u0438\\u044f"]}}, {"changed": {"name": "\\u042d\\u0442\\u0430\\u043f \\u043f\\u0440\\u043e\\u0446\\u0435\\u0441\\u0441\\u0430", "object": "\\u041a\\u043e\\u043d\\u0442\\u0435\\u043d\\u0442\\u043d\\u0430\\u044f \\u043e\\u043f\\u0442\\u0438\\u043c\\u0438\\u0437\\u0430\\u0446\\u0438\\u044f (seo)", "fields": ["\\u041f\\u043e\\u0440\\u044f\\u0434\\u043e\\u043a \\u043e\\u0442\\u043e\\u0431\\u0440\\u0430\\u0436\\u0435\\u043d\\u0438\\u044f"]}}, {"changed": {"name": "\\u042d\\u0442\\u0430\\u043f \\u043f\\u0440\\u043e\\u0446\\u0435\\u0441\\u0441\\u0430", "object": "\\u0412\\u043d\\u0435\\u0448\\u043d\\u044f\\u044f \\u043e\\u043f\\u0442\\u0438\\u043c\\u0438\\u0437\\u0430\\u0446\\u0438\\u044f (seo)", "fields": ["\\u041f\\u043e\\u0440\\u044f\\u0434\\u043e\\u043a \\u043e\\u0442\\u043e\\u0431\\u0440\\u0430\\u0436\\u0435\\u043d\\u0438\\u044f"]}}, {"deleted": {"name": "\\u042d\\u0442\\u0430\\u043f \\u043f\\u0440\\u043e\\u0446\\u0435\\u0441\\u0441\\u0430", "object": "\\u0410\\u0443\\u0434\\u0438\\u0442 \\u0438 \\u0430\\u043d\\u0430\\u043b\\u0438\\u0437 (seo)"}}, {"deleted": {"name": "\\u042d\\u0442\\u0430\\u043f \\u043f\\u0440\\u043e\\u0446\\u0435\\u0441\\u0441\\u0430", "object": "\\u0420\\u0430\\u0437\\u0440\\u0430\\u0431\\u043e\\u0442\\u043a\\u0430 \\u0441\\u0442\\u0440\\u0430\\u0442\\u0435\\u0433\\u0438\\u0438 (seo)"}}, {"deleted": {"name": "\\u042d\\u0442\\u0430\\u043f \\u043f\\u0440\\u043e\\u0446\\u0435\\u0441\\u0441\\u0430", "object": "\\u0422\\u0435\\u0445\\u043d\\u0438\\u0447\\u0435\\u0441\\u043a\\u0430\\u044f \\u043e\\u043f\\u0442\\u0438\\u043c\\u0438\\u0437\\u0430\\u0446\\u0438\\u044f (seo)"}}, {"deleted": {"name": "\\u042d\\u0442\\u0430\\u043f \\u043f\\u0440\\u043e\\u0446\\u0435\\u0441\\u0441\\u0430", "object": "\\u041a\\u043e\\u043d\\u0442\\u0435\\u043d\\u0442\\u043d\\u0430\\u044f \\u043e\\u043f\\u0442\\u0438\\u043c\\u0438\\u0437\\u0430\\u0446\\u0438\\u044f (seo)"}}, {"deleted": {"name": "\\u042d\\u0442\\u0430\\u043f \\u043f\\u0440\\u043e\\u0446\\u0435\\u0441\\u0441\\u0430", "object": "\\u0412\\u043d\\u0435\\u0448\\u043d\\u044f\\u044f \\u043e\\u043f\\u0442\\u0438\\u043c\\u0438\\u0437\\u0430\\u0446\\u0438\\u044f (seo)"}}, {"changed": {"name": "FAQ", "object": "\\u041a\\u0430\\u043a \\u0431\\u044b\\u0441\\u0442\\u0440\\u043e \\u044f \\u0443\\u0432\\u0438\\u0436\\u0443 \\u0440\\u0435\\u0437\\u0443\\u043b\\u044c\\u0442\\u0430\\u0442\\u044b \\u043e\\u0442 SEO-\\u043f\\u0440\\u043e\\u0434\\u0432\\u0438\\u0436\\u0435\\u043d\\u0438\\u044f?", "fields": ["\\u041e\\u0442\\u0432\\u0435\\u0442"]}}, {"changed": {"name": "FAQ", "object": "\\u0414\\u043b\\u044f \\u043a\\u0430\\u043a\\u0438\\u0445 \\u0441\\u0430\\u0439\\u0442\\u043e\\u0432 \\u043f\\u043e\\u0434\\u0445\\u043e\\u0434\\u0438\\u0442 SEO-\\u043f\\u0440\\u043e\\u0434\\u0432\\u0438\\u0436\\u0435\\u043d\\u0438\\u0435?", "fields": ["\\u041e\\u0442\\u0432\\u0435\\u0442"]}}, {"changed": {"name": "FAQ", "object": "\\u0427\\u0435\\u043c SEO \\u043e\\u0442\\u043b\\u0438\\u0447\\u0430\\u0435\\u0442\\u0441\\u044f \\u043e\\u0442 \\u043a\\u043e\\u043d\\u0442\\u0435\\u043a\\u0441\\u0442\\u043d\\u043e\\u0439 \\u0440\\u0435\\u043a\\u043b\\u0430\\u043c\\u044b?", "fields": ["\\u041e\\u0442\\u0432\\u0435\\u0442"]}}, {"changed": {"name": "\\u0411\\u043b\\u043e\\u043a \\u043e\\u0431\\u044a\\u044f\\u0441\\u043d\\u0435\\u043d\\u0438\\u044f", "object": "\\u0414\\u043e\\u0441\\u0442\\u0443\\u043f\\u043d\\u0430\\u044f \\u0441\\u0442\\u043e\\u0438\\u043c\\u043e\\u0441\\u0442\\u044c (seo)", "fields": ["\\u041e\\u043f\\u0438\\u0441\\u0430\\u043d\\u0438\\u0435"]}}, {"changed": {"name": "\\u0411\\u043b\\u043e\\u043a \\u043e\\u0431\\u044a\\u044f\\u0441\\u043d\\u0435\\u043d\\u0438\\u044f", "object": "\\u0414\\u043e\\u043b\\u0433\\u043e\\u0441\\u0440\\u043e\\u0447\\u043d\\u044b\\u0439 \\u044d\\u0444\\u0444\\u0435\\u043a\\u0442 (seo)", "fields": ["\\u041e\\u043f\\u0438\\u0441\\u0430\\u043d\\u0438\\u0435"]}}, {"changed": {"name": "\\u0411\\u043b\\u043e\\u043a \\u043e\\u0431\\u044a\\u044f\\u0441\\u043d\\u0435\\u043d\\u0438\\u044f", "object": "\\u0426\\u0435\\u043b\\u0435\\u0432\\u0430\\u044f \\u0430\\u0443\\u0434\\u0438\\u0442\\u043e\\u0440\\u0438\\u044f (seo)", "fields": ["\\u041e\\u043f\\u0438\\u0441\\u0430\\u043d\\u0438\\u0435"]}}, {"changed": {"name": "\\u0411\\u043b\\u043e\\u043a \\u043e\\u0431\\u044a\\u044f\\u0441\\u043d\\u0435\\u043d\\u0438\\u044f", "object": "\\u041f\\u043e\\u0432\\u044b\\u0448\\u0435\\u043d\\u0438\\u0435 \\u0434\\u043e\\u0432\\u0435\\u0440\\u0438\\u044f (seo)", "fields": ["\\u041e\\u043f\\u0438\\u0441\\u0430\\u043d\\u0438\\u0435"]}}, {"changed": {"name": "\\u0411\\u043b\\u043e\\u043a \\u043e\\u0431\\u044a\\u044f\\u0441\\u043d\\u0435\\u043d\\u0438\\u044f", "object": "\\u0418\\u0437\\u043c\\u0435\\u0440\\u0438\\u043c\\u044b\\u0435 \\u0440\\u0435\\u0437\\u0443\\u043b\\u044c\\u0442\\u0430\\u0442\\u044b (seo)", "fields": ["\\u041e\\u043f\\u0438\\u0441\\u0430\\u043d\\u0438\\u0435"]}}, {"changed": {"name": "\\u0411\\u043b\\u043e\\u043a \\u043e\\u0431\\u044a\\u044f\\u0441\\u043d\\u0435\\u043d\\u0438\\u044f", "object": "\\u0413\\u043b\\u043e\\u0431\\u0430\\u043b\\u044c\\u043d\\u044b\\u0439 \\u043e\\u0445\\u0432\\u0430\\u0442 (seo)", "fields": ["\\u041e\\u043f\\u0438\\u0441\\u0430\\u043d\\u0438\\u0435"]}}, {"changed": {"name": "\\u0414\\u0435\\u0442\\u0430\\u043b\\u044c\\u043d\\u0430\\u044f \\u0443\\u0441\\u043b\\u0443\\u0433\\u0430", "object": "SEO-\\u0430\\u0443\\u0434\\u0438\\u0442 \\u0441\\u0430\\u0439\\u0442\\u0430 (seo)", "fields": ["\\u041e\\u043f\\u0438\\u0441\\u0430\\u043d\\u0438\\u0435"]}}, {"changed": {"name": "\\u0414\\u0435\\u0442\\u0430\\u043b\\u044c\\u043d\\u0430\\u044f \\u0443\\u0441\\u043b\\u0443\\u0433\\u0430", "object": "\\u0421\\u0435\\u043c\\u0430\\u043d\\u0442\\u0438\\u0447\\u0435\\u0441\\u043a\\u043e\\u0435 \\u044f\\u0434\\u0440\\u043e (seo)", "fields": ["\\u041e\\u043f\\u0438\\u0441\\u0430\\u043d\\u0438\\u0435"]}}, {"changed": {"name": "\\u0414\\u0435\\u0442\\u0430\\u043b\\u044c\\u043d\\u0430\\u044f \\u0443\\u0441\\u043b\\u0443\\u0433\\u0430", "object": "\\u0422\\u0435\\u0445\\u043d\\u0438\\u0447\\u0435\\u0441\\u043a\\u0430\\u044f \\u043e\\u043f\\u0442\\u0438\\u043c\\u0438\\u0437\\u0430\\u0446\\u0438\\u044f (seo)", "fields": ["\\u041e\\u043f\\u0438\\u0441\\u0430\\u043d\\u0438\\u0435"]}}, {"changed": {"name": "\\u0414\\u0435\\u0442\\u0430\\u043b\\u044c\\u043d\\u0430\\u044f \\u0443\\u0441\\u043b\\u0443\\u0433\\u0430", "object": "\\u041e\\u043f\\u0442\\u0438\\u043c\\u0438\\u0437\\u0430\\u0446\\u0438\\u044f \\u043a\\u043e\\u043d\\u0442\\u0435\\u043d\\u0442\\u0430 (seo)", "fields": ["\\u041e\\u043f\\u0438\\u0441\\u0430\\u043d\\u0438\\u0435"]}}, {"changed": {"name": "\\u0414\\u0435\\u0442\\u0430\\u043b\\u044c\\u043d\\u0430\\u044f \\u0443\\u0441\\u043b\\u0443\\u0433\\u0430", "object": "\\u0412\\u043d\\u0435\\u0448\\u043d\\u044f\\u044f \\u043e\\u043f\\u0442\\u0438\\u043c\\u0438\\u0437\\u0430\\u0446\\u0438\\u044f (seo)", "fields": ["\\u041e\\u043f\\u0438\\u0441\\u0430\\u043d\\u0438\\u0435"]}}, {"changed": {"name": "\\u0414\\u0435\\u0442\\u0430\\u043b\\u044c\\u043d\\u0430\\u044f \\u0443\\u0441\\u043b\\u0443\\u0433\\u0430", "object": "\\u041c\\u043e\\u043d\\u0438\\u0442\\u043e\\u0440\\u0438\\u043d\\u0433 \\u0438 \\u0430\\u043d\\u0430\\u043b\\u0438\\u0442\\u0438\\u043a\\u0430 (seo)", "fields": ["\\u041e\\u043f\\u0438\\u0441\\u0430\\u043d\\u0438\\u0435"]}}, {"changed": {"name": "\\u041a\\u0435\\u0439\\u0441", "object": "\\u0423\\u0432\\u0435\\u043b\\u0438\\u0447\\u0435\\u043d\\u0438\\u0435 \\u043e\\u0440\\u0433\\u0430\\u043d\\u0438\\u0447\\u0435\\u0441\\u043a\\u043e\\u0433\\u043e \\u0442\\u0440\\u0430\\u0444\\u0438\\u043a\\u0430 \\u0438\\u043d\\u0442\\u0435\\u0440\\u043d\\u0435\\u0442-\\u043c\\u0430\\u0433\\u0430\\u0437\\u0438\\u043d\\u0430 \\u044d\\u043b\\u0435\\u043a\\u0442\\u0440\\u043e\\u043d\\u0438\\u043a\\u0438 \\u043d\\u0430 187% (seo)", "fields": ["\\u041e\\u043f\\u0438\\u0441\\u0430\\u043d\\u0438\\u0435", "\\u0418\\u0437\\u043e\\u0431\\u0440\\u0430\\u0436\\u0435\\u043d\\u0438\\u0435", "\\u0421\\u0441\\u044b\\u043b\\u043a\\u0430 \\u043d\\u0430 \\u043f\\u043e\\u0434\\u0440\\u043e\\u0431\\u043d\\u043e\\u0441\\u0442\\u0438"]}}, {"changed": {"name": "\\u041a\\u0435\\u0439\\u0441", "object": "\\u0420\\u043e\\u0441\\u0442 \\u0447\\u0438\\u0441\\u043b\\u0430 \\u0437\\u0430\\u044f\\u0432\\u043e\\u043a \\u0441 \\u0441\\u0430\\u0439\\u0442\\u0430 B2B \\u043a\\u043e\\u043c\\u043f\\u0430\\u043d\\u0438\\u0438 \\u043d\\u0430 243% \\u0437\\u0430 6 \\u043c\\u0435\\u0441\\u044f\\u0446\\u0435\\u0432 (seo)", "fields": ["\\u041e\\u043f\\u0438\\u0441\\u0430\\u043d\\u0438\\u0435", "\\u0418\\u0437\\u043e\\u0431\\u0440\\u0430\\u0436\\u0435\\u043d\\u0438\\u0435", "\\u0421\\u0441\\u044b\\u043b\\u043a\\u0430 \\u043d\\u0430 \\u043f\\u043e\\u0434\\u0440\\u043e\\u0431\\u043d\\u043e\\u0441\\u0442\\u0438"]}}, {"changed": {"name": "\\u041a\\u0435\\u0439\\u0441", "object": "\\u0412\\u044b\\u0432\\u043e\\u0434 \\u043c\\u0435\\u0434\\u0438\\u0446\\u0438\\u043d\\u0441\\u043a\\u043e\\u0433\\u043e \\u0446\\u0435\\u043d\\u0442\\u0440\\u0430 \\u0432 \\u0442\\u043e\\u043f-3 \\u043f\\u043e\\u0438\\u0441\\u043a\\u043e\\u0432\\u043e\\u0439 \\u0432\\u044b\\u0434\\u0430\\u0447\\u0438 \\u0437\\u0430 4 \\u043c\\u0435\\u0441\\u044f\\u0446\\u0430 (seo)", "fields": ["\\u041e\\u043f\\u0438\\u0441\\u0430\\u043d\\u0438\\u0435", "\\u0418\\u0437\\u043e\\u0431\\u0440\\u0430\\u0436\\u0435\\u043d\\u0438\\u0435", "\\u0421\\u0441\\u044b\\u043b\\u043a\\u0430 \\u043d\\u0430 \\u043f\\u043e\\u0434\\u0440\\u043e\\u0431\\u043d\\u043e\\u0441\\u0442\\u0438"]}}, {"deleted": {"name": "\\u041f\\u0430\\u0440\\u0442\\u043d\\u0435\\u0440", "object": "\\u041f\\u0430\\u0440\\u0442\\u043d\\u0435\\u0440 1"}}, {"deleted": {"name": "\\u041f\\u0430\\u0440\\u0442\\u043d\\u0435\\u0440", "object": "\\u041f\\u0430\\u0440\\u0442\\u043d\\u0435\\u0440 2"}}, {"deleted": {"name": "\\u041f\\u0430\\u0440\\u0442\\u043d\\u0435\\u0440", "object": "\\u041f\\u0430\\u0440\\u0442\\u043d\\u0435\\u0440 3"}}, {"deleted": {"name": "\\u041f\\u0430\\u0440\\u0442\\u043d\\u0435\\u0440", "object": "\\u041f\\u0430\\u0440\\u0442\\u043d\\u0435\\u0440 4"}}, {"deleted": {"name": "\\u041f\\u0430\\u0440\\u0442\\u043d\\u0435\\u0440", "object": "\\u041f\\u0430\\u0440\\u0442\\u043d\\u0435\\u0440 5"}}, {"deleted": {"name": "\\u041f\\u0430\\u0440\\u0442\\u043d\\u0435\\u0440", "object": "\\u041f\\u0430\\u0440\\u0442\\u043d\\u0435\\u0440 6"}}]	17	4
36	2025-04-12 20:58:32.049378+03	1	seo	2	[{"deleted": {"name": "\\u041f\\u0440\\u0435\\u0438\\u043c\\u0443\\u0449\\u0435\\u0441\\u0442\\u0432\\u043e \\u0443\\u0441\\u043b\\u0443\\u0433\\u0438", "object": "\\u041f\\u0440\\u043e\\u0437\\u0440\\u0430\\u0447\\u043d\\u0430\\u044f \\u043e\\u0442\\u0447\\u0435\\u0442\\u043d\\u043e\\u0441\\u0442\\u044c (seo)"}}, {"deleted": {"name": "FAQ", "object": "\\u041a\\u0430\\u043a\\u0438\\u0435 \\u043e\\u0442\\u0447\\u0435\\u0442\\u044b \\u043e SEO \\u043f\\u0440\\u043e\\u0434\\u0432\\u0438\\u0436\\u0435\\u043d\\u0438\\u0438 \\u0432\\u044b \\u043f\\u0440\\u0435\\u0434\\u043e\\u0441\\u0442\\u0430\\u0432\\u043b\\u044f\\u0435\\u0442\\u0435?"}}, {"deleted": {"name": "FAQ", "object": "\\u041c\\u043e\\u0436\\u043d\\u043e \\u043b\\u0438 \\u0433\\u0430\\u0440\\u0430\\u043d\\u0442\\u0438\\u0440\\u043e\\u0432\\u0430\\u0442\\u044c \\u0440\\u0435\\u0437\\u0443\\u043b\\u044c\\u0442\\u0430\\u0442\\u044b SEO \\u043f\\u0440\\u043e\\u0434\\u0432\\u0438\\u0436\\u0435\\u043d\\u0438\\u044f?"}}, {"deleted": {"name": "FAQ", "object": "\\u0414\\u043b\\u044f \\u043a\\u0430\\u043a\\u0438\\u0445 \\u0441\\u0430\\u0439\\u0442\\u043e\\u0432 \\u043f\\u043e\\u0434\\u0445\\u043e\\u0434\\u0438\\u0442 SEO \\u043f\\u0440\\u043e\\u0434\\u0432\\u0438\\u0436\\u0435\\u043d\\u0438\\u0435?"}}, {"deleted": {"name": "FAQ", "object": "\\u0427\\u0435\\u043c SEO \\u043e\\u0442\\u043b\\u0438\\u0447\\u0430\\u0435\\u0442\\u0441\\u044f \\u043e\\u0442 \\u043a\\u043e\\u043d\\u0442\\u0435\\u043a\\u0441\\u0442\\u043d\\u043e\\u0439 \\u0440\\u0435\\u043a\\u043b\\u0430\\u043c\\u044b?"}}, {"deleted": {"name": "FAQ", "object": "\\u041a\\u0430\\u043a \\u0431\\u044b\\u0441\\u0442\\u0440\\u043e \\u044f \\u0443\\u0432\\u0438\\u0436\\u0443 \\u0440\\u0435\\u0437\\u0443\\u043b\\u044c\\u0442\\u0430\\u0442\\u044b \\u043e\\u0442 SEO-\\u043f\\u0440\\u043e\\u0434\\u0432\\u0438\\u0436\\u0435\\u043d\\u0438\\u044f?"}}]	17	4
37	2025-04-13 09:28:39.116114+03	2	email	2	[{"changed": {"fields": ["\\u041a\\u0440\\u0430\\u0442\\u043a\\u043e\\u0435 \\u043e\\u043f\\u0438\\u0441\\u0430\\u043d\\u0438\\u0435", "Meta Description", "\\u0417\\u0430\\u0433\\u043e\\u043b\\u043e\\u0432\\u043e\\u043a \\u0433\\u0435\\u0440\\u043e\\u0438\\u0447\\u0435\\u0441\\u043a\\u043e\\u0439 \\u0441\\u0435\\u043a\\u0446\\u0438\\u0438", "\\u041e\\u043f\\u0438\\u0441\\u0430\\u043d\\u0438\\u0435 \\u0433\\u0435\\u0440\\u043e\\u0438\\u0447\\u0435\\u0441\\u043a\\u043e\\u0439 \\u0441\\u0435\\u043a\\u0446\\u0438\\u0438", "\\u0417\\u0430\\u0433\\u043e\\u043b\\u043e\\u0432\\u043e\\u043a \\u0441\\u0435\\u043a\\u0446\\u0438\\u0438 \\"\\u0427\\u0442\\u043e \\u0442\\u0430\\u043a\\u043e\\u0435\\"", "\\u041f\\u043e\\u0434\\u0437\\u0430\\u0433\\u043e\\u043b\\u043e\\u0432\\u043e\\u043a \\u0441\\u0435\\u043a\\u0446\\u0438\\u0438 \\"\\u0427\\u0442\\u043e \\u0442\\u0430\\u043a\\u043e\\u0435\\"", "\\u0417\\u0430\\u0433\\u043e\\u043b\\u043e\\u0432\\u043e\\u043a \\u0441\\u0435\\u043a\\u0446\\u0438\\u0438 \\"\\u041a\\u0430\\u043a \\u043c\\u044b \\u0440\\u0430\\u0431\\u043e\\u0442\\u0430\\u0435\\u043c\\"", "\\u041f\\u043e\\u0434\\u0437\\u0430\\u0433\\u043e\\u043b\\u043e\\u0432\\u043e\\u043a \\u0441\\u0435\\u043a\\u0446\\u0438\\u0438 \\"\\u041a\\u0430\\u043a \\u043c\\u044b \\u0440\\u0430\\u0431\\u043e\\u0442\\u0430\\u0435\\u043c\\"", "\\u0417\\u0430\\u0433\\u043e\\u043b\\u043e\\u0432\\u043e\\u043a \\u0441\\u0435\\u043a\\u0446\\u0438\\u0438 \\"\\u041d\\u0430\\u0448\\u0438 \\u0443\\u0441\\u043b\\u0443\\u0433\\u0438\\"", "\\u041f\\u043e\\u0434\\u0437\\u0430\\u0433\\u043e\\u043b\\u043e\\u0432\\u043e\\u043a \\u0441\\u0435\\u043a\\u0446\\u0438\\u0438 \\"\\u041d\\u0430\\u0448\\u0438 \\u0443\\u0441\\u043b\\u0443\\u0433\\u0438\\"", "\\u0417\\u0430\\u0433\\u043e\\u043b\\u043e\\u0432\\u043e\\u043a \\u0441\\u0435\\u043a\\u0446\\u0438\\u0438 \\"\\u041f\\u0440\\u0435\\u0438\\u043c\\u0443\\u0449\\u0435\\u0441\\u0442\\u0432\\u0430\\"", "\\u041f\\u043e\\u0434\\u0437\\u0430\\u0433\\u043e\\u043b\\u043e\\u0432\\u043e\\u043a \\u0441\\u0435\\u043a\\u0446\\u0438\\u0438 \\"\\u041f\\u0440\\u0435\\u0438\\u043c\\u0443\\u0449\\u0435\\u0441\\u0442\\u0432\\u0430\\"", "\\u0417\\u0430\\u0433\\u043e\\u043b\\u043e\\u0432\\u043e\\u043a \\u0441\\u0435\\u043a\\u0446\\u0438\\u0438 \\"\\u041a\\u0435\\u0439\\u0441\\u044b\\"", "\\u041f\\u043e\\u0434\\u0437\\u0430\\u0433\\u043e\\u043b\\u043e\\u0432\\u043e\\u043a \\u0441\\u0435\\u043a\\u0446\\u0438\\u0438 \\"\\u041a\\u0435\\u0439\\u0441\\u044b\\"", "\\u0417\\u0430\\u0433\\u043e\\u043b\\u043e\\u0432\\u043e\\u043a \\u0441\\u0435\\u043a\\u0446\\u0438\\u0438 \\"\\u0422\\u0430\\u0440\\u0438\\u0444\\u044b\\"", "\\u041f\\u043e\\u0434\\u0437\\u0430\\u0433\\u043e\\u043b\\u043e\\u0432\\u043e\\u043a \\u0441\\u0435\\u043a\\u0446\\u0438\\u0438 \\"\\u0422\\u0430\\u0440\\u0438\\u0444\\u044b\\"", "\\u0417\\u0430\\u0433\\u043e\\u043b\\u043e\\u0432\\u043e\\u043a \\u0441\\u0435\\u043a\\u0446\\u0438\\u0438 \\"\\u041f\\u0430\\u0440\\u0442\\u043d\\u0435\\u0440\\u044b\\"", "\\u041f\\u043e\\u0434\\u0437\\u0430\\u0433\\u043e\\u043b\\u043e\\u0432\\u043e\\u043a \\u0441\\u0435\\u043a\\u0446\\u0438\\u0438 \\"\\u041f\\u0430\\u0440\\u0442\\u043d\\u0435\\u0440\\u044b\\"", "\\u0417\\u0430\\u0433\\u043e\\u043b\\u043e\\u0432\\u043e\\u043a \\u0441\\u0435\\u043a\\u0446\\u0438\\u0438 \\"FAQ\\"", "\\u041f\\u043e\\u0434\\u0437\\u0430\\u0433\\u043e\\u043b\\u043e\\u0432\\u043e\\u043a \\u0441\\u0435\\u043a\\u0446\\u0438\\u0438 \\"FAQ\\"", "\\u0417\\u0430\\u0433\\u043e\\u043b\\u043e\\u0432\\u043e\\u043a \\u0441\\u0435\\u043a\\u0446\\u0438\\u0438 \\"\\u041a\\u043e\\u043d\\u0442\\u0430\\u043a\\u0442\\u044b\\"", "\\u041f\\u043e\\u0434\\u0437\\u0430\\u0433\\u043e\\u043b\\u043e\\u0432\\u043e\\u043a \\u0441\\u0435\\u043a\\u0446\\u0438\\u0438 \\"\\u041a\\u043e\\u043d\\u0442\\u0430\\u043a\\u0442\\u044b\\"", "\\u0422\\u0435\\u043b\\u0435\\u0444\\u043e\\u043d \\u0434\\u043b\\u044f \\u0441\\u0432\\u044f\\u0437\\u0438", "Email \\u0434\\u043b\\u044f \\u0441\\u0432\\u044f\\u0437\\u0438"]}}, {"added": {"name": "\\u041f\\u0440\\u0435\\u0438\\u043c\\u0443\\u0449\\u0435\\u0441\\u0442\\u0432\\u043e \\u0443\\u0441\\u043b\\u0443\\u0433\\u0438", "object": "\\u0412\\u044b\\u0441\\u043e\\u043a\\u0438\\u0439 ROI (email)"}}, {"added": {"name": "\\u041f\\u0440\\u0435\\u0438\\u043c\\u0443\\u0449\\u0435\\u0441\\u0442\\u0432\\u043e \\u0443\\u0441\\u043b\\u0443\\u0433\\u0438", "object": "\\u041f\\u0435\\u0440\\u0441\\u043e\\u043d\\u0430\\u043b\\u0438\\u0437\\u0430\\u0446\\u0438\\u044f (email)"}}, {"added": {"name": "\\u041f\\u0440\\u0435\\u0438\\u043c\\u0443\\u0449\\u0435\\u0441\\u0442\\u0432\\u043e \\u0443\\u0441\\u043b\\u0443\\u0433\\u0438", "object": "\\u0418\\u0437\\u043c\\u0435\\u0440\\u0438\\u043c\\u044b\\u0435 \\u0440\\u0435\\u0437\\u0443\\u043b\\u044c\\u0442\\u0430\\u0442\\u044b (email)"}}, {"added": {"name": "\\u041f\\u0440\\u0435\\u0438\\u043c\\u0443\\u0449\\u0435\\u0441\\u0442\\u0432\\u043e \\u0443\\u0441\\u043b\\u0443\\u0433\\u0438", "object": "\\u0410\\u0432\\u0442\\u043e\\u043c\\u0430\\u0442\\u0438\\u0437\\u0430\\u0446\\u0438\\u044f (email)"}}, {"added": {"name": "\\u041f\\u0440\\u0435\\u0438\\u043c\\u0443\\u0449\\u0435\\u0441\\u0442\\u0432\\u043e \\u0443\\u0441\\u043b\\u0443\\u0433\\u0438", "object": "\\u0411\\u044b\\u0441\\u0442\\u0440\\u044b\\u0439 \\u0437\\u0430\\u043f\\u0443\\u0441\\u043a (email)"}}, {"added": {"name": "\\u041f\\u0440\\u0435\\u0438\\u043c\\u0443\\u0449\\u0435\\u0441\\u0442\\u0432\\u043e \\u0443\\u0441\\u043b\\u0443\\u0433\\u0438", "object": "\\u041d\\u0438\\u0437\\u043a\\u0430\\u044f \\u0441\\u0442\\u043e\\u0438\\u043c\\u043e\\u0441\\u0442\\u044c (email)"}}, {"added": {"name": "\\u042d\\u0442\\u0430\\u043f \\u043f\\u0440\\u043e\\u0446\\u0435\\u0441\\u0441\\u0430", "object": "\\u0410\\u0443\\u0434\\u0438\\u0442 \\u0438 \\u0441\\u0442\\u0440\\u0430\\u0442\\u0435\\u0433\\u0438\\u044f (email)"}}, {"added": {"name": "\\u042d\\u0442\\u0430\\u043f \\u043f\\u0440\\u043e\\u0446\\u0435\\u0441\\u0441\\u0430", "object": "\\u0421\\u043e\\u0437\\u0434\\u0430\\u043d\\u0438\\u0435 \\u043a\\u043e\\u043d\\u0442\\u0435\\u043d\\u0442\\u0430 (email)"}}, {"added": {"name": "\\u042d\\u0442\\u0430\\u043f \\u043f\\u0440\\u043e\\u0446\\u0435\\u0441\\u0441\\u0430", "object": "\\u0422\\u0435\\u0445\\u043d\\u0438\\u0447\\u0435\\u0441\\u043a\\u0430\\u044f \\u043d\\u0430\\u0441\\u0442\\u0440\\u043e\\u0439\\u043a\\u0430 (email)"}}, {"added": {"name": "\\u042d\\u0442\\u0430\\u043f \\u043f\\u0440\\u043e\\u0446\\u0435\\u0441\\u0441\\u0430", "object": "\\u0421\\u0435\\u0433\\u043c\\u0435\\u043d\\u0442\\u0430\\u0446\\u0438\\u044f \\u0431\\u0430\\u0437\\u044b (email)"}}, {"added": {"name": "\\u042d\\u0442\\u0430\\u043f \\u043f\\u0440\\u043e\\u0446\\u0435\\u0441\\u0441\\u0430", "object": "\\u0417\\u0430\\u043f\\u0443\\u0441\\u043a \\u043a\\u0430\\u043c\\u043f\\u0430\\u043d\\u0438\\u0439 (email)"}}, {"added": {"name": "\\u042d\\u0442\\u0430\\u043f \\u043f\\u0440\\u043e\\u0446\\u0435\\u0441\\u0441\\u0430", "object": "\\u0410\\u043d\\u0430\\u043b\\u0438\\u0437 \\u0438 \\u043e\\u043f\\u0442\\u0438\\u043c\\u0438\\u0437\\u0430\\u0446\\u0438\\u044f (email)"}}, {"added": {"name": "FAQ", "object": "\\u041a\\u0430\\u043a \\u0431\\u044b\\u0441\\u0442\\u0440\\u043e email \\u043c\\u0430\\u0440\\u043a\\u0435\\u0442\\u0438\\u043d\\u0433 \\u043d\\u0430\\u0447\\u0438\\u043d\\u0430\\u0435\\u0442 \\u043f\\u0440\\u0438\\u043d\\u043e\\u0441\\u0438\\u0442\\u044c \\u0440\\u0435\\u0437\\u0443\\u043b\\u044c\\u0442\\u0430\\u0442\\u044b?"}}, {"added": {"name": "FAQ", "object": "\\u041a\\u0430\\u043a\\u0438\\u0435 \\u0433\\u0430\\u0440\\u0430\\u043d\\u0442\\u0438\\u0438 \\u0432\\u044b \\u043f\\u0440\\u0435\\u0434\\u043e\\u0441\\u0442\\u0430\\u0432\\u043b\\u044f\\u0435\\u0442\\u0435?"}}, {"added": {"name": "FAQ", "object": "\\u0414\\u043b\\u044f \\u043a\\u0430\\u043a\\u0438\\u0445 \\u043a\\u0430\\u043c\\u043f\\u0430\\u043d\\u0438\\u0439 \\u043f\\u043e\\u0434\\u0445\\u043e\\u0434\\u0438\\u0442 email-\\u043c\\u0430\\u0440\\u043a\\u0435\\u0442\\u0438\\u043d\\u0433?"}}, {"added": {"name": "FAQ", "object": "\\u041c\\u043e\\u0438 \\u043f\\u0438\\u0441\\u044c\\u043c\\u0430 \\u043d\\u0435 \\u0431\\u0443\\u0434\\u0443\\u0442 \\u043f\\u043e\\u043f\\u0430\\u0434\\u0430\\u0442\\u044c \\u0432 \\u0441\\u043f\\u0430\\u043c?"}}, {"added": {"name": "FAQ", "object": "\\u041a\\u0430\\u043a\\u0438\\u0435 \\u043c\\u0435\\u0442\\u0440\\u0438\\u043a\\u0438 email-\\u043c\\u0430\\u0440\\u043a\\u0435\\u0442\\u0438\\u043d\\u0433\\u0430 \\u0432\\u044b \\u043e\\u0442\\u0441\\u043b\\u0435\\u0436\\u0438\\u0432\\u0430\\u0435\\u0442\\u0435?"}}, {"added": {"name": "\\u0411\\u043b\\u043e\\u043a \\u043e\\u0431\\u044a\\u044f\\u0441\\u043d\\u0435\\u043d\\u0438\\u044f", "object": "\\u0412\\u044b\\u0441\\u043e\\u043a\\u0438\\u0439 ROI (email)"}}, {"added": {"name": "\\u0411\\u043b\\u043e\\u043a \\u043e\\u0431\\u044a\\u044f\\u0441\\u043d\\u0435\\u043d\\u0438\\u044f", "object": "\\u0412\\u044b\\u0441\\u043e\\u043a\\u0430\\u044f \\u043a\\u043e\\u043d\\u0432\\u0435\\u0440\\u0441\\u0438\\u044f (email)"}}, {"added": {"name": "\\u0411\\u043b\\u043e\\u043a \\u043e\\u0431\\u044a\\u044f\\u0441\\u043d\\u0435\\u043d\\u0438\\u044f", "object": "\\u041f\\u0435\\u0440\\u0441\\u043e\\u043d\\u0430\\u043b\\u0438\\u0437\\u0430\\u0446\\u0438\\u044f (email)"}}, {"added": {"name": "\\u0411\\u043b\\u043e\\u043a \\u043e\\u0431\\u044a\\u044f\\u0441\\u043d\\u0435\\u043d\\u0438\\u044f", "object": "\\u041b\\u043e\\u044f\\u043b\\u044c\\u043d\\u043e\\u0441\\u0442\\u044c \\u0430\\u0443\\u0434\\u0438\\u0442\\u043e\\u0440\\u0438\\u0438 (email)"}}, {"added": {"name": "\\u0414\\u0435\\u0442\\u0430\\u043b\\u044c\\u043d\\u0430\\u044f \\u0443\\u0441\\u043b\\u0443\\u0433\\u0430", "object": "\\u0410\\u0432\\u0442\\u043e\\u043c\\u0430\\u0442\\u0438\\u0437\\u0430\\u0446\\u0438\\u044f (email)"}}, {"added": {"name": "\\u0414\\u0435\\u0442\\u0430\\u043b\\u044c\\u043d\\u0430\\u044f \\u0443\\u0441\\u043b\\u0443\\u0433\\u0430", "object": "\\u0418\\u0437\\u043c\\u0435\\u0440\\u0438\\u043c\\u044b\\u0435 \\u0440\\u0435\\u0437\\u0443\\u043b\\u044c\\u0442\\u0430\\u0442\\u044b (email)"}}, {"added": {"name": "\\u041a\\u0435\\u0439\\u0441", "object": "\\u0423\\u0432\\u0435\\u043b\\u0438\\u0447\\u0435\\u043d\\u0438\\u0435 \\u043f\\u0440\\u043e\\u0434\\u0430\\u0436 \\u0438\\u043d\\u0442\\u0435\\u0440\\u043d\\u0435\\u0442-\\u043c\\u0430\\u0433\\u0430\\u0437\\u0438\\u043d\\u0430 \\u043e\\u0434\\u0435\\u0436\\u0434\\u044b \\u043d\\u0430 156% \\u0441 \\u043f\\u043e\\u043c\\u043e\\u0449\\u044c\\u044e \\u0441\\u0435\\u0433\\u043c\\u0435\\u043d\\u0442\\u0438\\u0440\\u043e\\u0432\\u0430\\u043d\\u043d\\u044b\\u0445 \\u0440\\u0430\\u0441\\u0441\\u044b\\u043b\\u043e\\u043a (email)"}}]	17	4
38	2025-04-13 09:31:56.790146+03	2	email	2	[{"added": {"name": "\\u0422\\u0430\\u0440\\u0438\\u0444", "object": "\\u0411\\u0430\\u0437\\u043e\\u0432\\u044b\\u0439 (email)"}}, {"added": {"name": "\\u0422\\u0430\\u0440\\u0438\\u0444", "object": "\\u0421\\u0442\\u0430\\u043d\\u0434\\u0430\\u0440\\u0442\\u043d\\u044b\\u0439 (email)"}}, {"added": {"name": "\\u0422\\u0430\\u0440\\u0438\\u0444", "object": "\\u041f\\u0440\\u0435\\u043c\\u0438\\u0443\\u043c (email)"}}]	17	4
39	2025-04-13 16:05:38.415503+03	11	Автоматизация (email)	1	[{"added": {}}]	26	4
40	2025-04-13 16:06:40.23715+03	12	Измеримые результаты (email)	1	[{"added": {}}]	26	4
41	2025-04-13 16:07:48.865283+03	5	Увеличение количества квалифицированных лидов B2B-компании на 83% за 3 месяца (email)	1	[{"added": {}}]	23	4
42	2025-04-13 16:09:11.607564+03	6	Повышение открываемости писем с 18% до 42% для сети фитнес-центров (email)	1	[{"added": {}}]	23	4
81	2025-04-27 21:57:54.133102+03	11	Как быстро email маркетинг начинает приносить результаты?	3		18	4
84	2025-04-27 21:58:58.367175+03	18	Какие типы контента наиболее эффективны?	1	[{"added": {}}]	18	4
85	2025-04-27 21:59:29.263096+03	19	Как измеряется эффективность контент-маркетинга?	1	[{"added": {}}]	18	4
86	2025-04-27 22:00:17.300355+03	20	Сколько контента нужно создавать ежемесячно?	1	[{"added": {}}]	18	4
87	2025-04-27 22:00:32.562632+03	21	Как контент-маркетинг сочетается с другими каналами продвижения?	1	[{"added": {}}]	18	4
88	2025-04-27 22:01:07.764071+03	22	Как быстро можно улучшить репутацию компании в интернете?	1	[{"added": {}}]	18	4
89	2025-04-27 22:01:36.403324+03	23	Можно ли полностью удалить негативные отзывы?	1	[{"added": {}}]	18	4
90	2025-04-27 22:02:10.529319+03	24	Как отличить настоящие отзывы от заказных?	1	[{"added": {}}]	18	4
43	2025-04-13 16:12:40.541266+03	9	Аудит и стратегия email-маркетинга (email)	1	[{"added": {}}, {"added": {"name": "\\u041f\\u0443\\u043d\\u043a\\u0442 \\u0434\\u0435\\u0442\\u0430\\u043b\\u044c\\u043d\\u043e\\u0439 \\u0443\\u0441\\u043b\\u0443\\u0433\\u0438", "object": "\\u0410\\u043d\\u0430\\u043b\\u0438\\u0437 \\u0442\\u0435\\u043a\\u0443\\u0449\\u0438\\u0445 \\u043f\\u043e\\u043a\\u0430\\u0437\\u0430\\u0442\\u0435\\u043b\\u0435\\u0439 (\\u0410\\u0443\\u0434\\u0438\\u0442 \\u0438 \\u0441\\u0442\\u0440\\u0430\\u0442\\u0435\\u0433\\u0438\\u044f email-\\u043c\\u0430\\u0440\\u043a\\u0435\\u0442\\u0438\\u043d\\u0433\\u0430)"}}, {"added": {"name": "\\u041f\\u0443\\u043d\\u043a\\u0442 \\u0434\\u0435\\u0442\\u0430\\u043b\\u044c\\u043d\\u043e\\u0439 \\u0443\\u0441\\u043b\\u0443\\u0433\\u0438", "object": "\\u0420\\u0430\\u0437\\u0440\\u0430\\u0431\\u043e\\u0442\\u043a\\u0430 \\u043a\\u043e\\u043d\\u0442\\u0435\\u043d\\u0442-\\u043f\\u043b\\u0430\\u043d\\u0430 (\\u0410\\u0443\\u0434\\u0438\\u0442 \\u0438 \\u0441\\u0442\\u0440\\u0430\\u0442\\u0435\\u0433\\u0438\\u044f email-\\u043c\\u0430\\u0440\\u043a\\u0435\\u0442\\u0438\\u043d\\u0433\\u0430)"}}, {"added": {"name": "\\u041f\\u0443\\u043d\\u043a\\u0442 \\u0434\\u0435\\u0442\\u0430\\u043b\\u044c\\u043d\\u043e\\u0439 \\u0443\\u0441\\u043b\\u0443\\u0433\\u0438", "object": "\\u041e\\u043f\\u0440\\u0435\\u0434\\u0435\\u043b\\u0435\\u043d\\u0438\\u0435 KPI \\u0438 \\u043c\\u0435\\u0442\\u0440\\u0438\\u043a (\\u0410\\u0443\\u0434\\u0438\\u0442 \\u0438 \\u0441\\u0442\\u0440\\u0430\\u0442\\u0435\\u0433\\u0438\\u044f email-\\u043c\\u0430\\u0440\\u043a\\u0435\\u0442\\u0438\\u043d\\u0433\\u0430)"}}]	24	4
44	2025-04-13 17:55:15.371175+03	10	Создание и дизайн писем (email)	1	[{"added": {}}, {"added": {"name": "\\u041f\\u0443\\u043d\\u043a\\u0442 \\u0434\\u0435\\u0442\\u0430\\u043b\\u044c\\u043d\\u043e\\u0439 \\u0443\\u0441\\u043b\\u0443\\u0433\\u0438", "object": "\\u0410\\u0434\\u0430\\u043f\\u0442\\u0438\\u0432\\u043d\\u044b\\u0439 \\u0434\\u0438\\u0437\\u0430\\u0439\\u043d \\u043f\\u0438\\u0441\\u0435\\u043c (\\u0421\\u043e\\u0437\\u0434\\u0430\\u043d\\u0438\\u0435 \\u0438 \\u0434\\u0438\\u0437\\u0430\\u0439\\u043d \\u043f\\u0438\\u0441\\u0435\\u043c)"}}, {"added": {"name": "\\u041f\\u0443\\u043d\\u043a\\u0442 \\u0434\\u0435\\u0442\\u0430\\u043b\\u044c\\u043d\\u043e\\u0439 \\u0443\\u0441\\u043b\\u0443\\u0433\\u0438", "object": "\\u0421\\u043e\\u0437\\u0434\\u0430\\u043d\\u0438\\u0435 \\u0443\\u043d\\u0438\\u043a\\u0430\\u043b\\u044c\\u043d\\u044b\\u0445 \\u0448\\u0430\\u0431\\u043b\\u043e\\u043d\\u043e\\u0432 (\\u0421\\u043e\\u0437\\u0434\\u0430\\u043d\\u0438\\u0435 \\u0438 \\u0434\\u0438\\u0437\\u0430\\u0439\\u043d \\u043f\\u0438\\u0441\\u0435\\u043c)"}}, {"added": {"name": "\\u041f\\u0443\\u043d\\u043a\\u0442 \\u0434\\u0435\\u0442\\u0430\\u043b\\u044c\\u043d\\u043e\\u0439 \\u0443\\u0441\\u043b\\u0443\\u0433\\u0438", "object": "\\u041a\\u043e\\u043f\\u0438\\u0440\\u0430\\u0439\\u0442\\u0438\\u043d\\u0433 \\u0434\\u043b\\u044f email-\\u0440\\u0430\\u0441\\u0441\\u044b\\u043b\\u043e\\u043a (\\u0421\\u043e\\u0437\\u0434\\u0430\\u043d\\u0438\\u0435 \\u0438 \\u0434\\u0438\\u0437\\u0430\\u0439\\u043d \\u043f\\u0438\\u0441\\u0435\\u043c)"}}]	24	4
45	2025-04-13 17:56:43.832005+03	11	Сегментация и персонализация (email)	1	[{"added": {}}, {"added": {"name": "\\u041f\\u0443\\u043d\\u043a\\u0442 \\u0434\\u0435\\u0442\\u0430\\u043b\\u044c\\u043d\\u043e\\u0439 \\u0443\\u0441\\u043b\\u0443\\u0433\\u0438", "object": "\\u0421\\u043e\\u0437\\u0434\\u0430\\u043d\\u0438\\u0435 \\u0441\\u0435\\u0433\\u043c\\u0435\\u043d\\u0442\\u043e\\u0432 \\u043f\\u043e \\u043f\\u043e\\u0432\\u0435\\u0434\\u0435\\u043d\\u0438\\u044e (\\u0421\\u0435\\u0433\\u043c\\u0435\\u043d\\u0442\\u0430\\u0446\\u0438\\u044f \\u0438 \\u043f\\u0435\\u0440\\u0441\\u043e\\u043d\\u0430\\u043b\\u0438\\u0437\\u0430\\u0446\\u0438\\u044f)"}}, {"added": {"name": "\\u041f\\u0443\\u043d\\u043a\\u0442 \\u0434\\u0435\\u0442\\u0430\\u043b\\u044c\\u043d\\u043e\\u0439 \\u0443\\u0441\\u043b\\u0443\\u0433\\u0438", "object": "\\u0414\\u0438\\u043d\\u0430\\u043c\\u0438\\u0447\\u0435\\u0441\\u043a\\u0438\\u0439 \\u043a\\u043e\\u043d\\u0442\\u0435\\u043d\\u0442 (\\u0421\\u0435\\u0433\\u043c\\u0435\\u043d\\u0442\\u0430\\u0446\\u0438\\u044f \\u0438 \\u043f\\u0435\\u0440\\u0441\\u043e\\u043d\\u0430\\u043b\\u0438\\u0437\\u0430\\u0446\\u0438\\u044f)"}}, {"added": {"name": "\\u041f\\u0443\\u043d\\u043a\\u0442 \\u0434\\u0435\\u0442\\u0430\\u043b\\u044c\\u043d\\u043e\\u0439 \\u0443\\u0441\\u043b\\u0443\\u0433\\u0438", "object": "\\u041f\\u0435\\u0440\\u0441\\u043e\\u043d\\u0430\\u043b\\u0438\\u0437\\u0438\\u0440\\u043e\\u0432\\u0430\\u043d\\u043d\\u044b\\u0435 \\u043f\\u0440\\u0435\\u0434\\u043b\\u043e\\u0436\\u0435\\u043d\\u0438\\u044f (\\u0421\\u0435\\u0433\\u043c\\u0435\\u043d\\u0442\\u0430\\u0446\\u0438\\u044f \\u0438 \\u043f\\u0435\\u0440\\u0441\\u043e\\u043d\\u0430\\u043b\\u0438\\u0437\\u0430\\u0446\\u0438\\u044f)"}}]	24	4
46	2025-04-13 17:58:11.704954+03	12	Настройка автоматических цепочек (email)	1	[{"added": {}}, {"added": {"name": "\\u041f\\u0443\\u043d\\u043a\\u0442 \\u0434\\u0435\\u0442\\u0430\\u043b\\u044c\\u043d\\u043e\\u0439 \\u0443\\u0441\\u043b\\u0443\\u0433\\u0438", "object": "\\u041f\\u0440\\u0438\\u0432\\u0435\\u0442\\u0441\\u0442\\u0432\\u0435\\u043d\\u043d\\u044b\\u0435 \\u0441\\u0435\\u0440\\u0438\\u0438 \\u043f\\u0438\\u0441\\u0435\\u043c (\\u041d\\u0430\\u0441\\u0442\\u0440\\u043e\\u0439\\u043a\\u0430 \\u0430\\u0432\\u0442\\u043e\\u043c\\u0430\\u0442\\u0438\\u0447\\u0435\\u0441\\u043a\\u0438\\u0445 \\u0446\\u0435\\u043f\\u043e\\u0447\\u0435\\u043a)"}}, {"added": {"name": "\\u041f\\u0443\\u043d\\u043a\\u0442 \\u0434\\u0435\\u0442\\u0430\\u043b\\u044c\\u043d\\u043e\\u0439 \\u0443\\u0441\\u043b\\u0443\\u0433\\u0438", "object": "\\u0422\\u0440\\u0438\\u0433\\u0433\\u0435\\u0440\\u043d\\u044b\\u0435 \\u043f\\u0438\\u0441\\u044c\\u043c\\u0430 (\\u041d\\u0430\\u0441\\u0442\\u0440\\u043e\\u0439\\u043a\\u0430 \\u0430\\u0432\\u0442\\u043e\\u043c\\u0430\\u0442\\u0438\\u0447\\u0435\\u0441\\u043a\\u0438\\u0445 \\u0446\\u0435\\u043f\\u043e\\u0447\\u0435\\u043a)"}}, {"added": {"name": "\\u041f\\u0443\\u043d\\u043a\\u0442 \\u0434\\u0435\\u0442\\u0430\\u043b\\u044c\\u043d\\u043e\\u0439 \\u0443\\u0441\\u043b\\u0443\\u0433\\u0438", "object": "\\u0420\\u0435\\u0430\\u043a\\u0442\\u0438\\u0432\\u0430\\u0446\\u0438\\u043e\\u043d\\u043d\\u044b\\u0435 \\u043a\\u0430\\u043c\\u043f\\u0430\\u043d\\u0438\\u0438 (\\u041d\\u0430\\u0441\\u0442\\u0440\\u043e\\u0439\\u043a\\u0430 \\u0430\\u0432\\u0442\\u043e\\u043c\\u0430\\u0442\\u0438\\u0447\\u0435\\u0441\\u043a\\u0438\\u0445 \\u0446\\u0435\\u043f\\u043e\\u0447\\u0435\\u043a)"}}]	24	4
47	2025-04-13 18:00:28.837147+03	7	Автоматизация (email)	2	[{"changed": {"fields": ["SVG-\\u0438\\u043a\\u043e\\u043d\\u043a\\u0430"]}}]	24	4
48	2025-04-13 18:03:06.968665+03	7	A/B-тестирование и аналитика (email)	2	[{"changed": {"fields": ["\\u0417\\u0430\\u0433\\u043e\\u043b\\u043e\\u0432\\u043e\\u043a", "\\u041e\\u043f\\u0438\\u0441\\u0430\\u043d\\u0438\\u0435", "SVG-\\u0438\\u043a\\u043e\\u043d\\u043a\\u0430"]}}, {"added": {"name": "\\u041f\\u0443\\u043d\\u043a\\u0442 \\u0434\\u0435\\u0442\\u0430\\u043b\\u044c\\u043d\\u043e\\u0439 \\u0443\\u0441\\u043b\\u0443\\u0433\\u0438", "object": "\\u0422\\u0435\\u0441\\u0442\\u0438\\u0440\\u043e\\u0432\\u0430\\u043d\\u0438\\u0435 \\u0442\\u0435\\u043c \\u043f\\u0438\\u0441\\u0435\\u043c (A/B-\\u0442\\u0435\\u0441\\u0442\\u0438\\u0440\\u043e\\u0432\\u0430\\u043d\\u0438\\u0435 \\u0438 \\u0430\\u043d\\u0430\\u043b\\u0438\\u0442\\u0438\\u043a\\u0430)"}}, {"added": {"name": "\\u041f\\u0443\\u043d\\u043a\\u0442 \\u0434\\u0435\\u0442\\u0430\\u043b\\u044c\\u043d\\u043e\\u0439 \\u0443\\u0441\\u043b\\u0443\\u0433\\u0438", "object": "\\u041e\\u043f\\u0442\\u0438\\u043c\\u0438\\u0437\\u0430\\u0446\\u0438\\u044f \\u0432\\u0440\\u0435\\u043c\\u0435\\u043d\\u0438 \\u043e\\u0442\\u043f\\u0440\\u0430\\u0432\\u043a\\u0438 (A/B-\\u0442\\u0435\\u0441\\u0442\\u0438\\u0440\\u043e\\u0432\\u0430\\u043d\\u0438\\u0435 \\u0438 \\u0430\\u043d\\u0430\\u043b\\u0438\\u0442\\u0438\\u043a\\u0430)"}}, {"added": {"name": "\\u041f\\u0443\\u043d\\u043a\\u0442 \\u0434\\u0435\\u0442\\u0430\\u043b\\u044c\\u043d\\u043e\\u0439 \\u0443\\u0441\\u043b\\u0443\\u0433\\u0438", "object": "\\u041f\\u043e\\u0434\\u0440\\u043e\\u0431\\u043d\\u044b\\u0435 \\u0430\\u043d\\u0430\\u043b\\u0438\\u0442\\u0438\\u0447\\u0435\\u0441\\u043a\\u0438\\u0435 \\u043e\\u0442\\u0447\\u0435\\u0442\\u044b (A/B-\\u0442\\u0435\\u0441\\u0442\\u0438\\u0440\\u043e\\u0432\\u0430\\u043d\\u0438\\u0435 \\u0438 \\u0430\\u043d\\u0430\\u043b\\u0438\\u0442\\u0438\\u043a\\u0430)"}}]	24	4
82	2025-04-27 21:58:29.164228+03	17	Как долго нужно заниматься контент-маркетингом, чтобы увидеть результаты?	1	[{"added": {}}]	18	4
49	2025-04-13 18:04:44.038076+03	8	Техническая оптимизация доставляемости (email)	2	[{"changed": {"fields": ["\\u0417\\u0430\\u0433\\u043e\\u043b\\u043e\\u0432\\u043e\\u043a", "\\u041e\\u043f\\u0438\\u0441\\u0430\\u043d\\u0438\\u0435", "SVG-\\u0438\\u043a\\u043e\\u043d\\u043a\\u0430"]}}, {"added": {"name": "\\u041f\\u0443\\u043d\\u043a\\u0442 \\u0434\\u0435\\u0442\\u0430\\u043b\\u044c\\u043d\\u043e\\u0439 \\u0443\\u0441\\u043b\\u0443\\u0433\\u0438", "object": "\\u041d\\u0430\\u0441\\u0442\\u0440\\u043e\\u0439\\u043a\\u0430 SPF, DKIM, DMARC (\\u0422\\u0435\\u0445\\u043d\\u0438\\u0447\\u0435\\u0441\\u043a\\u0430\\u044f \\u043e\\u043f\\u0442\\u0438\\u043c\\u0438\\u0437\\u0430\\u0446\\u0438\\u044f \\u0434\\u043e\\u0441\\u0442\\u0430\\u0432\\u043b\\u044f\\u0435\\u043c\\u043e\\u0441\\u0442\\u0438)"}}, {"added": {"name": "\\u041f\\u0443\\u043d\\u043a\\u0442 \\u0434\\u0435\\u0442\\u0430\\u043b\\u044c\\u043d\\u043e\\u0439 \\u0443\\u0441\\u043b\\u0443\\u0433\\u0438", "object": "\\u041f\\u0440\\u043e\\u0433\\u0440\\u0435\\u0432 IP \\u0438 \\u0434\\u043e\\u043c\\u0435\\u043d\\u0430 (\\u0422\\u0435\\u0445\\u043d\\u0438\\u0447\\u0435\\u0441\\u043a\\u0430\\u044f \\u043e\\u043f\\u0442\\u0438\\u043c\\u0438\\u0437\\u0430\\u0446\\u0438\\u044f \\u0434\\u043e\\u0441\\u0442\\u0430\\u0432\\u043b\\u044f\\u0435\\u043c\\u043e\\u0441\\u0442\\u0438)"}}, {"added": {"name": "\\u041f\\u0443\\u043d\\u043a\\u0442 \\u0434\\u0435\\u0442\\u0430\\u043b\\u044c\\u043d\\u043e\\u0439 \\u0443\\u0441\\u043b\\u0443\\u0433\\u0438", "object": "\\u041e\\u0447\\u0438\\u0441\\u0442\\u043a\\u0430 \\u0438 \\u0432\\u0430\\u043b\\u0438\\u0434\\u0430\\u0446\\u0438\\u044f \\u0431\\u0430\\u0437\\u044b (\\u0422\\u0435\\u0445\\u043d\\u0438\\u0447\\u0435\\u0441\\u043a\\u0430\\u044f \\u043e\\u043f\\u0442\\u0438\\u043c\\u0438\\u0437\\u0430\\u0446\\u0438\\u044f \\u0434\\u043e\\u0441\\u0442\\u0430\\u0432\\u043b\\u044f\\u0435\\u043c\\u043e\\u0441\\u0442\\u0438)"}}]	24	4
50	2025-04-13 21:43:31.882489+03	4	Увеличение продаж интернет-магазина одежды на 156% с помощью сегментированных рассылок (email)	2	[]	23	4
51	2025-04-13 21:44:09.130746+03	4	Увеличение продаж интернет-магазина одежды на 156% с помощью сегментированных рассылок (email)	2	[{"changed": {"fields": ["\\u041e\\u043f\\u0438\\u0441\\u0430\\u043d\\u0438\\u0435"]}}]	23	4
52	2025-04-13 21:44:16.04888+03	4	Увеличение продаж интернет-магазина одежды на 156% с помощью сегментированных рассылок (email)	2	[]	23	4
53	2025-04-13 21:44:19.965904+03	5	Увеличение количества квалифицированных лидов B2B-компании на 83% за 3 месяца (email)	2	[]	23	4
54	2025-04-13 21:44:25.418137+03	6	Повышение открываемости писем с 18% до 42% для сети фитнес-центров (email)	2	[]	23	4
55	2025-04-13 22:09:46.139723+03	11	Автоматизация (email)	2	[]	26	4
56	2025-04-13 22:10:46.666637+03	7	Высокий ROI (email)	2	[{"changed": {"fields": ["SVG-\\u0438\\u043a\\u043e\\u043d\\u043a\\u0430"]}}]	26	4
57	2025-04-13 22:11:23.019218+03	7	Высокий ROI (email)	2	[]	26	4
58	2025-04-13 22:12:48.42407+03	7	Высокий ROI (email)	2	[{"changed": {"fields": ["SVG-\\u0438\\u043a\\u043e\\u043d\\u043a\\u0430"]}}]	26	4
59	2025-04-13 22:13:24.942+03	8	Высокая конверсия (email)	2	[{"changed": {"fields": ["\\u041e\\u043f\\u0438\\u0441\\u0430\\u043d\\u0438\\u0435", "SVG-\\u0438\\u043a\\u043e\\u043d\\u043a\\u0430"]}}]	26	4
60	2025-04-13 22:13:45.671674+03	7	Высокий ROI (email)	2	[{"changed": {"fields": ["\\u041e\\u043f\\u0438\\u0441\\u0430\\u043d\\u0438\\u0435"]}}]	26	4
61	2025-04-13 22:14:17.758468+03	9	Персонализация (email)	2	[{"changed": {"fields": ["\\u041e\\u043f\\u0438\\u0441\\u0430\\u043d\\u0438\\u0435", "SVG-\\u0438\\u043a\\u043e\\u043d\\u043a\\u0430"]}}]	26	4
62	2025-04-13 22:14:45.788998+03	10	Лояльность аудитории (email)	2	[{"changed": {"fields": ["\\u041e\\u043f\\u0438\\u0441\\u0430\\u043d\\u0438\\u0435", "SVG-\\u0438\\u043a\\u043e\\u043d\\u043a\\u0430"]}}]	26	4
63	2025-04-13 22:14:50.15397+03	11	Автоматизация (email)	2	[]	26	4
64	2025-04-13 22:14:53.170747+03	12	Измеримые результаты (email)	2	[]	26	4
65	2025-04-13 22:20:14.617049+03	2	email	2	[{"changed": {"fields": ["\\u041f\\u043e\\u0434\\u0437\\u0430\\u0433\\u043e\\u043b\\u043e\\u0432\\u043e\\u043a \\u0441\\u0435\\u043a\\u0446\\u0438\\u0438 \\"\\u041a\\u0430\\u043a \\u043c\\u044b \\u0440\\u0430\\u0431\\u043e\\u0442\\u0430\\u0435\\u043c\\""]}}, {"changed": {"name": "\\u041f\\u0440\\u0435\\u0438\\u043c\\u0443\\u0449\\u0435\\u0441\\u0442\\u0432\\u043e \\u0443\\u0441\\u043b\\u0443\\u0433\\u0438", "object": "\\u0412\\u044b\\u0441\\u043e\\u043a\\u0438\\u0439 ROI (email)", "fields": ["\\u041e\\u043f\\u0438\\u0441\\u0430\\u043d\\u0438\\u0435"]}}, {"changed": {"name": "FAQ", "object": "\\u0414\\u043b\\u044f \\u043a\\u0430\\u043a\\u0438\\u0445 \\u043a\\u0430\\u043c\\u043f\\u0430\\u043d\\u0438\\u0439 \\u043f\\u043e\\u0434\\u0445\\u043e\\u0434\\u0438\\u0442 email-\\u043c\\u0430\\u0440\\u043a\\u0435\\u0442\\u0438\\u043d\\u0433?", "fields": ["\\u041e\\u0442\\u0432\\u0435\\u0442"]}}, {"changed": {"name": "FAQ", "object": "\\u041c\\u043e\\u0438 \\u043f\\u0438\\u0441\\u044c\\u043c\\u0430 \\u043d\\u0435 \\u0431\\u0443\\u0434\\u0443\\u0442 \\u043f\\u043e\\u043f\\u0430\\u0434\\u0430\\u0442\\u044c \\u0432 \\u0441\\u043f\\u0430\\u043c?", "fields": ["\\u041e\\u0442\\u0432\\u0435\\u0442"]}}, {"changed": {"name": "\\u0411\\u043b\\u043e\\u043a \\u043e\\u0431\\u044a\\u044f\\u0441\\u043d\\u0435\\u043d\\u0438\\u044f", "object": "\\u0412\\u044b\\u0441\\u043e\\u043a\\u0438\\u0439 ROI (email)", "fields": ["\\u041e\\u043f\\u0438\\u0441\\u0430\\u043d\\u0438\\u0435", "SVG-\\u0438\\u043a\\u043e\\u043d\\u043a\\u0430"]}}, {"changed": {"name": "\\u0411\\u043b\\u043e\\u043a \\u043e\\u0431\\u044a\\u044f\\u0441\\u043d\\u0435\\u043d\\u0438\\u044f", "object": "\\u0412\\u044b\\u0441\\u043e\\u043a\\u0430\\u044f \\u043a\\u043e\\u043d\\u0432\\u0435\\u0440\\u0441\\u0438\\u044f (email)", "fields": ["\\u041e\\u043f\\u0438\\u0441\\u0430\\u043d\\u0438\\u0435", "SVG-\\u0438\\u043a\\u043e\\u043d\\u043a\\u0430"]}}, {"changed": {"name": "\\u0411\\u043b\\u043e\\u043a \\u043e\\u0431\\u044a\\u044f\\u0441\\u043d\\u0435\\u043d\\u0438\\u044f", "object": "\\u041f\\u0435\\u0440\\u0441\\u043e\\u043d\\u0430\\u043b\\u0438\\u0437\\u0430\\u0446\\u0438\\u044f (email)", "fields": ["\\u041e\\u043f\\u0438\\u0441\\u0430\\u043d\\u0438\\u0435", "SVG-\\u0438\\u043a\\u043e\\u043d\\u043a\\u0430"]}}, {"changed": {"name": "\\u0411\\u043b\\u043e\\u043a \\u043e\\u0431\\u044a\\u044f\\u0441\\u043d\\u0435\\u043d\\u0438\\u044f", "object": "\\u041b\\u043e\\u044f\\u043b\\u044c\\u043d\\u043e\\u0441\\u0442\\u044c \\u0430\\u0443\\u0434\\u0438\\u0442\\u043e\\u0440\\u0438\\u0438 (email)", "fields": ["\\u041e\\u043f\\u0438\\u0441\\u0430\\u043d\\u0438\\u0435", "SVG-\\u0438\\u043a\\u043e\\u043d\\u043a\\u0430"]}}, {"changed": {"name": "\\u0411\\u043b\\u043e\\u043a \\u043e\\u0431\\u044a\\u044f\\u0441\\u043d\\u0435\\u043d\\u0438\\u044f", "object": "\\u0410\\u0432\\u0442\\u043e\\u043c\\u0430\\u0442\\u0438\\u0437\\u0430\\u0446\\u0438\\u044f (email)", "fields": ["\\u041e\\u043f\\u0438\\u0441\\u0430\\u043d\\u0438\\u0435"]}}, {"changed": {"name": "\\u0411\\u043b\\u043e\\u043a \\u043e\\u0431\\u044a\\u044f\\u0441\\u043d\\u0435\\u043d\\u0438\\u044f", "object": "\\u0418\\u0437\\u043c\\u0435\\u0440\\u0438\\u043c\\u044b\\u0435 \\u0440\\u0435\\u0437\\u0443\\u043b\\u044c\\u0442\\u0430\\u0442\\u044b (email)", "fields": ["\\u041e\\u043f\\u0438\\u0441\\u0430\\u043d\\u0438\\u0435"]}}, {"changed": {"name": "\\u0414\\u0435\\u0442\\u0430\\u043b\\u044c\\u043d\\u0430\\u044f \\u0443\\u0441\\u043b\\u0443\\u0433\\u0430", "object": "\\u0410\\u0443\\u0434\\u0438\\u0442 \\u0438 \\u0441\\u0442\\u0440\\u0430\\u0442\\u0435\\u0433\\u0438\\u044f email-\\u043c\\u0430\\u0440\\u043a\\u0435\\u0442\\u0438\\u043d\\u0433\\u0430 (email)", "fields": ["\\u041e\\u043f\\u0438\\u0441\\u0430\\u043d\\u0438\\u0435"]}}, {"changed": {"name": "\\u0414\\u0435\\u0442\\u0430\\u043b\\u044c\\u043d\\u0430\\u044f \\u0443\\u0441\\u043b\\u0443\\u0433\\u0430", "object": "\\u0421\\u043e\\u0437\\u0434\\u0430\\u043d\\u0438\\u0435 \\u0438 \\u0434\\u0438\\u0437\\u0430\\u0439\\u043d \\u043f\\u0438\\u0441\\u0435\\u043c (email)", "fields": ["\\u041e\\u043f\\u0438\\u0441\\u0430\\u043d\\u0438\\u0435"]}}, {"changed": {"name": "\\u0414\\u0435\\u0442\\u0430\\u043b\\u044c\\u043d\\u0430\\u044f \\u0443\\u0441\\u043b\\u0443\\u0433\\u0430", "object": "\\u0421\\u0435\\u0433\\u043c\\u0435\\u043d\\u0442\\u0430\\u0446\\u0438\\u044f \\u0438 \\u043f\\u0435\\u0440\\u0441\\u043e\\u043d\\u0430\\u043b\\u0438\\u0437\\u0430\\u0446\\u0438\\u044f (email)", "fields": ["\\u041e\\u043f\\u0438\\u0441\\u0430\\u043d\\u0438\\u0435"]}}, {"changed": {"name": "\\u0414\\u0435\\u0442\\u0430\\u043b\\u044c\\u043d\\u0430\\u044f \\u0443\\u0441\\u043b\\u0443\\u0433\\u0430", "object": "\\u041d\\u0430\\u0441\\u0442\\u0440\\u043e\\u0439\\u043a\\u0430 \\u0430\\u0432\\u0442\\u043e\\u043c\\u0430\\u0442\\u0438\\u0447\\u0435\\u0441\\u043a\\u0438\\u0445 \\u0446\\u0435\\u043f\\u043e\\u0447\\u0435\\u043a (email)", "fields": ["\\u041e\\u043f\\u0438\\u0441\\u0430\\u043d\\u0438\\u0435"]}}, {"changed": {"name": "\\u0414\\u0435\\u0442\\u0430\\u043b\\u044c\\u043d\\u0430\\u044f \\u0443\\u0441\\u043b\\u0443\\u0433\\u0430", "object": "A/B-\\u0442\\u0435\\u0441\\u0442\\u0438\\u0440\\u043e\\u0432\\u0430\\u043d\\u0438\\u0435 \\u0438 \\u0430\\u043d\\u0430\\u043b\\u0438\\u0442\\u0438\\u043a\\u0430 (email)", "fields": ["\\u041e\\u043f\\u0438\\u0441\\u0430\\u043d\\u0438\\u0435"]}}, {"changed": {"name": "\\u0414\\u0435\\u0442\\u0430\\u043b\\u044c\\u043d\\u0430\\u044f \\u0443\\u0441\\u043b\\u0443\\u0433\\u0430", "object": "\\u0422\\u0435\\u0445\\u043d\\u0438\\u0447\\u0435\\u0441\\u043a\\u0430\\u044f \\u043e\\u043f\\u0442\\u0438\\u043c\\u0438\\u0437\\u0430\\u0446\\u0438\\u044f \\u0434\\u043e\\u0441\\u0442\\u0430\\u0432\\u043b\\u044f\\u0435\\u043c\\u043e\\u0441\\u0442\\u0438 (email)", "fields": ["\\u041e\\u043f\\u0438\\u0441\\u0430\\u043d\\u0438\\u0435"]}}, {"changed": {"name": "\\u041a\\u0435\\u0439\\u0441", "object": "\\u0423\\u0432\\u0435\\u043b\\u0438\\u0447\\u0435\\u043d\\u0438\\u0435 \\u043f\\u0440\\u043e\\u0434\\u0430\\u0436 \\u0438\\u043d\\u0442\\u0435\\u0440\\u043d\\u0435\\u0442-\\u043c\\u0430\\u0433\\u0430\\u0437\\u0438\\u043d\\u0430 \\u043e\\u0434\\u0435\\u0436\\u0434\\u044b \\u043d\\u0430 156% \\u0441 \\u043f\\u043e\\u043c\\u043e\\u0449\\u044c\\u044e \\u0441\\u0435\\u0433\\u043c\\u0435\\u043d\\u0442\\u0438\\u0440\\u043e\\u0432\\u0430\\u043d\\u043d\\u044b\\u0445 \\u0440\\u0430\\u0441\\u0441\\u044b\\u043b\\u043e\\u043a (email)", "fields": ["\\u041e\\u043f\\u0438\\u0441\\u0430\\u043d\\u0438\\u0435"]}}, {"changed": {"name": "\\u041a\\u0435\\u0439\\u0441", "object": "\\u0423\\u0432\\u0435\\u043b\\u0438\\u0447\\u0435\\u043d\\u0438\\u0435 \\u043a\\u043e\\u043b\\u0438\\u0447\\u0435\\u0441\\u0442\\u0432\\u0430 \\u043a\\u0432\\u0430\\u043b\\u0438\\u0444\\u0438\\u0446\\u0438\\u0440\\u043e\\u0432\\u0430\\u043d\\u043d\\u044b\\u0445 \\u043b\\u0438\\u0434\\u043e\\u0432 B2B-\\u043a\\u043e\\u043c\\u043f\\u0430\\u043d\\u0438\\u0438 \\u043d\\u0430 83% \\u0437\\u0430 3 \\u043c\\u0435\\u0441\\u044f\\u0446\\u0430 (email)", "fields": ["\\u041e\\u043f\\u0438\\u0441\\u0430\\u043d\\u0438\\u0435"]}}, {"changed": {"name": "\\u041a\\u0435\\u0439\\u0441", "object": "\\u041f\\u043e\\u0432\\u044b\\u0448\\u0435\\u043d\\u0438\\u0435 \\u043e\\u0442\\u043a\\u0440\\u044b\\u0432\\u0430\\u0435\\u043c\\u043e\\u0441\\u0442\\u0438 \\u043f\\u0438\\u0441\\u0435\\u043c \\u0441 18% \\u0434\\u043e 42% \\u0434\\u043b\\u044f \\u0441\\u0435\\u0442\\u0438 \\u0444\\u0438\\u0442\\u043d\\u0435\\u0441-\\u0446\\u0435\\u043d\\u0442\\u0440\\u043e\\u0432 (email)", "fields": ["\\u041e\\u043f\\u0438\\u0441\\u0430\\u043d\\u0438\\u0435"]}}]	17	4
66	2025-04-13 22:40:20.976374+03	2	email	2	[{"changed": {"name": "FAQ", "object": "\\u041a\\u0430\\u043a \\u0431\\u044b\\u0441\\u0442\\u0440\\u043e email \\u043c\\u0430\\u0440\\u043a\\u0435\\u0442\\u0438\\u043d\\u0433 \\u043d\\u0430\\u0447\\u0438\\u043d\\u0430\\u0435\\u0442 \\u043f\\u0440\\u0438\\u043d\\u043e\\u0441\\u0438\\u0442\\u044c \\u0440\\u0435\\u0437\\u0443\\u043b\\u044c\\u0442\\u0430\\u0442\\u044b?", "fields": ["\\u041e\\u0442\\u0432\\u0435\\u0442"]}}, {"changed": {"name": "FAQ", "object": "\\u041a\\u0430\\u043a\\u0438\\u0435 \\u0433\\u0430\\u0440\\u0430\\u043d\\u0442\\u0438\\u0438 \\u0432\\u044b \\u043f\\u0440\\u0435\\u0434\\u043e\\u0441\\u0442\\u0430\\u0432\\u043b\\u044f\\u0435\\u0442\\u0435?", "fields": ["\\u041e\\u0442\\u0432\\u0435\\u0442"]}}, {"changed": {"name": "FAQ", "object": "\\u0414\\u043b\\u044f \\u043a\\u0430\\u043a\\u0438\\u0445 \\u043a\\u0430\\u043c\\u043f\\u0430\\u043d\\u0438\\u0439 \\u043f\\u043e\\u0434\\u0445\\u043e\\u0434\\u0438\\u0442 email-\\u043c\\u0430\\u0440\\u043a\\u0435\\u0442\\u0438\\u043d\\u0433?", "fields": ["\\u041e\\u0442\\u0432\\u0435\\u0442"]}}, {"changed": {"name": "FAQ", "object": "\\u041c\\u043e\\u0438 \\u043f\\u0438\\u0441\\u044c\\u043c\\u0430 \\u043d\\u0435 \\u0431\\u0443\\u0434\\u0443\\u0442 \\u043f\\u043e\\u043f\\u0430\\u0434\\u0430\\u0442\\u044c \\u0432 \\u0441\\u043f\\u0430\\u043c?", "fields": ["\\u041e\\u0442\\u0432\\u0435\\u0442"]}}, {"changed": {"name": "FAQ", "object": "\\u041a\\u0430\\u043a\\u0438\\u0435 \\u043c\\u0435\\u0442\\u0440\\u0438\\u043a\\u0438 email-\\u043c\\u0430\\u0440\\u043a\\u0435\\u0442\\u0438\\u043d\\u0433\\u0430 \\u0432\\u044b \\u043e\\u0442\\u0441\\u043b\\u0435\\u0436\\u0438\\u0432\\u0430\\u0435\\u0442\\u0435?", "fields": ["\\u041e\\u0442\\u0432\\u0435\\u0442"]}}, {"changed": {"name": "\\u0411\\u043b\\u043e\\u043a \\u043e\\u0431\\u044a\\u044f\\u0441\\u043d\\u0435\\u043d\\u0438\\u044f", "object": "\\u0412\\u044b\\u0441\\u043e\\u043a\\u0438\\u0439 ROI (email)", "fields": ["\\u041e\\u043f\\u0438\\u0441\\u0430\\u043d\\u0438\\u0435"]}}, {"changed": {"name": "\\u0411\\u043b\\u043e\\u043a \\u043e\\u0431\\u044a\\u044f\\u0441\\u043d\\u0435\\u043d\\u0438\\u044f", "object": "\\u0412\\u044b\\u0441\\u043e\\u043a\\u0430\\u044f \\u043a\\u043e\\u043d\\u0432\\u0435\\u0440\\u0441\\u0438\\u044f (email)", "fields": ["\\u041e\\u043f\\u0438\\u0441\\u0430\\u043d\\u0438\\u0435"]}}, {"changed": {"name": "\\u0411\\u043b\\u043e\\u043a \\u043e\\u0431\\u044a\\u044f\\u0441\\u043d\\u0435\\u043d\\u0438\\u044f", "object": "\\u041f\\u0435\\u0440\\u0441\\u043e\\u043d\\u0430\\u043b\\u0438\\u0437\\u0430\\u0446\\u0438\\u044f (email)", "fields": ["\\u041e\\u043f\\u0438\\u0441\\u0430\\u043d\\u0438\\u0435"]}}, {"changed": {"name": "\\u0411\\u043b\\u043e\\u043a \\u043e\\u0431\\u044a\\u044f\\u0441\\u043d\\u0435\\u043d\\u0438\\u044f", "object": "\\u041b\\u043e\\u044f\\u043b\\u044c\\u043d\\u043e\\u0441\\u0442\\u044c \\u0430\\u0443\\u0434\\u0438\\u0442\\u043e\\u0440\\u0438\\u0438 (email)", "fields": ["\\u041e\\u043f\\u0438\\u0441\\u0430\\u043d\\u0438\\u0435"]}}, {"changed": {"name": "\\u0411\\u043b\\u043e\\u043a \\u043e\\u0431\\u044a\\u044f\\u0441\\u043d\\u0435\\u043d\\u0438\\u044f", "object": "\\u0410\\u0432\\u0442\\u043e\\u043c\\u0430\\u0442\\u0438\\u0437\\u0430\\u0446\\u0438\\u044f (email)", "fields": ["\\u041e\\u043f\\u0438\\u0441\\u0430\\u043d\\u0438\\u0435"]}}, {"changed": {"name": "\\u0411\\u043b\\u043e\\u043a \\u043e\\u0431\\u044a\\u044f\\u0441\\u043d\\u0435\\u043d\\u0438\\u044f", "object": "\\u0418\\u0437\\u043c\\u0435\\u0440\\u0438\\u043c\\u044b\\u0435 \\u0440\\u0435\\u0437\\u0443\\u043b\\u044c\\u0442\\u0430\\u0442\\u044b (email)", "fields": ["\\u041e\\u043f\\u0438\\u0441\\u0430\\u043d\\u0438\\u0435"]}}, {"changed": {"name": "\\u0414\\u0435\\u0442\\u0430\\u043b\\u044c\\u043d\\u0430\\u044f \\u0443\\u0441\\u043b\\u0443\\u0433\\u0430", "object": "\\u0410\\u0443\\u0434\\u0438\\u0442 \\u0438 \\u0441\\u0442\\u0440\\u0430\\u0442\\u0435\\u0433\\u0438\\u044f email-\\u043c\\u0430\\u0440\\u043a\\u0435\\u0442\\u0438\\u043d\\u0433\\u0430 (email)", "fields": ["\\u041e\\u043f\\u0438\\u0441\\u0430\\u043d\\u0438\\u0435"]}}, {"changed": {"name": "\\u0414\\u0435\\u0442\\u0430\\u043b\\u044c\\u043d\\u0430\\u044f \\u0443\\u0441\\u043b\\u0443\\u0433\\u0430", "object": "\\u0421\\u043e\\u0437\\u0434\\u0430\\u043d\\u0438\\u0435 \\u0438 \\u0434\\u0438\\u0437\\u0430\\u0439\\u043d \\u043f\\u0438\\u0441\\u0435\\u043c (email)", "fields": ["\\u041e\\u043f\\u0438\\u0441\\u0430\\u043d\\u0438\\u0435"]}}, {"changed": {"name": "\\u0414\\u0435\\u0442\\u0430\\u043b\\u044c\\u043d\\u0430\\u044f \\u0443\\u0441\\u043b\\u0443\\u0433\\u0430", "object": "\\u0421\\u0435\\u0433\\u043c\\u0435\\u043d\\u0442\\u0430\\u0446\\u0438\\u044f \\u0438 \\u043f\\u0435\\u0440\\u0441\\u043e\\u043d\\u0430\\u043b\\u0438\\u0437\\u0430\\u0446\\u0438\\u044f (email)", "fields": ["\\u041e\\u043f\\u0438\\u0441\\u0430\\u043d\\u0438\\u0435"]}}, {"changed": {"name": "\\u0414\\u0435\\u0442\\u0430\\u043b\\u044c\\u043d\\u0430\\u044f \\u0443\\u0441\\u043b\\u0443\\u0433\\u0430", "object": "\\u041d\\u0430\\u0441\\u0442\\u0440\\u043e\\u0439\\u043a\\u0430 \\u0430\\u0432\\u0442\\u043e\\u043c\\u0430\\u0442\\u0438\\u0447\\u0435\\u0441\\u043a\\u0438\\u0445 \\u0446\\u0435\\u043f\\u043e\\u0447\\u0435\\u043a (email)", "fields": ["\\u041e\\u043f\\u0438\\u0441\\u0430\\u043d\\u0438\\u0435"]}}, {"changed": {"name": "\\u0414\\u0435\\u0442\\u0430\\u043b\\u044c\\u043d\\u0430\\u044f \\u0443\\u0441\\u043b\\u0443\\u0433\\u0430", "object": "A/B-\\u0442\\u0435\\u0441\\u0442\\u0438\\u0440\\u043e\\u0432\\u0430\\u043d\\u0438\\u0435 \\u0438 \\u0430\\u043d\\u0430\\u043b\\u0438\\u0442\\u0438\\u043a\\u0430 (email)", "fields": ["\\u041e\\u043f\\u0438\\u0441\\u0430\\u043d\\u0438\\u0435"]}}, {"changed": {"name": "\\u0414\\u0435\\u0442\\u0430\\u043b\\u044c\\u043d\\u0430\\u044f \\u0443\\u0441\\u043b\\u0443\\u0433\\u0430", "object": "\\u0422\\u0435\\u0445\\u043d\\u0438\\u0447\\u0435\\u0441\\u043a\\u0430\\u044f \\u043e\\u043f\\u0442\\u0438\\u043c\\u0438\\u0437\\u0430\\u0446\\u0438\\u044f \\u0434\\u043e\\u0441\\u0442\\u0430\\u0432\\u043b\\u044f\\u0435\\u043c\\u043e\\u0441\\u0442\\u0438 (email)", "fields": ["\\u041e\\u043f\\u0438\\u0441\\u0430\\u043d\\u0438\\u0435"]}}, {"changed": {"name": "\\u041a\\u0435\\u0439\\u0441", "object": "\\u0423\\u0432\\u0435\\u043b\\u0438\\u0447\\u0435\\u043d\\u0438\\u0435 \\u043f\\u0440\\u043e\\u0434\\u0430\\u0436 \\u0438\\u043d\\u0442\\u0435\\u0440\\u043d\\u0435\\u0442-\\u043c\\u0430\\u0433\\u0430\\u0437\\u0438\\u043d\\u0430 \\u043e\\u0434\\u0435\\u0436\\u0434\\u044b \\u043d\\u0430 156% \\u0441 \\u043f\\u043e\\u043c\\u043e\\u0449\\u044c\\u044e \\u0441\\u0435\\u0433\\u043c\\u0435\\u043d\\u0442\\u0438\\u0440\\u043e\\u0432\\u0430\\u043d\\u043d\\u044b\\u0445 \\u0440\\u0430\\u0441\\u0441\\u044b\\u043b\\u043e\\u043a (email)", "fields": ["\\u041e\\u043f\\u0438\\u0441\\u0430\\u043d\\u0438\\u0435"]}}, {"changed": {"name": "\\u041a\\u0435\\u0439\\u0441", "object": "\\u0423\\u0432\\u0435\\u043b\\u0438\\u0447\\u0435\\u043d\\u0438\\u0435 \\u043a\\u043e\\u043b\\u0438\\u0447\\u0435\\u0441\\u0442\\u0432\\u0430 \\u043a\\u0432\\u0430\\u043b\\u0438\\u0444\\u0438\\u0446\\u0438\\u0440\\u043e\\u0432\\u0430\\u043d\\u043d\\u044b\\u0445 \\u043b\\u0438\\u0434\\u043e\\u0432 B2B-\\u043a\\u043e\\u043c\\u043f\\u0430\\u043d\\u0438\\u0438 \\u043d\\u0430 83% \\u0437\\u0430 3 \\u043c\\u0435\\u0441\\u044f\\u0446\\u0430 (email)", "fields": ["\\u041e\\u043f\\u0438\\u0441\\u0430\\u043d\\u0438\\u0435"]}}, {"changed": {"name": "\\u041a\\u0435\\u0439\\u0441", "object": "\\u041f\\u043e\\u0432\\u044b\\u0448\\u0435\\u043d\\u0438\\u0435 \\u043e\\u0442\\u043a\\u0440\\u044b\\u0432\\u0430\\u0435\\u043c\\u043e\\u0441\\u0442\\u0438 \\u043f\\u0438\\u0441\\u0435\\u043c \\u0441 18% \\u0434\\u043e 42% \\u0434\\u043b\\u044f \\u0441\\u0435\\u0442\\u0438 \\u0444\\u0438\\u0442\\u043d\\u0435\\u0441-\\u0446\\u0435\\u043d\\u0442\\u0440\\u043e\\u0432 (email)", "fields": ["\\u041e\\u043f\\u0438\\u0441\\u0430\\u043d\\u0438\\u0435"]}}]	17	4
67	2025-04-13 22:40:58.694329+03	2	email	2	[{"changed": {"fields": ["\\u041a\\u0440\\u0430\\u0442\\u043a\\u043e\\u0435 \\u043e\\u043f\\u0438\\u0441\\u0430\\u043d\\u0438\\u0435", "\\u041f\\u043e\\u043b\\u043d\\u043e\\u0435 \\u043e\\u043f\\u0438\\u0441\\u0430\\u043d\\u0438\\u0435"]}}]	17	4
68	2025-04-13 22:45:01.60573+03	1	seo	2	[{"changed": {"fields": ["\\u041a\\u0440\\u0430\\u0442\\u043a\\u043e\\u0435 \\u043e\\u043f\\u0438\\u0441\\u0430\\u043d\\u0438\\u0435", "Meta Description"]}}]	17	4
69	2025-04-21 22:31:37.346345+03	1	homyaga@gmail.com	3		30	4
70	2025-04-21 22:41:41.148164+03	2	homyaga@gmail.com	3		30	4
71	2025-04-21 22:46:15.60196+03	3	homyaga@gmail.com	3		30	4
72	2025-04-21 22:48:44.889626+03	4	homyaga@gmail.com	3		30	4
73	2025-04-21 22:52:05.749629+03	5	homyaga@gmail.com	3		30	4
74	2025-04-21 22:54:51.035247+03	6	homyaga@gmail.com	3		30	4
75	2025-04-21 23:19:44.559133+03	8	e002kx78@gmail.com	3		30	4
76	2025-04-21 23:19:44.559202+03	7	homyaga@gmail.com	3		30	4
77	2025-04-24 22:05:19.258862+03	9	homyaga@gmail.com	3		30	4
78	2025-04-24 22:18:28.71557+03	10	homyaga@gmail.com	3		30	4
79	2025-04-24 22:57:32.869502+03	11	homyaga@gmail.com	3		30	4
91	2025-04-27 22:02:22.25121+03	24	Как отличить настоящие отзывы от заказных?	2	[{"changed": {"fields": ["\\u041f\\u043e\\u0440\\u044f\\u0434\\u043e\\u043a \\u043e\\u0442\\u043e\\u0431\\u0440\\u0430\\u0436\\u0435\\u043d\\u0438\\u044f"]}}]	18	4
92	2025-04-27 22:02:47.897037+03	25	Что включает в себя репутационный маркетинг?	1	[{"added": {}}]	18	4
93	2025-04-27 22:03:18.481664+03	26	Какие метрики используются для оценки эффективности?	1	[{"added": {}}]	18	4
94	2025-04-27 22:03:57.210478+03	27	Когда я увижу результаты от PPC-рекламы?	1	[{"added": {}}]	18	4
95	2025-04-27 22:04:23.152728+03	28	Какой бюджет нужен для запуска PPC-рекламы?	1	[{"added": {}}]	18	4
96	2025-04-27 22:05:31.458883+03	29	В каких системах вы настраиваете PPC-рекламу?	1	[{"added": {}}]	18	4
97	2025-04-27 22:05:57.358629+03	30	Чем PPC отличается от SEO-продвижения?	1	[{"added": {}}]	18	4
98	2025-04-27 22:06:19.24048+03	31	Какие отчеты по PPC-рекламе вы предоставляете?	1	[{"added": {}}]	18	4
99	2025-04-27 22:07:19.151949+03	32	Как быстро можно увидеть результаты от SMM-продвижения?	1	[{"added": {}}]	18	4
100	2025-04-27 22:07:42.58778+03	33	Какие социальные сети лучше использовать для моего бизнеса?	1	[{"added": {}}]	18	4
101	2025-04-27 22:08:12.022366+03	34	Что входит в услуги SMM-продвижения?	1	[{"added": {}}]	18	4
102	2025-04-27 22:08:35.668474+03	35	Как измеряется эффективность SMM-продвижения?	1	[{"added": {}}]	18	4
103	2025-04-27 22:09:03.397555+03	36	Кто будет создавать контент для социальных сетей?	1	[{"added": {}}]	18	4
104	2025-04-27 23:10:34.249802+03	1	seo	2	[{"changed": {"fields": ["\\u0418\\u0437\\u043e\\u0431\\u0440\\u0430\\u0436\\u0435\\u043d\\u0438\\u0435 \\u0443\\u0441\\u043b\\u0443\\u0433\\u0438"]}}]	17	4
105	2025-05-27 22:10:33.540675+03	2	email	2	[{"changed": {"fields": ["\\u041a\\u0440\\u0430\\u0442\\u043a\\u043e\\u0435 \\u043e\\u043f\\u0438\\u0441\\u0430\\u043d\\u0438\\u0435"]}}, {"changed": {"name": "\\u0411\\u043b\\u043e\\u043a \\u043e\\u0431\\u044a\\u044f\\u0441\\u043d\\u0435\\u043d\\u0438\\u044f", "object": "\\u041f\\u0440\\u044f\\u043c\\u0430\\u044f \\u043a\\u043e\\u043c\\u043c\\u0443\\u043d\\u0438\\u043a\\u0430\\u0446\\u0438\\u044f (email)", "fields": ["SVG-\\u0438\\u043a\\u043e\\u043d\\u043a\\u0430"]}}, {"changed": {"name": "\\u0411\\u043b\\u043e\\u043a \\u043e\\u0431\\u044a\\u044f\\u0441\\u043d\\u0435\\u043d\\u0438\\u044f", "object": "\\u0420\\u0435\\u0433\\u0443\\u043b\\u044f\\u0440\\u043d\\u043e\\u0441\\u0442\\u044c \\u043a\\u043e\\u043d\\u0442\\u0430\\u043a\\u0442\\u0430 (email)", "fields": ["SVG-\\u0438\\u043a\\u043e\\u043d\\u043a\\u0430"]}}, {"changed": {"name": "\\u0411\\u043b\\u043e\\u043a \\u043e\\u0431\\u044a\\u044f\\u0441\\u043d\\u0435\\u043d\\u0438\\u044f", "object": "\\u0420\\u0430\\u0437\\u043d\\u043e\\u043e\\u0431\\u0440\\u0430\\u0437\\u0438\\u0435 \\u0444\\u043e\\u0440\\u043c\\u0430\\u0442\\u043e\\u0432 (email)", "fields": ["SVG-\\u0438\\u043a\\u043e\\u043d\\u043a\\u0430"]}}, {"changed": {"name": "\\u0411\\u043b\\u043e\\u043a \\u043e\\u0431\\u044a\\u044f\\u0441\\u043d\\u0435\\u043d\\u0438\\u044f", "object": "\\u0421\\u0442\\u0440\\u0443\\u043a\\u0442\\u0443\\u0440\\u0438\\u0440\\u043e\\u0432\\u0430\\u043d\\u043d\\u044b\\u0439 \\u043f\\u043e\\u0434\\u0445\\u043e\\u0434 (email)", "fields": ["SVG-\\u0438\\u043a\\u043e\\u043d\\u043a\\u0430"]}}, {"changed": {"name": "\\u0411\\u043b\\u043e\\u043a \\u043e\\u0431\\u044a\\u044f\\u0441\\u043d\\u0435\\u043d\\u0438\\u044f", "object": "\\u041f\\u0443\\u0442\\u044c \\u043a\\u043b\\u0438\\u0435\\u043d\\u0442\\u0430 (email)", "fields": ["SVG-\\u0438\\u043a\\u043e\\u043d\\u043a\\u0430"]}}, {"changed": {"name": "\\u0411\\u043b\\u043e\\u043a \\u043e\\u0431\\u044a\\u044f\\u0441\\u043d\\u0435\\u043d\\u0438\\u044f", "object": "\\u041a\\u043e\\u043d\\u0442\\u0435\\u043d\\u0442\\u043d\\u0430\\u044f \\u043f\\u043b\\u0430\\u0442\\u0444\\u043e\\u0440\\u043c\\u0430 (email)", "fields": ["SVG-\\u0438\\u043a\\u043e\\u043d\\u043a\\u0430"]}}]	17	4
106	2025-05-27 22:11:05.798834+03	2	email	2	[{"changed": {"fields": ["\\u041a\\u0440\\u0430\\u0442\\u043a\\u043e\\u0435 \\u043e\\u043f\\u0438\\u0441\\u0430\\u043d\\u0438\\u0435"]}}]	17	4
107	2025-05-27 22:11:57.715301+03	1	seo	2	[{"changed": {"fields": ["\\u0417\\u0430\\u0433\\u043e\\u043b\\u043e\\u0432\\u043e\\u043a \\u0441\\u0442\\u0440\\u0430\\u043d\\u0438\\u0446\\u044b"]}}]	17	4
108	2025-05-27 22:12:50.532293+03	1	seo	2	[{"changed": {"fields": ["\\u041a\\u0440\\u0430\\u0442\\u043a\\u043e\\u0435 \\u043e\\u043f\\u0438\\u0441\\u0430\\u043d\\u0438\\u0435"]}}]	17	4
109	2025-05-28 21:54:29.664972+03	13	Привлечение аудитории (content)	1	[{"added": {}}]	26	4
110	2025-05-28 21:55:33.845464+03	14	Экспертное позиционирование (content)	1	[{"added": {}}]	26	4
111	2025-05-28 21:56:44.521834+03	15	Улучшение видимости в поиске (content)	1	[{"added": {}}]	26	4
112	2025-05-28 21:57:19.287952+03	16	Вовлечение аудитории (content)	1	[{"added": {}}]	26	4
113	2025-05-28 21:57:53.341279+03	17	Поддержка продаж (content)	1	[{"added": {}}]	26	4
114	2025-05-28 21:58:27.58018+03	18	Долгосрочный результат (content)	1	[{"added": {}}]	26	4
115	2025-05-28 22:02:22.222831+03	3	content	2	[{"added": {"name": "\\u042d\\u0442\\u0430\\u043f \\u043f\\u0440\\u043e\\u0446\\u0435\\u0441\\u0441\\u0430", "object": "\\u0410\\u043d\\u0430\\u043b\\u0438\\u0437 \\u0438 \\u0438\\u0441\\u0441\\u043b\\u0435\\u0434\\u043e\\u0432\\u0430\\u043d\\u0438\\u0435 (content)"}}]	17	4
116	2025-05-28 22:07:49.812732+03	3	content	2	[{"added": {"name": "\\u042d\\u0442\\u0430\\u043f \\u043f\\u0440\\u043e\\u0446\\u0435\\u0441\\u0441\\u0430", "object": "\\u0420\\u0430\\u0437\\u0440\\u0430\\u0431\\u043e\\u0442\\u043a\\u0430 \\u043a\\u043e\\u043d\\u0442\\u0435\\u043d\\u0442-\\u0441\\u0442\\u0440\\u0430\\u0442\\u0435\\u0433\\u0438\\u0438 (content)"}}, {"added": {"name": "\\u042d\\u0442\\u0430\\u043f \\u043f\\u0440\\u043e\\u0446\\u0435\\u0441\\u0441\\u0430", "object": "\\u0421\\u043e\\u0437\\u0434\\u0430\\u043d\\u0438\\u0435 \\u043a\\u043e\\u043d\\u0442\\u0435\\u043d\\u0442\\u0430 (content)"}}, {"added": {"name": "\\u042d\\u0442\\u0430\\u043f \\u043f\\u0440\\u043e\\u0446\\u0435\\u0441\\u0441\\u0430", "object": "\\u041f\\u0443\\u0431\\u043b\\u0438\\u043a\\u0430\\u0446\\u0438\\u044f \\u0438 \\u043f\\u0440\\u043e\\u0434\\u0432\\u0438\\u0436\\u0435\\u043d\\u0438\\u0435 (content)"}}, {"added": {"name": "\\u042d\\u0442\\u0430\\u043f \\u043f\\u0440\\u043e\\u0446\\u0435\\u0441\\u0441\\u0430", "object": "\\u0410\\u043d\\u0430\\u043b\\u0438\\u0437 \\u044d\\u0444\\u0444\\u0435\\u043a\\u0442\\u0438\\u0432\\u043d\\u043e\\u0441\\u0442\\u0438 (content)"}}, {"added": {"name": "\\u042d\\u0442\\u0430\\u043f \\u043f\\u0440\\u043e\\u0446\\u0435\\u0441\\u0441\\u0430", "object": "\\u041e\\u043f\\u0442\\u0438\\u043c\\u0438\\u0437\\u0430\\u0446\\u0438\\u044f \\u0438 \\u043c\\u0430\\u0441\\u0448\\u0442\\u0430\\u0431\\u0438\\u0440\\u043e\\u0432\\u0430\\u043d\\u0438\\u0435 (content)"}}, {"changed": {"name": "\\u042d\\u0442\\u0430\\u043f \\u043f\\u0440\\u043e\\u0446\\u0435\\u0441\\u0441\\u0430", "object": "\\u0410\\u043d\\u0430\\u043b\\u0438\\u0437 \\u0438 \\u0438\\u0441\\u0441\\u043b\\u0435\\u0434\\u043e\\u0432\\u0430\\u043d\\u0438\\u0435 (content)", "fields": ["\\u041f\\u043e\\u0440\\u044f\\u0434\\u043e\\u043a \\u043e\\u0442\\u043e\\u0431\\u0440\\u0430\\u0436\\u0435\\u043d\\u0438\\u044f"]}}, {"added": {"name": "\\u0414\\u0435\\u0442\\u0430\\u043b\\u044c\\u043d\\u0430\\u044f \\u0443\\u0441\\u043b\\u0443\\u0433\\u0430", "object": "\\u0420\\u0430\\u0437\\u0440\\u0430\\u0431\\u043e\\u0442\\u043a\\u0430 \\u043a\\u043e\\u043d\\u0442\\u0435\\u043d\\u0442-\\u0441\\u0442\\u0440\\u0430\\u0442\\u0435\\u0433\\u0438\\u0438 (content)"}}]	17	4
117	2025-05-28 22:10:27.063392+03	13	Разработка контент-стратегии (content)	2	[{"added": {"name": "\\u041f\\u0443\\u043d\\u043a\\u0442 \\u0434\\u0435\\u0442\\u0430\\u043b\\u044c\\u043d\\u043e\\u0439 \\u0443\\u0441\\u043b\\u0443\\u0433\\u0438", "object": "\\u0410\\u0443\\u0434\\u0438\\u0442 \\u0441\\u0443\\u0449\\u0435\\u0441\\u0442\\u0432\\u0443\\u044e\\u0449\\u0435\\u0433\\u043e \\u043a\\u043e\\u043d\\u0442\\u0435\\u043d\\u0442\\u0430 (\\u0420\\u0430\\u0437\\u0440\\u0430\\u0431\\u043e\\u0442\\u043a\\u0430 \\u043a\\u043e\\u043d\\u0442\\u0435\\u043d\\u0442-\\u0441\\u0442\\u0440\\u0430\\u0442\\u0435\\u0433\\u0438\\u0438)"}}, {"added": {"name": "\\u041f\\u0443\\u043d\\u043a\\u0442 \\u0434\\u0435\\u0442\\u0430\\u043b\\u044c\\u043d\\u043e\\u0439 \\u0443\\u0441\\u043b\\u0443\\u0433\\u0438", "object": "\\u0410\\u043d\\u0430\\u043b\\u0438\\u0437 \\u043a\\u043e\\u043d\\u043a\\u0443\\u0440\\u0435\\u043d\\u0442\\u043e\\u0432 \\u0438 \\u043e\\u0442\\u0440\\u0430\\u0441\\u043b\\u0438 (\\u0420\\u0430\\u0437\\u0440\\u0430\\u0431\\u043e\\u0442\\u043a\\u0430 \\u043a\\u043e\\u043d\\u0442\\u0435\\u043d\\u0442-\\u0441\\u0442\\u0440\\u0430\\u0442\\u0435\\u0433\\u0438\\u0438)"}}, {"added": {"name": "\\u041f\\u0443\\u043d\\u043a\\u0442 \\u0434\\u0435\\u0442\\u0430\\u043b\\u044c\\u043d\\u043e\\u0439 \\u0443\\u0441\\u043b\\u0443\\u0433\\u0438", "object": "\\u0420\\u0430\\u0437\\u0440\\u0430\\u0431\\u043e\\u0442\\u043a\\u0430 \\u0440\\u0435\\u0434\\u0430\\u043a\\u0446\\u0438\\u043e\\u043d\\u043d\\u043e\\u0433\\u043e \\u043a\\u0430\\u043b\\u0435\\u043d\\u0434\\u0430\\u0440\\u044f (\\u0420\\u0430\\u0437\\u0440\\u0430\\u0431\\u043e\\u0442\\u043a\\u0430 \\u043a\\u043e\\u043d\\u0442\\u0435\\u043d\\u0442-\\u0441\\u0442\\u0440\\u0430\\u0442\\u0435\\u0433\\u0438\\u0438)"}}]	24	4
118	2025-05-28 22:11:22.929416+03	14	Создание контента для сайта (content)	1	[{"added": {}}]	24	4
119	2025-05-28 22:11:47.237631+03	14	Создание контента для сайта (content)	2	[{"changed": {"fields": ["SVG-\\u0438\\u043a\\u043e\\u043d\\u043a\\u0430"]}}]	24	4
120	2025-05-28 22:13:07.387911+03	14	Создание контента для сайта (content)	2	[{"added": {"name": "\\u041f\\u0443\\u043d\\u043a\\u0442 \\u0434\\u0435\\u0442\\u0430\\u043b\\u044c\\u043d\\u043e\\u0439 \\u0443\\u0441\\u043b\\u0443\\u0433\\u0438", "object": "\\u0418\\u043d\\u0444\\u043e\\u0440\\u043c\\u0430\\u0446\\u0438\\u043e\\u043d\\u043d\\u044b\\u0435 \\u0438 \\u043a\\u043e\\u043c\\u043c\\u0435\\u0440\\u0447\\u0435\\u0441\\u043a\\u0438\\u0435 \\u0441\\u0442\\u0430\\u0442\\u044c\\u0438 (\\u0421\\u043e\\u0437\\u0434\\u0430\\u043d\\u0438\\u0435 \\u043a\\u043e\\u043d\\u0442\\u0435\\u043d\\u0442\\u0430 \\u0434\\u043b\\u044f \\u0441\\u0430\\u0439\\u0442\\u0430)"}}, {"added": {"name": "\\u041f\\u0443\\u043d\\u043a\\u0442 \\u0434\\u0435\\u0442\\u0430\\u043b\\u044c\\u043d\\u043e\\u0439 \\u0443\\u0441\\u043b\\u0443\\u0433\\u0438", "object": "\\u041b\\u0435\\u043d\\u0434\\u0438\\u043d\\u0433\\u0438 \\u0438 \\u043f\\u0440\\u043e\\u0434\\u0443\\u043a\\u0442\\u043e\\u0432\\u044b\\u0435 \\u0441\\u0442\\u0440\\u0430\\u043d\\u0438\\u0446\\u044b (\\u0421\\u043e\\u0437\\u0434\\u0430\\u043d\\u0438\\u0435 \\u043a\\u043e\\u043d\\u0442\\u0435\\u043d\\u0442\\u0430 \\u0434\\u043b\\u044f \\u0441\\u0430\\u0439\\u0442\\u0430)"}}, {"added": {"name": "\\u041f\\u0443\\u043d\\u043a\\u0442 \\u0434\\u0435\\u0442\\u0430\\u043b\\u044c\\u043d\\u043e\\u0439 \\u0443\\u0441\\u043b\\u0443\\u0433\\u0438", "object": "\\u041a\\u0435\\u0439\\u0441\\u044b \\u0438 \\u043e\\u0442\\u0437\\u044b\\u0432\\u044b \\u043a\\u043b\\u0438\\u0435\\u043d\\u0442\\u043e\\u0432 (\\u0421\\u043e\\u0437\\u0434\\u0430\\u043d\\u0438\\u0435 \\u043a\\u043e\\u043d\\u0442\\u0435\\u043d\\u0442\\u0430 \\u0434\\u043b\\u044f \\u0441\\u0430\\u0439\\u0442\\u0430)"}}]	24	4
121	2025-05-28 22:14:21.384513+03	15	Контент для социальных сетей (content)	1	[{"added": {}}, {"added": {"name": "\\u041f\\u0443\\u043d\\u043a\\u0442 \\u0434\\u0435\\u0442\\u0430\\u043b\\u044c\\u043d\\u043e\\u0439 \\u0443\\u0441\\u043b\\u0443\\u0433\\u0438", "object": "\\u041f\\u043e\\u0441\\u0442\\u044b \\u0438 \\u0441\\u0442\\u043e\\u0440\\u0438\\u0441 \\u0434\\u043b\\u044f \\u0441\\u043e\\u0446\\u0441\\u0435\\u0442\\u0435\\u0439 (\\u041a\\u043e\\u043d\\u0442\\u0435\\u043d\\u0442 \\u0434\\u043b\\u044f \\u0441\\u043e\\u0446\\u0438\\u0430\\u043b\\u044c\\u043d\\u044b\\u0445 \\u0441\\u0435\\u0442\\u0435\\u0439)"}}, {"added": {"name": "\\u041f\\u0443\\u043d\\u043a\\u0442 \\u0434\\u0435\\u0442\\u0430\\u043b\\u044c\\u043d\\u043e\\u0439 \\u0443\\u0441\\u043b\\u0443\\u0433\\u0438", "object": "\\u0418\\u043d\\u0442\\u0435\\u0440\\u0430\\u043a\\u0442\\u0438\\u0432\\u043d\\u044b\\u0439 \\u0438 \\u0432\\u0438\\u0440\\u0443\\u0441\\u043d\\u044b\\u0439 \\u043a\\u043e\\u043d\\u0442\\u0435\\u043d\\u0442 (\\u041a\\u043e\\u043d\\u0442\\u0435\\u043d\\u0442 \\u0434\\u043b\\u044f \\u0441\\u043e\\u0446\\u0438\\u0430\\u043b\\u044c\\u043d\\u044b\\u0445 \\u0441\\u0435\\u0442\\u0435\\u0439)"}}, {"added": {"name": "\\u041f\\u0443\\u043d\\u043a\\u0442 \\u0434\\u0435\\u0442\\u0430\\u043b\\u044c\\u043d\\u043e\\u0439 \\u0443\\u0441\\u043b\\u0443\\u0433\\u0438", "object": "\\u041a\\u043e\\u043d\\u0442\\u0435\\u043d\\u0442-\\u043f\\u043b\\u0430\\u043d\\u044b \\u0434\\u043b\\u044f \\u0441\\u043e\\u0446\\u0441\\u0435\\u0442\\u0435\\u0439 (\\u041a\\u043e\\u043d\\u0442\\u0435\\u043d\\u0442 \\u0434\\u043b\\u044f \\u0441\\u043e\\u0446\\u0438\\u0430\\u043b\\u044c\\u043d\\u044b\\u0445 \\u0441\\u0435\\u0442\\u0435\\u0439)"}}]	24	4
122	2025-05-28 22:16:14.990487+03	16	Email-маркетинг (content)	1	[{"added": {}}, {"added": {"name": "\\u041f\\u0443\\u043d\\u043a\\u0442 \\u0434\\u0435\\u0442\\u0430\\u043b\\u044c\\u043d\\u043e\\u0439 \\u0443\\u0441\\u043b\\u0443\\u0433\\u0438", "object": "\\u041f\\u0440\\u043e\\u043c\\u043e-\\u0440\\u0430\\u0441\\u0441\\u044b\\u043b\\u043a\\u0438 \\u0438 \\u0434\\u0430\\u0439\\u0434\\u0436\\u0435\\u0441\\u0442\\u044b (Email-\\u043c\\u0430\\u0440\\u043a\\u0435\\u0442\\u0438\\u043d\\u0433)"}}, {"added": {"name": "\\u041f\\u0443\\u043d\\u043a\\u0442 \\u0434\\u0435\\u0442\\u0430\\u043b\\u044c\\u043d\\u043e\\u0439 \\u0443\\u0441\\u043b\\u0443\\u0433\\u0438", "object": "\\u0410\\u0432\\u0442\\u043e\\u043c\\u0430\\u0442\\u0438\\u0447\\u0435\\u0441\\u043a\\u0438\\u0435 \\u0441\\u0435\\u0440\\u0438\\u0438 \\u043f\\u0438\\u0441\\u0435\\u043c (Email-\\u043c\\u0430\\u0440\\u043a\\u0435\\u0442\\u0438\\u043d\\u0433)"}}, {"added": {"name": "\\u041f\\u0443\\u043d\\u043a\\u0442 \\u0434\\u0435\\u0442\\u0430\\u043b\\u044c\\u043d\\u043e\\u0439 \\u0443\\u0441\\u043b\\u0443\\u0433\\u0438", "object": "A/B-\\u0442\\u0435\\u0441\\u0442\\u0438\\u0440\\u043e\\u0432\\u0430\\u043d\\u0438\\u0435 \\u0438 \\u0430\\u043d\\u0430\\u043b\\u0438\\u0442\\u0438\\u043a\\u0430 (Email-\\u043c\\u0430\\u0440\\u043a\\u0435\\u0442\\u0438\\u043d\\u0433)"}}]	24	4
123	2025-05-28 22:17:33.295761+03	17	Видео-контент (content)	1	[{"added": {}}, {"added": {"name": "\\u041f\\u0443\\u043d\\u043a\\u0442 \\u0434\\u0435\\u0442\\u0430\\u043b\\u044c\\u043d\\u043e\\u0439 \\u0443\\u0441\\u043b\\u0443\\u0433\\u0438", "object": "\\u041f\\u0440\\u043e\\u043c\\u043e-\\u0440\\u043e\\u043b\\u0438\\u043a\\u0438 \\u0438 \\u0432\\u0438\\u0434\\u0435\\u043e\\u043e\\u0431\\u0437\\u043e\\u0440\\u044b (\\u0412\\u0438\\u0434\\u0435\\u043e-\\u043a\\u043e\\u043d\\u0442\\u0435\\u043d\\u0442)"}}, {"added": {"name": "\\u041f\\u0443\\u043d\\u043a\\u0442 \\u0434\\u0435\\u0442\\u0430\\u043b\\u044c\\u043d\\u043e\\u0439 \\u0443\\u0441\\u043b\\u0443\\u0433\\u0438", "object": "\\u041e\\u0431\\u0443\\u0447\\u0430\\u044e\\u0449\\u0438\\u0435 \\u0432\\u0438\\u0434\\u0435\\u043e \\u0438 \\u0432\\u0435\\u0431\\u0438\\u043d\\u0430\\u0440\\u044b (\\u0412\\u0438\\u0434\\u0435\\u043e-\\u043a\\u043e\\u043d\\u0442\\u0435\\u043d\\u0442)"}}, {"added": {"name": "\\u041f\\u0443\\u043d\\u043a\\u0442 \\u0434\\u0435\\u0442\\u0430\\u043b\\u044c\\u043d\\u043e\\u0439 \\u0443\\u0441\\u043b\\u0443\\u0433\\u0438", "object": "\\u0412\\u0438\\u0434\\u0435\\u043e\\u043a\\u043e\\u043d\\u0442\\u0435\\u043d\\u0442 \\u0434\\u043b\\u044f \\u0441\\u043e\\u0446\\u0441\\u0435\\u0442\\u0435\\u0439 (\\u0412\\u0438\\u0434\\u0435\\u043e-\\u043a\\u043e\\u043d\\u0442\\u0435\\u043d\\u0442)"}}]	24	4
124	2025-05-28 22:23:48.06423+03	18	Аналитика и оптимизация (content)	1	[{"added": {}}, {"added": {"name": "\\u041f\\u0443\\u043d\\u043a\\u0442 \\u0434\\u0435\\u0442\\u0430\\u043b\\u044c\\u043d\\u043e\\u0439 \\u0443\\u0441\\u043b\\u0443\\u0433\\u0438", "object": "\\u041e\\u0442\\u0447\\u0435\\u0442\\u044b \\u043f\\u043e \\u044d\\u0444\\u0444\\u0435\\u043a\\u0442\\u0438\\u0432\\u043d\\u043e\\u0441\\u0442\\u0438 \\u043a\\u043e\\u043d\\u0442\\u0435\\u043d\\u0442\\u0430 (\\u0410\\u043d\\u0430\\u043b\\u0438\\u0442\\u0438\\u043a\\u0430 \\u0438 \\u043e\\u043f\\u0442\\u0438\\u043c\\u0438\\u0437\\u0430\\u0446\\u0438\\u044f)"}}, {"added": {"name": "\\u041f\\u0443\\u043d\\u043a\\u0442 \\u0434\\u0435\\u0442\\u0430\\u043b\\u044c\\u043d\\u043e\\u0439 \\u0443\\u0441\\u043b\\u0443\\u0433\\u0438", "object": "\\u041e\\u043f\\u0442\\u0438\\u043c\\u0438\\u0437\\u0430\\u0446\\u0438\\u044f \\u0438 A/B-\\u0442\\u0435\\u0441\\u0442\\u0438\\u0440\\u043e\\u0432\\u0430\\u043d\\u0438\\u0435 (\\u0410\\u043d\\u0430\\u043b\\u0438\\u0442\\u0438\\u043a\\u0430 \\u0438 \\u043e\\u043f\\u0442\\u0438\\u043c\\u0438\\u0437\\u0430\\u0446\\u0438\\u044f)"}}, {"added": {"name": "\\u041f\\u0443\\u043d\\u043a\\u0442 \\u0434\\u0435\\u0442\\u0430\\u043b\\u044c\\u043d\\u043e\\u0439 \\u0443\\u0441\\u043b\\u0443\\u0433\\u0438", "object": "\\u0420\\u0435\\u043a\\u043e\\u043c\\u0435\\u043d\\u0434\\u0430\\u0446\\u0438\\u0438 \\u043f\\u043e \\u0443\\u043b\\u0443\\u0447\\u0448\\u0435\\u043d\\u0438\\u044e (\\u0410\\u043d\\u0430\\u043b\\u0438\\u0442\\u0438\\u043a\\u0430 \\u0438 \\u043e\\u043f\\u0442\\u0438\\u043c\\u0438\\u0437\\u0430\\u0446\\u0438\\u044f)"}}]	24	4
125	2025-05-28 22:34:12.174247+03	3	content	2	[{"added": {"name": "\\u041f\\u0440\\u0435\\u0438\\u043c\\u0443\\u0449\\u0435\\u0441\\u0442\\u0432\\u043e \\u0443\\u0441\\u043b\\u0443\\u0433\\u0438", "object": "\\u041e\\u043a\\u0443\\u043f\\u0430\\u0435\\u043c\\u043e\\u0441\\u0442\\u044c \\u0438\\u043d\\u0432\\u0435\\u0441\\u0442\\u0438\\u0446\\u0438\\u0439 (content)"}}, {"added": {"name": "\\u041f\\u0440\\u0435\\u0438\\u043c\\u0443\\u0449\\u0435\\u0441\\u0442\\u0432\\u043e \\u0443\\u0441\\u043b\\u0443\\u0433\\u0438", "object": "\\u041e\\u043a\\u0443\\u043f\\u0430\\u0435\\u043c\\u043e\\u0441\\u0442\\u044c \\u0438\\u043d\\u0432\\u0435\\u0441\\u0442\\u0438\\u0446\\u0438\\u0439 (content)"}}, {"added": {"name": "\\u041f\\u0440\\u0435\\u0438\\u043c\\u0443\\u0449\\u0435\\u0441\\u0442\\u0432\\u043e \\u0443\\u0441\\u043b\\u0443\\u0433\\u0438", "object": "\\u0423\\u0441\\u0442\\u043e\\u0439\\u0447\\u0438\\u0432\\u044b\\u0439 \\u0440\\u0435\\u0437\\u0443\\u043b\\u044c\\u0442\\u0430\\u0442 (content)"}}, {"added": {"name": "\\u041f\\u0440\\u0435\\u0438\\u043c\\u0443\\u0449\\u0435\\u0441\\u0442\\u0432\\u043e \\u0443\\u0441\\u043b\\u0443\\u0433\\u0438", "object": "\\u041a\\u0430\\u0447\\u0435\\u0441\\u0442\\u0432\\u0435\\u043d\\u043d\\u0430\\u044f \\u0430\\u0443\\u0434\\u0438\\u0442\\u043e\\u0440\\u0438\\u044f (content)"}}, {"added": {"name": "\\u041f\\u0440\\u0435\\u0438\\u043c\\u0443\\u0449\\u0435\\u0441\\u0442\\u0432\\u043e \\u0443\\u0441\\u043b\\u0443\\u0433\\u0438", "object": "\\u041f\\u043e\\u0432\\u044b\\u0448\\u0435\\u043d\\u0438\\u0435 \\u0430\\u0432\\u0442\\u043e\\u0440\\u0438\\u0442\\u0435\\u0442\\u043d\\u043e\\u0441\\u0442\\u0438 (content)"}}, {"added": {"name": "\\u041f\\u0440\\u0435\\u0438\\u043c\\u0443\\u0449\\u0435\\u0441\\u0442\\u0432\\u043e \\u0443\\u0441\\u043b\\u0443\\u0433\\u0438", "object": "\\u0418\\u0437\\u043c\\u0435\\u0440\\u0438\\u043c\\u044b\\u0435 \\u0440\\u0435\\u0437\\u0443\\u043b\\u044c\\u0442\\u0430\\u0442\\u044b (content)"}}, {"added": {"name": "\\u041f\\u0440\\u0435\\u0438\\u043c\\u0443\\u0449\\u0435\\u0441\\u0442\\u0432\\u043e \\u0443\\u0441\\u043b\\u0443\\u0433\\u0438", "object": "\\u041c\\u043d\\u043e\\u0433\\u043e\\u043a\\u0430\\u043d\\u0430\\u043b\\u044c\\u043d\\u043e\\u0435 \\u0438\\u0441\\u043f\\u043e\\u043b\\u044c\\u0437\\u043e\\u0432\\u0430\\u043d\\u0438\\u0435 (content)"}}]	17	4
126	2025-05-28 22:36:28.284797+03	3	content	2	[]	17	4
127	2025-05-28 22:37:34.516934+03	3	content	2	[{"changed": {"name": "\\u041f\\u0440\\u0435\\u0438\\u043c\\u0443\\u0449\\u0435\\u0441\\u0442\\u0432\\u043e \\u0443\\u0441\\u043b\\u0443\\u0433\\u0438", "object": "\\u041e\\u043a\\u0443\\u043f\\u0430\\u0435\\u043c\\u043e\\u0441\\u0442\\u044c \\u0438\\u043d\\u0432\\u0435\\u0441\\u0442\\u0438\\u0446\\u0438\\u0439 (content)", "fields": ["\\u0418\\u043a\\u043e\\u043d\\u043a\\u0430 (\\u043a\\u043b\\u0430\\u0441\\u0441 \\u0438\\u043b\\u0438 SVG)"]}}, {"changed": {"name": "\\u041f\\u0440\\u0435\\u0438\\u043c\\u0443\\u0449\\u0435\\u0441\\u0442\\u0432\\u043e \\u0443\\u0441\\u043b\\u0443\\u0433\\u0438", "object": "\\u041e\\u043a\\u0443\\u043f\\u0430\\u0435\\u043c\\u043e\\u0441\\u0442\\u044c \\u0438\\u043d\\u0432\\u0435\\u0441\\u0442\\u0438\\u0446\\u0438\\u0439 (content)", "fields": ["\\u0418\\u043a\\u043e\\u043d\\u043a\\u0430 (\\u043a\\u043b\\u0430\\u0441\\u0441 \\u0438\\u043b\\u0438 SVG)"]}}, {"changed": {"name": "\\u041f\\u0440\\u0435\\u0438\\u043c\\u0443\\u0449\\u0435\\u0441\\u0442\\u0432\\u043e \\u0443\\u0441\\u043b\\u0443\\u0433\\u0438", "object": "\\u0423\\u0441\\u0442\\u043e\\u0439\\u0447\\u0438\\u0432\\u044b\\u0439 \\u0440\\u0435\\u0437\\u0443\\u043b\\u044c\\u0442\\u0430\\u0442 (content)", "fields": ["\\u0418\\u043a\\u043e\\u043d\\u043a\\u0430 (\\u043a\\u043b\\u0430\\u0441\\u0441 \\u0438\\u043b\\u0438 SVG)"]}}, {"changed": {"name": "\\u041f\\u0440\\u0435\\u0438\\u043c\\u0443\\u0449\\u0435\\u0441\\u0442\\u0432\\u043e \\u0443\\u0441\\u043b\\u0443\\u0433\\u0438", "object": "\\u041a\\u0430\\u0447\\u0435\\u0441\\u0442\\u0432\\u0435\\u043d\\u043d\\u0430\\u044f \\u0430\\u0443\\u0434\\u0438\\u0442\\u043e\\u0440\\u0438\\u044f (content)", "fields": ["\\u0418\\u043a\\u043e\\u043d\\u043a\\u0430 (\\u043a\\u043b\\u0430\\u0441\\u0441 \\u0438\\u043b\\u0438 SVG)"]}}, {"changed": {"name": "\\u041f\\u0440\\u0435\\u0438\\u043c\\u0443\\u0449\\u0435\\u0441\\u0442\\u0432\\u043e \\u0443\\u0441\\u043b\\u0443\\u0433\\u0438", "object": "\\u041f\\u043e\\u0432\\u044b\\u0448\\u0435\\u043d\\u0438\\u0435 \\u0430\\u0432\\u0442\\u043e\\u0440\\u0438\\u0442\\u0435\\u0442\\u043d\\u043e\\u0441\\u0442\\u0438 (content)", "fields": ["\\u0418\\u043a\\u043e\\u043d\\u043a\\u0430 (\\u043a\\u043b\\u0430\\u0441\\u0441 \\u0438\\u043b\\u0438 SVG)"]}}, {"changed": {"name": "\\u041f\\u0440\\u0435\\u0438\\u043c\\u0443\\u0449\\u0435\\u0441\\u0442\\u0432\\u043e \\u0443\\u0441\\u043b\\u0443\\u0433\\u0438", "object": "\\u0418\\u0437\\u043c\\u0435\\u0440\\u0438\\u043c\\u044b\\u0435 \\u0440\\u0435\\u0437\\u0443\\u043b\\u044c\\u0442\\u0430\\u0442\\u044b (content)", "fields": ["\\u0418\\u043a\\u043e\\u043d\\u043a\\u0430 (\\u043a\\u043b\\u0430\\u0441\\u0441 \\u0438\\u043b\\u0438 SVG)"]}}, {"changed": {"name": "\\u041f\\u0440\\u0435\\u0438\\u043c\\u0443\\u0449\\u0435\\u0441\\u0442\\u0432\\u043e \\u0443\\u0441\\u043b\\u0443\\u0433\\u0438", "object": "\\u041c\\u043d\\u043e\\u0433\\u043e\\u043a\\u0430\\u043d\\u0430\\u043b\\u044c\\u043d\\u043e\\u0435 \\u0438\\u0441\\u043f\\u043e\\u043b\\u044c\\u0437\\u043e\\u0432\\u0430\\u043d\\u0438\\u0435 (content)", "fields": ["\\u0418\\u043a\\u043e\\u043d\\u043a\\u0430 (\\u043a\\u043b\\u0430\\u0441\\u0441 \\u0438\\u043b\\u0438 SVG)"]}}]	17	4
128	2025-05-28 22:39:34.33644+03	3	content	2	[{"changed": {"name": "\\u041f\\u0440\\u0435\\u0438\\u043c\\u0443\\u0449\\u0435\\u0441\\u0442\\u0432\\u043e \\u0443\\u0441\\u043b\\u0443\\u0433\\u0438", "object": "\\u041e\\u043a\\u0443\\u043f\\u0430\\u0435\\u043c\\u043e\\u0441\\u0442\\u044c \\u0438\\u043d\\u0432\\u0435\\u0441\\u0442\\u0438\\u0446\\u0438\\u0439 (content)", "fields": ["\\u0418\\u043a\\u043e\\u043d\\u043a\\u0430 (\\u043a\\u043b\\u0430\\u0441\\u0441 \\u0438\\u043b\\u0438 SVG)"]}}]	17	4
129	2025-05-28 22:40:21.870257+03	3	content	2	[{"changed": {"name": "\\u041f\\u0440\\u0435\\u0438\\u043c\\u0443\\u0449\\u0435\\u0441\\u0442\\u0432\\u043e \\u0443\\u0441\\u043b\\u0443\\u0433\\u0438", "object": "\\u0423\\u0441\\u0442\\u043e\\u0439\\u0447\\u0438\\u0432\\u044b\\u0439 \\u0440\\u0435\\u0437\\u0443\\u043b\\u044c\\u0442\\u0430\\u0442 (content)", "fields": ["\\u041f\\u043e\\u0440\\u044f\\u0434\\u043e\\u043a \\u043e\\u0442\\u043e\\u0431\\u0440\\u0430\\u0436\\u0435\\u043d\\u0438\\u044f"]}}, {"changed": {"name": "\\u041f\\u0440\\u0435\\u0438\\u043c\\u0443\\u0449\\u0435\\u0441\\u0442\\u0432\\u043e \\u0443\\u0441\\u043b\\u0443\\u0433\\u0438", "object": "\\u041a\\u0430\\u0447\\u0435\\u0441\\u0442\\u0432\\u0435\\u043d\\u043d\\u0430\\u044f \\u0430\\u0443\\u0434\\u0438\\u0442\\u043e\\u0440\\u0438\\u044f (content)", "fields": ["\\u041f\\u043e\\u0440\\u044f\\u0434\\u043e\\u043a \\u043e\\u0442\\u043e\\u0431\\u0440\\u0430\\u0436\\u0435\\u043d\\u0438\\u044f"]}}, {"changed": {"name": "\\u041f\\u0440\\u0435\\u0438\\u043c\\u0443\\u0449\\u0435\\u0441\\u0442\\u0432\\u043e \\u0443\\u0441\\u043b\\u0443\\u0433\\u0438", "object": "\\u041f\\u043e\\u0432\\u044b\\u0448\\u0435\\u043d\\u0438\\u0435 \\u0430\\u0432\\u0442\\u043e\\u0440\\u0438\\u0442\\u0435\\u0442\\u043d\\u043e\\u0441\\u0442\\u0438 (content)", "fields": ["\\u041f\\u043e\\u0440\\u044f\\u0434\\u043e\\u043a \\u043e\\u0442\\u043e\\u0431\\u0440\\u0430\\u0436\\u0435\\u043d\\u0438\\u044f"]}}, {"changed": {"name": "\\u041f\\u0440\\u0435\\u0438\\u043c\\u0443\\u0449\\u0435\\u0441\\u0442\\u0432\\u043e \\u0443\\u0441\\u043b\\u0443\\u0433\\u0438", "object": "\\u0418\\u0437\\u043c\\u0435\\u0440\\u0438\\u043c\\u044b\\u0435 \\u0440\\u0435\\u0437\\u0443\\u043b\\u044c\\u0442\\u0430\\u0442\\u044b (content)", "fields": ["\\u041f\\u043e\\u0440\\u044f\\u0434\\u043e\\u043a \\u043e\\u0442\\u043e\\u0431\\u0440\\u0430\\u0436\\u0435\\u043d\\u0438\\u044f"]}}, {"changed": {"name": "\\u041f\\u0440\\u0435\\u0438\\u043c\\u0443\\u0449\\u0435\\u0441\\u0442\\u0432\\u043e \\u0443\\u0441\\u043b\\u0443\\u0433\\u0438", "object": "\\u041c\\u043d\\u043e\\u0433\\u043e\\u043a\\u0430\\u043d\\u0430\\u043b\\u044c\\u043d\\u043e\\u0435 \\u0438\\u0441\\u043f\\u043e\\u043b\\u044c\\u0437\\u043e\\u0432\\u0430\\u043d\\u0438\\u0435 (content)", "fields": ["\\u041f\\u043e\\u0440\\u044f\\u0434\\u043e\\u043a \\u043e\\u0442\\u043e\\u0431\\u0440\\u0430\\u0436\\u0435\\u043d\\u0438\\u044f"]}}, {"deleted": {"name": "\\u041f\\u0440\\u0435\\u0438\\u043c\\u0443\\u0449\\u0435\\u0441\\u0442\\u0432\\u043e \\u0443\\u0441\\u043b\\u0443\\u0433\\u0438", "object": "\\u041e\\u043a\\u0443\\u043f\\u0430\\u0435\\u043c\\u043e\\u0441\\u0442\\u044c \\u0438\\u043d\\u0432\\u0435\\u0441\\u0442\\u0438\\u0446\\u0438\\u0439 (content)"}}]	17	4
130	2025-05-28 22:47:06.625493+03	3	content	2	[{"changed": {"name": "\\u041f\\u0440\\u0435\\u0438\\u043c\\u0443\\u0449\\u0435\\u0441\\u0442\\u0432\\u043e \\u0443\\u0441\\u043b\\u0443\\u0433\\u0438", "object": "\\u0423\\u0441\\u0442\\u043e\\u0439\\u0447\\u0438\\u0432\\u044b\\u0439 \\u0440\\u0435\\u0437\\u0443\\u043b\\u044c\\u0442\\u0430\\u0442 (content)", "fields": ["\\u0418\\u043a\\u043e\\u043d\\u043a\\u0430 (\\u043a\\u043b\\u0430\\u0441\\u0441 \\u0438\\u043b\\u0438 SVG)"]}}, {"changed": {"name": "\\u041f\\u0440\\u0435\\u0438\\u043c\\u0443\\u0449\\u0435\\u0441\\u0442\\u0432\\u043e \\u0443\\u0441\\u043b\\u0443\\u0433\\u0438", "object": "\\u041a\\u0430\\u0447\\u0435\\u0441\\u0442\\u0432\\u0435\\u043d\\u043d\\u0430\\u044f \\u0430\\u0443\\u0434\\u0438\\u0442\\u043e\\u0440\\u0438\\u044f (content)", "fields": ["\\u0418\\u043a\\u043e\\u043d\\u043a\\u0430 (\\u043a\\u043b\\u0430\\u0441\\u0441 \\u0438\\u043b\\u0438 SVG)"]}}, {"changed": {"name": "\\u041f\\u0440\\u0435\\u0438\\u043c\\u0443\\u0449\\u0435\\u0441\\u0442\\u0432\\u043e \\u0443\\u0441\\u043b\\u0443\\u0433\\u0438", "object": "\\u041f\\u043e\\u0432\\u044b\\u0448\\u0435\\u043d\\u0438\\u0435 \\u0430\\u0432\\u0442\\u043e\\u0440\\u0438\\u0442\\u0435\\u0442\\u043d\\u043e\\u0441\\u0442\\u0438 (content)", "fields": ["\\u0418\\u043a\\u043e\\u043d\\u043a\\u0430 (\\u043a\\u043b\\u0430\\u0441\\u0441 \\u0438\\u043b\\u0438 SVG)"]}}, {"changed": {"name": "\\u041f\\u0440\\u0435\\u0438\\u043c\\u0443\\u0449\\u0435\\u0441\\u0442\\u0432\\u043e \\u0443\\u0441\\u043b\\u0443\\u0433\\u0438", "object": "\\u0418\\u0437\\u043c\\u0435\\u0440\\u0438\\u043c\\u044b\\u0435 \\u0440\\u0435\\u0437\\u0443\\u043b\\u044c\\u0442\\u0430\\u0442\\u044b (content)", "fields": ["\\u0418\\u043a\\u043e\\u043d\\u043a\\u0430 (\\u043a\\u043b\\u0430\\u0441\\u0441 \\u0438\\u043b\\u0438 SVG)"]}}, {"changed": {"name": "\\u041f\\u0440\\u0435\\u0438\\u043c\\u0443\\u0449\\u0435\\u0441\\u0442\\u0432\\u043e \\u0443\\u0441\\u043b\\u0443\\u0433\\u0438", "object": "\\u041c\\u043d\\u043e\\u0433\\u043e\\u043a\\u0430\\u043d\\u0430\\u043b\\u044c\\u043d\\u043e\\u0435 \\u0438\\u0441\\u043f\\u043e\\u043b\\u044c\\u0437\\u043e\\u0432\\u0430\\u043d\\u0438\\u0435 (content)", "fields": ["\\u0418\\u043a\\u043e\\u043d\\u043a\\u0430 (\\u043a\\u043b\\u0430\\u0441\\u0441 \\u0438\\u043b\\u0438 SVG)"]}}]	17	4
131	2025-05-28 22:47:57.144997+03	1	SEO-продвижение интернет-магазина косметики	2	[{"changed": {"fields": ["\\u0420\\u0435\\u0437\\u0443\\u043b\\u044c\\u0442\\u0430\\u0442"]}}]	14	4
\.


--
-- Data for Name: django_content_type; Type: TABLE DATA; Schema: public; Owner: boldrise_admin
--

COPY public.django_content_type (id, app_label, model) FROM stdin;
1	admin	logentry
2	auth	permission
3	auth	group
4	auth	user
5	contenttypes	contenttype
6	sessions	session
7	core	category
8	core	contactrequest
9	core	expertise
10	core	tag
11	core	profile
12	blog	post
13	blog	comment
14	cases	case
15	cases	caseimage
16	contacts	contactrequest
17	services	service
18	services	faq
19	services	servicebenefit
20	services	servicefeature
21	services	serviceprocess
22	testimonials	testimonial
23	services	servicecase
24	services	servicedetail
25	services	servicedetailitem
26	services	serviceexplanation
27	services	servicepartner
28	services	servicepricing
29	services	servicepricingfeature
30	core	newsletter
\.


--
-- Data for Name: django_migrations; Type: TABLE DATA; Schema: public; Owner: boldrise_admin
--

COPY public.django_migrations (id, app, name, applied) FROM stdin;
1	contenttypes	0001_initial	2025-04-12 10:14:43.454958+03
2	auth	0001_initial	2025-04-12 10:14:43.493352+03
3	admin	0001_initial	2025-04-12 10:14:43.502887+03
4	admin	0002_logentry_remove_auto_add	2025-04-12 10:14:43.505454+03
5	admin	0003_logentry_add_action_flag_choices	2025-04-12 10:14:43.507614+03
6	contenttypes	0002_remove_content_type_name	2025-04-12 10:14:43.511986+03
7	auth	0002_alter_permission_name_max_length	2025-04-12 10:14:43.51422+03
8	auth	0003_alter_user_email_max_length	2025-04-12 10:14:43.516771+03
9	auth	0004_alter_user_username_opts	2025-04-12 10:14:43.5186+03
10	auth	0005_alter_user_last_login_null	2025-04-12 10:14:43.521451+03
11	auth	0006_require_contenttypes_0002	2025-04-12 10:14:43.521741+03
12	auth	0007_alter_validators_add_error_messages	2025-04-12 10:14:43.523358+03
13	auth	0008_alter_user_username_max_length	2025-04-12 10:14:43.528136+03
14	auth	0009_alter_user_last_name_max_length	2025-04-12 10:14:43.530414+03
15	auth	0010_alter_group_name_max_length	2025-04-12 10:14:43.533767+03
16	auth	0011_update_proxy_permissions	2025-04-12 10:14:43.535586+03
17	auth	0012_alter_user_first_name_max_length	2025-04-12 10:14:43.537938+03
18	core	0001_initial	2025-04-12 10:14:43.567029+03
19	blog	0001_initial	2025-04-12 10:14:43.595308+03
20	services	0001_initial	2025-04-12 10:14:43.620583+03
21	cases	0001_initial	2025-04-12 10:14:43.64916+03
22	contacts	0001_initial	2025-04-12 10:14:43.652992+03
23	sessions	0001_initial	2025-04-12 10:14:43.657738+03
24	testimonials	0001_initial	2025-04-12 10:14:43.660728+03
25	services	0002_service_benefits_subtitle_service_benefits_title_and_more	2025-04-12 19:54:15.671618+03
26	services	0003_alter_faq_answer_alter_service_full_description	2025-04-13 22:42:23.987196+03
27	core	0002_newsletter	2025-04-21 21:55:21.005382+03
28	core	0003_contactrequest_admin_notes_and_more	2025-04-24 22:43:20.491746+03
29	contacts	0002_delete_contactrequest	2025-04-24 22:44:02.253997+03
30	core	0004_alter_contactrequest_phone	2025-04-27 21:18:58.590358+03
\.


--
-- Data for Name: django_session; Type: TABLE DATA; Schema: public; Owner: boldrise_admin
--

COPY public.django_session (session_key, session_data, expire_date) FROM stdin;
zk4h87h07a26z8jvdvdxju6j5d3q4xdl	.eJxVjEEOwiAQRe_C2pAyCIJL9z0DGYZBqgaS0q6Md7dNutDtf-_9twi4LiWsnecwJXEVZ3H63SLSk-sO0gPrvUlqdZmnKHdFHrTLsSV-3Q7376BgL1uNYDxlVgjZJWCro6PkvPXaao5kNWUaDCg0NhkD4LzmjV9AsyIDg_h8AfSqN7E:1u3XrR:wDzRrCdift0yBMezWfK6teSZXOVN3B1WXfojB9T3kpU	2025-04-26 13:13:17.044986+03
rqome7epqsmdwgnw5au9co65y4kyl62o	.eJxVjEEOwiAQRe_C2pAyCIJL9z0DGYZBqgaS0q6Md7dNutDtf-_9twi4LiWsnecwJXEVZ3H63SLSk-sO0gPrvUlqdZmnKHdFHrTLsSV-3Q7376BgL1uNYDxlVgjZJWCro6PkvPXaao5kNWUaDCg0NhkD4LzmjV9AsyIDg_h8AfSqN7E:1u6wrU:A9F1wps_dnX7de5fZLeUegcD_DVQc5ysTH0Nng2u0GM	2025-05-05 22:31:24.597026+03
e2vg1tlouzxz6qli63ka9o4nnhpm12kb	.eJxVjEEOwiAQRe_C2pAyCIJL9z0DGYZBqgaS0q6Md7dNutDtf-_9twi4LiWsnecwJXEVZ3H63SLSk-sO0gPrvUlqdZmnKHdFHrTLsSV-3Q7376BgL1uNYDxlVgjZJWCro6PkvPXaao5kNWUaDCg0NhkD4LzmjV9AsyIDg_h8AfSqN7E:1u81sa:nFHUuR0beUTfepwMBKQO-4TQebrvSbzSA-SkFwQAMm4	2025-05-08 22:05:00.398252+03
3vc2vhczfkbin6jx0k1jd1j6uj8wpcyv	.eJxVjEEOwiAQRe_C2pAyCIJL9z0DGYZBqgaS0q6Md7dNutDtf-_9twi4LiWsnecwJXEVZ3H63SLSk-sO0gPrvUlqdZmnKHdFHrTLsSV-3Q7376BgL1uNYDxlVgjZJWCro6PkvPXaao5kNWUaDCg0NhkD4LzmjV9AsyIDg_h8AfSqN7E:1u96f7:hw5vPICPE8XVPB0kA0fYPXosGUhThQUN4J5yfHGmvAo	2025-05-11 21:23:33.595044+03
5l7sfzhwaipwk5s8xg4dmd6x1lc6mg1w	.eJxVjEEOwiAQRe_C2pAyCIJL9z0DGYZBqgaS0q6Md7dNutDtf-_9twi4LiWsnecwJXEVZ3H63SLSk-sO0gPrvUlqdZmnKHdFHrTLsSV-3Q7376BgL1uNYDxlVgjZJWCro6PkvPXaao5kNWUaDCg0NhkD4LzmjV9AsyIDg_h8AfSqN7E:1uJzfa:daamAABan8R49iPPQDd4WLUoRm1Pbqd6EZBKCi_Oyp8	2025-06-10 22:09:02.070476+03
\.


--
-- Data for Name: services_faq; Type: TABLE DATA; Schema: public; Owner: boldrise_admin
--

COPY public.services_faq (id, question, answer, is_common, "order", service_id) FROM stdin;
1	Сколько времени занимает получение результатов SEO?	SEO это долгосрочная стратегия. Первые результаты обычно становятся заметны через 2-3 месяца работы, но значительные изменения в позициях и трафике чаще всего наблюдаются через 4-6 месяцев. На сроки влияют конкуренция в вашей нише, изначальное состояние сайта и агрессивность выбранной стратегии.	f	1	1
12	Какие гарантии вы предоставляете?	Мы гарантируем соблюдение всех норм законодательства о персональных данных и спаме, качественную техническую реализацию рассылок и прозрачную аналитику результатов. Мы также гарантируем минимальный процент доставляемости писем в зависимости от состояния вашей базы. Если кампания не достигает оговоренных KPI, мы проводим дополнительную оптимизацию бесплатно.	f	2	2
7	Какие гарантии вы предоставляете?	Мы не можем гарантировать конкретные позиции по запросам, так как алгоритмы поисковых систем постоянно меняются. Однако мы гарантируем прозрачность работы, соблюдение сроков и использование только белых методов оптимизации. Если в течение первых трех месяцев вы не увидите положительной динамики, мы бесплатно проведем дополнительный аудит и скорректируем стратегию.	f	2	1
10	Какие отчеты вы предоставляете?	Мы предоставляем регулярные отчеты, включающие данные о позициях сайта по ключевым запросам, динамике органического трафика, поведенческих факторах, конверсии и выполненных работах. Отчеты формируются в наглядной форме с графиками и пояснениями, чтобы вы могли легко оценить эффективность продвижения.	f	5	1
8	Для каких сайтов подходит SEO-продвижение?	SEO-продвижение подходит практически для любого сайта, но особенно эффективно для бизнесов, ориентированных на долгосрочную перспективу. Это могут быть интернет-магазины, корпоративные сайты, сайты услуг, информационные порталы. Главное условие &mdash; наличие качественного контента и технически исправного сайта.	f	3	1
9	Чем SEO отличается от контекстной рекламы?	Главное отличие в подходе и долгосрочности результатов. Контекстная реклама дает мгновенный эффект, но требует постоянных вложений. При остановке рекламы трафик прекращается. SEO работает медленнее, но дает долгосрочный результат. После прекращения активных работ позиции могут сохраняться месяцами. Также пользователи больше доверяют органической выдаче, чем рекламе.	f	4	1
17	Как долго нужно заниматься контент-маркетингом, чтобы увидеть результаты?	Контент-маркетинг — долгосрочная стратегия. Первые результаты можно увидеть через 3-4 месяца регулярной работы. Это увеличение органического трафика, рост позиций в поиске, повышение вовлеченности аудитории. Значимые бизнес-показатели обычно улучшаются через 6-12 месяцев системной работы с контентом.	f	1	3
13	Для каких кампаний подходит email-маркетинг?	Email-маркетинг эффективен практически для любого бизнеса: от интернет-магазинов и сервисных компаний до B2B-сектора и информационных проектов. Особенно хорошие результаты показывает в сферах, где важно регулярное взаимодействие с клиентами, образовательный контент и персонализированные предложения. Главное условие — наличие качественной базы контактов или стратегии ее наращивания.	f	3	2
14	Мои письма не будут попадать в спам?	Мы используем все современные технические протоколы (DKIM, SPF, DMARC) для защиты ваших писем от попадания в спам. Кроме того, мы следуем лучшим практикам по созданию контента, который не вызывает подозрений у спам-фильтров. Регулярный мониторинг репутации отправителя и «прогрев» домена также являются частью нашей стратегии. В результате, доставляемость писем в папку «Входящие» составляет не менее 95%.	f	4	2
15	Какие метрики email-маркетинга вы отслеживаете?	Мы отслеживаем все ключевые метрики email-маркетинга: процент доставляемости, Open Rate (открытия), Click Rate (клики), процент отписок, конверсии, ROI кампаний. Также анализируем поведенческие факторы: время, проведенное за чтением письма, устройства, с которых открываются письма, популярные ссылки. Все эти данные предоставляются в наглядных отчетах с рекомендациями по улучшению показателей.	f	5	2
16	Как быстро email-маркетинг начнет приносить результаты?	Email-маркетинг может начать приносить результаты уже после первой рассылки. Однако для достижения стабильных показателей и максимальной эффективности требуется 2-3 месяца регулярных кампаний. За это время мы сможем проанализировать поведение аудитории, протестировать различные подходы и оптимизировать стратегию.	f	1	2
18	Какие типы контента наиболее эффективны?	Эффективность контента зависит от вашей целевой аудитории и стадии воронки продаж. Для привлечения трафика работают информационные статьи и исследования, для конверсии — обзоры продуктов и сравнения, для удержания — кейсы и экспертные материалы. Мы проводим анализ вашей ниши и аудитории, чтобы определить оптимальный контент-микс.	f	2	3
19	Как измеряется эффективность контент-маркетинга?	Мы отслеживаем как прямые показатели контента (количество просмотров, время на странице, глубина просмотра), так и бизнес-метрики (конверсия, количество лидов, продажи). Для каждого типа контента устанавливаются свои KPI. Ежемесячно мы предоставляем подробную аналитику и корректируем стратегию для достижения максимальной эффективности.	f	3	3
20	Сколько контента нужно создавать ежемесячно?	Оптимальный объем контента зависит от ваших целей, ресурсов и конкурентной среды. Для большинства бизнесов эффективным решением будет 4-8 материалов в месяц. Важнее не количество, а качество, регулярность и соответствие контента потребностям целевой аудитории. Мы разработаем для вас оптимальный контент-план с учетом всех факторов.	f	4	3
21	Как контент-маркетинг сочетается с другими каналами продвижения?	Контент-маркетинг усиливает эффективность всех каналов продвижения. Он создает базу для SEO, обеспечивает материалы для email-рассылок, наполняет социальные сети и рекламные кампании. Мы разрабатываем омниканальную стратегию, где контент является центральным элементом, который адаптируется под специфику каждого канала для достижения максимального эффекта.	f	5	3
22	Как быстро можно улучшить репутацию компании в интернете?	Скорость улучшения репутации зависит от текущего состояния и масштаба проблем. Первые результаты обычно видны через 2-4 недели, когда начинают появляться новые положительные упоминания. Для значительного изменения общего тона упоминаний требуется 3-6 месяцев системной работы. В случае серьезного репутационного кризиса процесс может занять от 6 до 12 месяцев.	f	1	5
23	Можно ли полностью удалить негативные отзывы?	Полное удаление негативных отзывов возможно только в случаях явной клеветы, нарушения правил площадки или законодательства. В большинстве случаев мы работаем над вытеснением негатива положительным контентом, грамотным ответом на критику и исправлением реальных проблем бизнеса. Это более эффективная и долгосрочная стратегия, чем попытки удаления отзывов.	f	2	5
24	Как отличить настоящие отзывы от заказных?	Заказные отзывы часто имеют общие признаки: избыток положительных эмоций без конкретики, отсутствие упоминаний минусов, однотипность текстов, новые аккаунты без истории, необычная активность (много отзывов за короткий период). Мы помогаем клиентам получать органические отзывы от реальных клиентов, которые выглядят естественно и вызывают доверие у целевой аудитории.	f	3	5
25	Что включает в себя репутационный маркетинг?	Репутационный маркетинг включает комплекс мер: мониторинг упоминаний бренда в сети, работу с отзывами на различных площадках, управление социальными медиа, создание положительного контента, SERM (управление репутацией в поисковых системах), антикризисный PR, разработку стратегии коммуникации и обучение сотрудников правильному взаимодействию с клиентами.	f	4	5
26	Какие метрики используются для оценки эффективности?	Основные метрики: тональность упоминаний (соотношение позитивных, нейтральных и негативных), видимость позитивных материалов в поисковой выдаче, рейтинги на отзовиках и агрегаторах, количество и качество отзывов, индекс NPS (готовность рекомендовать), уровень вовлеченности в социальных сетях, количество упоминаний бренда и динамика их изменения, скорость и качество реакции на обращения клиентов.	f	5	5
27	Когда я увижу результаты от PPC-рекламы?	PPC-реклама даёт результаты практически мгновенно. Как только ваша рекламная кампания будет одобрена и запущена, вы начнёте получать клики и конверсии. Обычно это занимает от нескольких часов до 1-2 дней с момента запуска кампании.	f	1	6
28	Какой бюджет нужен для запуска PPC-рекламы?	Минимальный бюджет зависит от вашей ниши и конкуренции. Для тестирования и настройки кампаний мы рекомендуем начать с бюджета от 30 000 рублей в месяц. Это позволит собрать достаточно данных для оптимизации и увидеть первые результаты. С ростом эффективности бюджет можно масштабировать пропорционально росту прибыли.	f	2	6
29	В каких системах вы настраиваете PPC-рекламу?	Мы настраиваем рекламу на всех ключевых рекламных площадках: Яндекс.Директ, Google Ads, ВКонтакте, MyTarget (Mail.ru), Instagram* и Meta*. Выбор площадок зависит от вашей целевой аудитории, продукта и маркетинговых целей. (*площадки признаны экстремистскими в РФ)	f	3	6
30	Чем PPC отличается от SEO-продвижения?	Главное отличие — в скорости получения результата и механике оплаты. PPC-реклама даёт мгновенный результат, но вы платите за каждый клик. При остановке рекламы трафик прекращается. SEO работает медленнее, но даёт долгосрочный результат без оплаты за клики. Оптимальная стратегия обычно включает оба канала: PPC для быстрого старта и SEO для долгосрочного результата.	f	4	6
31	Какие отчеты по PPC-рекламе вы предоставляете?	Мы предоставляем подробные еженедельные и ежемесячные отчеты с ключевыми метриками: количество показов, кликов, конверсий, стоимость клика и конверсии, ROI и ROAS. Отчеты включают рекомендации по оптимизации и план работ на следующий период. Все данные представлены в наглядной форме с графиками и пояснениями.	f	5	6
32	Как быстро можно увидеть результаты от SMM-продвижения?	Первые результаты SMM-продвижения можно заметить уже в первые недели работы. Увеличение охвата и вовлеченности часто становится заметным в течение 2-4 недель. Однако для достижения устойчивого результата и формирования активного сообщества обычно требуется 3-6 месяцев системной работы. Скорость получения результатов зависит от вашей ниши, активности конкурентов и выбранной стратегии.	f	1	4
33	Какие социальные сети лучше использовать для моего бизнеса?	Выбор социальных сетей зависит от вашей целевой аудитории и типа бизнеса. Для B2B компаний обычно эффективны LinkedIn и Telegram, для визуально ориентированных брендов - Instagram и Pinterest, для широкой аудитории подойдут ВКонтакте и Одноклассники. Мы проводим анализ вашей целевой аудитории и конкурентов, чтобы определить оптимальный набор площадок именно для вашего бизнеса.	f	2	4
34	Что входит в услуги SMM-продвижения?	Наши услуги SMM-продвижения включают: разработку стратегии присутствия в социальных сетях, создание и оформление аккаунтов, разработку контент-плана, создание и публикацию контента, комьюнити-менеджмент (ответы на комментарии и сообщения), таргетированную рекламу, анализ эффективности и регулярную отчетность. Мы также предлагаем работу с лидерами мнений и организацию активностей для вовлечения аудитории.	f	3	4
35	Как измеряется эффективность SMM-продвижения?	Эффективность SMM-продвижения измеряется рядом ключевых метрик: ростом подписчиков, охватом публикаций, показателями вовлеченности (лайки, комментарии, репосты), кликами по ссылкам, переходами на сайт, конверсиями и продажами. Для каждого бизнеса мы определяем ключевые KPI в зависимости от ваших маркетинговых целей и регулярно предоставляем отчеты с анализом результатов.	f	4	4
36	Кто будет создавать контент для социальных сетей?	Контент для ваших социальных сетей создает наша команда профессионалов: SMM-специалисты, копирайтеры, дизайнеры и фотографы. Мы можем как полностью взять на себя создание контента, так и работать с вашими материалами или в смешанном формате. Все публикации согласовываются с вами перед размещением, и мы учитываем ваши пожелания по стилю и тону коммуникации.	f	5	4
\.


--
-- Data for Name: services_service; Type: TABLE DATA; Schema: public; Owner: boldrise_admin
--

COPY public.services_service (id, name, slug, title, description, full_description, icon_svg, icon, image, is_active, is_featured, meta_title, meta_description, "order", created_at, updated_at, benefits_subtitle, benefits_title, cases_subtitle, cases_title, contact_email, contact_phone, contact_subtitle, contact_title, explanation_subtitle, explanation_title, faq_subtitle, faq_title, hero_description, hero_image, hero_title, partners_subtitle, partners_title, pricing_subtitle, pricing_title, process_subtitle, process_title, services_subtitle, services_title) FROM stdin;
3	content	content	Контент-маркетинг	Создание и продвижение ценного контента для привлечения и удержания целевой аудитории и повышения доверия к бренду.	Стратегическое создание и распространение полезного контента для привлечения целевой аудитории, укрепления репутации бренда и роста продаж.	<svg class="w-7 h-7 md:w-8 md:h-8" fill="none" stroke="currentColor" viewBox="0 0 24 24" xmlns="http://www.w3.org/2000/svg"><path stroke-linecap="round" stroke-linejoin="round" stroke-width="2" d="M9.75 17L9 20l-1 1h8l-1-1-.75-3M3 13h18M5 17h14a2 2 0 002-2V5a2 2 0 00-2-2H5a2 2 0 00-2 2v10a2 2 0 002 2z"></path></svg>			t	t	Контент-маркетинг - Создание ценного контента	Профессиональные услуги по созданию и продвижению контента, который привлекает клиентов и повышает доверие к бренду.	3	2024-01-01 15:00:00+03	2025-05-28 22:47:06.622148+03	Почему контент-маркетинг является мощным инструментом для привлечения и удержания клиентов	Преимущества контент-маркетинга	Реальные результаты контент-маркетинга для наших клиентов	Наши успешные кейсы в контент-маркетинге	info@boldrise.ru	+7 (999) 999-99-99	Заполните форму, и мы свяжемся с вами для обсуждения деталей и составления индивидуального предложения.	Закажите контент маркетинг	Почему контент-маркетинг является мощным инструментом для привлечения и удержания клиентов	Что такое контент маркетинг?	Отвечаем на популярные вопросы о контент-маркетинге	Часто задаваемые вопросы о контент-маркетинге	Создаем стратегический контент, который привлекает, вовлекает и конвертирует вашу целевую аудиторию в клиентов.		Контент-маркетинг для вашего бизнеса	Мы сотрудничаем с ведущими платформами и используем профессиональные инструменты для создания эффективного контента	Наши партнеры и инструменты	Выберите оптимальный тариф для вашего бизнеса	Тарифы на контент-маркетинг	Прозрачный процесс создания и реализации контент-стратегии для достижения ваших бизнес-целей	Как мы работаем	Комплексный подход к созданию и продвижению контента для разных целей и каналов	Наши услуги по контент-маркетингу
4	smm	smm	SMM-продвижение	Разработка и реализация стратегий продвижения в социальных сетях для увеличения узнаваемости бренда и привлечения клиентов.	Комплексное управление вашими аккаунтами в социальных сетях для увеличения охвата, вовлеченности и конверсии.	<svg class="w-7 h-7 md:w-8 md:h-8" fill="none" stroke="currentColor" viewBox="0 0 24 24" xmlns="http://www.w3.org/2000/svg"><path stroke-linecap="round" stroke-linejoin="round" stroke-width="2" d="M9 19v-6a2 2 0 00-2-2H5a2 2 0 00-2 2v6a2 2 0 002 2h2a2 2 0 002-2zm0 0V9a2 2 0 012-2h2a2 2 0 012 2v10m-6 0a2 2 0 002 2h2a2 2 0 002-2m0 0V5a2 2 0 012-2h2a2 2 0 012 2v14a2 2 0 01-2 2h-2a2 2 0 01-2-2z"></path></svg>			t	t	SMM-продвижение - Эффективное продвижение в социальных сетях	Профессиональное продвижение вашего бренда в социальных сетях для роста узнаваемости и увеличения продаж.	4	2024-01-01 15:00:00+03	2024-01-01 15:00:00+03	Почему SMM-продвижение является одним из самых эффективных инструментов современного маркетинга	Преимущества SMM-продвижения	Реальные результаты SMM-продвижения наших клиентов	Наши успешные кейсы продвижения в социальных сетях	info@boldrise.ru	+7 (999) 999-99-99	Заполните форму, и мы свяжемся с вами для обсуждения деталей и составления индивидуального предложения.	Закажите SMM-продвижение	Почему SMM-продвижение является одним из самых эффективных инструментов современного маркетинга	Что такое SMM-продвижение?	Отвечаем на популярные вопросы о SMM-продвижении	Часто задаваемые вопросы о SMM	Эффективное продвижение в социальных сетях для привлечения целевой аудитории и повышения узнаваемости бренда.		SMM-продвижение для вашего бизнеса	Мы используем профессиональные инструменты и сотрудничаем с ведущими платформами для максимальной эффективности SMM-продвижения	Наши партнеры и инструменты	Выберите оптимальный тариф для вашего бизнеса	Тарифы на SMM-продвижение	Прозрачный процесс SMM-продвижения вашего бизнеса от начала до получения результатов	Как мы работаем	Комплексный подход к продвижению вашего бизнеса в социальных сетях для достижения максимальных\n                результатов	Наши услуги по SMM-продвижению
2	email	email	Email-маркетинг	Разработка и реализация эффективных стратегий email-маркетинга для построения долгосрочных отношений с клиентами и увеличения продаж.	Эффективные email-кампании для повышения лояльности клиентов, роста продаж и развития вашего бренда.	<svg class="w-7 h-7 md:w-8 md:h-8" fill="none" stroke="currentColor" viewBox="0 0 24 24" xmlns="http://www.w3.org/2000/svg"><path stroke-linecap="round" stroke-linejoin="round" stroke-width="2" d="M3 8l7.89 5.26a2 2 0 002.22 0L21 8M5 19h14a2 2 0 002-2V7a2 2 0 00-2-2H5a2 2 0 00-2 2v10a2 2 0 002 2z"></path></svg>			t	t	Email-маркетинг - Эффективные стратегии рассылок	Разработка и внедрение эффективных стратегий email-маркетинга для роста продаж и удержания клиентов.	2	2024-01-01 15:00:00+03	2025-05-27 22:11:05.795554+03	Почему Email-маркетинг является неотъемлемой частью успешной digital-стратегии	Преимущества Email-маркетинга	Реальные результаты email-маркетинга для наших клиентов	Наши успешные кейсы в email маркетинге	info@boldrise.ru	+7 (999) 999-99-99	Заполните форму, и мы свяжемся с вами для обсуждения деталей и составления индивидуального предложения.	Закажите Email-маркетинг	Комплексный инструмент цифровой коммуникации для построения долгосрочных отношений с аудиторией	Что такое Email-маркетинг?	Отвечаем на популярные вопросы о email-маркетинге	Часто задаваемые вопросы	Разработка и реализация стратегий email-маркетинга для построения отношений с клиентами и увеличения продаж.		Email-маркетинг для вашего бизнеса	Мы используем лучшие платформы и технологии для реализации эффективных email-кампаний	Наши партнеры и инструменты	Выберите оптимальный тариф для вашего бизнеса	Тарифы на Email-маркетинг	Прозрачный процесс организации email-маркетинга от стратегии до анализа результатов	Как мы работаем	Комплексные решения для эффективного взаимодействия с вашими клиентами через email	Наши услуги по Email-маркетингу
1	seo	seo	SEO-продвижение	Комплексно оптимизируем ваш сайт для поисковых систем, устойчиво увеличивая органический трафик и качественно привлекая целевую аудиторию.	Комплексное продвижение вашего сайта в поисковых системах для привлечения целевого трафика и увеличения конверсии.	<svg class="w-7 h-7 md:w-8 md:h-8" fill="none" stroke="currentColor" viewBox="0 0 24 24" xmlns="http://www.w3.org/2000/svg"><path stroke-linecap="round" stroke-linejoin="round" stroke-width="2" d="M15 15l-2 5L9 9l11 4-5 2zm0 0l5 5M7.188 2.239l.777 2.897M5.136 7.965l-2.898-.777M13.95 4.05l-2.122 2.122m-5.657 5.656l-2.12 2.122"></path></svg>		services/boldrise_seo_hero.webp	t	t	SEO-продвижение - Услуги продвижения сайтов	Профессиональные услуги SEO-продвижения для вашего бизнеса. Увеличение органического трафика и конверсии.	1	2024-01-01 15:00:00+03	2025-05-27 22:12:50.530191+03	Почему SEO-продвижение является одним из самых эффективных инструментов digital-маркетинга	Преимущества SEO-продвижения	Реальные результаты SEO-продвижения наших клиентов	Наши успешные кейсы в SEO продвижении	info@boldrise.ru	+7 (999) 999-99-99	Заполните форму, и мы свяжемся с вами для обсуждения деталей и составления индивидуального предложения.	Закажите SEO-продвижение	Почему SEO-продвижение является одним из самых эффективных инструментов digital-маркетинга	Что такое SEO-продвижение?	Отвечаем на популярные вопросы о SEO-продвижении	Часто задаваемые вопросы о SEO	Оптимизируем ваш сайт для поисковых систем, увеличивая органический трафик и привлекая целевую аудиторию.		SEO-продвижение для вашего бизнеса	Мы используем профессиональные инструменты и сотрудничаем с ведущими платформами	Наши партнеры и инструменты	Выберите оптимальный тариф для вашего бизнеса	Тарифы на SEO-продвижение	Прозрачный процесс SEO-продвижения вашего сайта от начала до получения результатов	Как мы работаем	Комплексный подход к оптимизации вашего сайта для достижения максимальных результатов	Наши услуги по SEO-продвижению
6	ppc	ppc	PPC-реклама	Разработка и управление рекламными кампаниями с оплатой за клик для быстрого привлечения целевой аудитории.	Эффективная контекстная и таргетированная реклама для быстрого привлечения целевых клиентов и увеличения продаж.	<svg class="w-8 h-8" fill="none" stroke="currentColor" viewBox="0 0 24 24" xmlns="http://www.w3.org/2000/svg"><path stroke-linecap="round" stroke-linejoin="round" stroke-width="2" d="M11 3.055A9.001 9.001 0 1020.945 13H11V3.055z"></path><path stroke-linecap="round" stroke-linejoin="round" stroke-width="2" d="M20.488 9H15V3.512A9.025 9.025 0 0120.488 9z"></path></svg>			t	t	PPC-реклама - Эффективная контекстная реклама	Настройка и управление рекламными кампаниями с оплатой за клик для быстрого привлечения целевых клиентов.	6	2024-01-01 15:00:00+03	2024-01-01 15:00:00+03	Почему PPC-реклама является одним из самых быстрых и эффективных инструментов digital-маркетинга	Преимущества PPC-рекламы	Реальные результаты PPC-рекламы наших клиентов	Наши успешные кейсы в контекстной рекламе	info@boldrise.ru	+7 (999) 999-99-99	Заполните форму, и мы свяжемся с вами для обсуждения деталей и составления индивидуального предложения.	Закажите услуги по контекстной рекламе	Почему PPC-реклама является одним из самых быстрых и эффективных инструментов digital-маркетинга	Что такое PPC-реклама?	Отвечаем на популярные вопросы о PPC-рекламе	Часто задаваемые вопросы о PPC	Настраиваем эффективную контекстную рекламу, которая приводит целевых клиентов и увеличивает продажи.		PPC-реклама для вашего бизнеса	Рекламные платформы и инструменты	Наши партнеры и инструменты	Выберите оптимальный тариф для вашего бизнеса	Тарифы ведения PPC кампаний	Прозрачный процесс создания и ведения ваших рекламных кампаний от анализа до масштабирования	Как мы работаем	Комплексный подход к контекстной рекламе для максимального привлечения\n                целевых клиентов	Наши услуги по PPC-рекламе
5	orm	orm	Репутационный маркетинг	Мониторинг и управление онлайн-репутацией бренда для создания положительного имиджа и повышения доверия.	Комплексное управление репутацией вашего бренда в сети: мониторинг упоминаний, работа с отзывами, нейтрализация негатива и формирование положительного имиджа.	<svg class="w-8 h-8" fill="none" stroke="currentColor" viewBox="0 0 24 24" xmlns="http://www.w3.org/2000/svg"><path stroke-linecap="round" stroke-linejoin="round" stroke-width="2" d="M14.828 14.828a4 4 0 01-5.656 0M9 10h.01M15 10h.01M21 12a9 9 0 11-18 0 9 9 0 0118 0z"></path></svg>			t	t	Репутационный маркетинг - Управление репутацией бренда	Профессиональное управление онлайн-репутацией для создания положительного имиджа вашего бренда и повышения доверия клиентов.	5	2024-01-01 15:00:00+03	2024-01-01 15:00:00+03	Почему управление репутацией становится ключевым фактором успеха для современного бизнеса	Преимущества репутационного маркетинга	Реальные результаты управления репутацией для наших клиентов	Наши успешные кейсы в репутационном маркетинге	info@boldrise.ru	+7 (999) 999-99-99	Заполните форму, и мы свяжемся с вами для обсуждения деталей и составления индивидуального предложения.	Закажите услуги по репутационному маркетингу	Почему управление репутацией становится ключевым фактором успеха для современного бизнеса	Что такое репутационный маркетинг?	Отвечаем на популярные вопросы о репутационном маркетинге	Часто задаваемые вопросы об ORM-маркетинге	Создаем и поддерживаем положительный имидж вашей компании в интернете, нейтрализуя негатив и усиливая позитивные отзывы.		Репутационный маркетинг для вашего бизнеса	Мы используем профессиональные сервисы и сотрудничаем с ведущими платформами для мониторинга и управления репутацией	Наши партнеры и инструменты	Выберите оптимальный тариф для вашего бизнеса	Тарифы на ORM-маркетинг	Системный подход к управлению репутацией вашего бизнеса от анализа до построения долгосрочной стратегии	Как мы работаем	Комплексный подход к управлению репутацией вашего бизнеса для максимального результата	Наши услуги по репутационному маркетингу
\.


--
-- Data for Name: services_servicebenefit; Type: TABLE DATA; Schema: public; Owner: boldrise_admin
--

COPY public.services_servicebenefit (id, title, description, icon, "order", service_id) FROM stdin;
1	Проверенные стратегии	Наши подходы основаны на данных и опыте, доказавшие свою эффективность во многих проектах. Мы используем только те методы, которые гарантированно работают и приносят результаты.	<svg class="w-7 h-7 md:w-8 md:h-8" fill="none" stroke="currentColor" viewBox="0 0 24 24" xmlns="http://www.w3.org/2000/svg"><path stroke-linecap="round" stroke-linejoin="round" stroke-width="2" d="M9 12l2 2 4-4m5.618-4.016A11.955 11.955 0 0112 2.944a11.955 11.955 0 01-8.618 3.04A12.02 12.02 0 003 9c0 5.591 3.824 10.29 9 11.622 5.176-1.332 9-6.03 9-11.622 0-1.042-.133-2.052-.382-3.016z"></path></svg>	1	1
2	Индивидуальный подход	Мы создаем уникальные решения, адаптированные под специфику вашего бизнеса и целевой аудитории. Никаких шаблонных стратегий - только индивидуальные планы.	<svg class="w-7 h-7 md:w-8 md:h-8" fill="none" stroke="currentColor" viewBox="0 0 24 24" xmlns="http://www.w3.org/2000/svg"><path stroke-linecap="round" stroke-linejoin="round" stroke-width="2" d="M10 20l4-16m4 4l4 4-4 4M6 16l-4-4 4-4"></path></svg>	2	1
3	Быстрые результаты	Наши стратегии нацелены на достижение быстрых и устойчивых результатов для вашего бизнеса. Мы начинаем с тех направлений, которые дадут максимальный эффект в короткие сроки.	<svg class="w-7 h-7 md:w-8 md:h-8" fill="none" stroke="currentColor" viewBox="0 0 24 24" xmlns="http://www.w3.org/2000/svg"><path stroke-linecap="round" stroke-linejoin="round" stroke-width="2" d="M13 10V3L4 14h7v7l9-11h-7z"></path></svg>	3	1
5	Доступная стоимость	SEO является одним из самых экономически эффективных маркетинговых каналов, особенно в долгосрочной перспективе.	<svg class="w-7 h-7" fill="none" stroke="currentColor" viewBox="0 0 24 24" xmlns="http://www.w3.org/2000/svg"><path stroke-linecap="round" stroke-linejoin="round" stroke-width="2" d="M12 8c-1.657 0-3 .895-3 2s1.343 2 3 2 3 .895 3 2-1.343 2-3 2m0-8c1.11 0 2.08.402 2.599 1M12 8V7m0 1v8m0 0v1m0-1c-1.11 0-2.08-.402-2.599-1M21 12a9 9 0 11-18 0 9 9 0 0118 0z"></path></svg>	1	1
6	Долгосрочный эффект	Результаты SEO-продвижения сохраняются надолго, обеспечивая стабильный поток клиентов даже после завершения активных работ.	<svg class="w-7 h-7" fill="none" stroke="currentColor" viewBox="0 0 24 24" xmlns="http://www.w3.org/2000/svg"><path stroke-linecap="round" stroke-linejoin="round" stroke-width="2" d="M12 8v4l3 3m6-3a9 9 0 11-18 0 9 9 0 0118 0z"></path></svg>	2	1
7	Целевая аудитория	SEO привлекает пользователей, которые активно ищут ваши товары или услуги, что повышает процент конверсии на сайте.	<svg class="w-7 h-7" fill="none" stroke="currentColor" viewBox="0 0 24 24" xmlns="http://www.w3.org/2000/svg"><path stroke-linecap="round" stroke-linejoin="round" stroke-width="2" d="M17 20h5v-2a3 3 0 00-5.356-1.857M17 20H7m10 0v-2c0-.656-.126-1.283-.356-1.857M7 20H2v-2a3 3 0 015.356-1.857M7 20v-2c0-.656.126-1.283.356-1.857m0 0a5.002 5.002 0 019.288 0M15 7a3 3 0 11-6 0 3 3 0 016 0zm6 3a2 2 0 11-4 0 2 2 0 014 0zM7 10a2 2 0 11-4 0 2 2 0 014 0z"></path></svg>	3	1
8	Повышение доверия	Высокие позиции в поисковой выдаче повышают доверие к вашему бренду, так как пользователи больше доверяют топовым результатам.	<svg class="w-7 h-7" fill="none" stroke="currentColor" viewBox="0 0 24 24" xmlns="http://www.w3.org/2000/svg"><path stroke-linecap="round" stroke-linejoin="round" stroke-width="2" d="M19.428 15.428a2 2 0 00-1.022-.547l-2.387-.477a6 6 0 00-3.86.517l-.318.158a6 6 0 01-3.86.517L6.05 15.21a2 2 0 00-1.806.547M8 4h8l-1 1v5.172a2 2 0 00.586 1.414l5 5c1.26 1.26.367 3.414-1.415 3.414H4.828c-1.782 0-2.674-2.154-1.414-3.414l5-5A2 2 0 009 10.172V5L8 4z"></path></svg>	4	1
9	Измеримые результаты	SEO позволяет отслеживать множество показателей: позиции, трафик, конверсии, что делает эффективность работы полностью прозрачной.	<svg class="w-7 h-7" fill="none" stroke="currentColor" viewBox="0 0 24 24" xmlns="http://www.w3.org/2000/svg"><path stroke-linecap="round" stroke-linejoin="round" stroke-width="2" d="M16 8v8m-4-5v5m-4-2v2m-2 4h12a2 2 0 002-2V6a2 2 0 00-2-2H6a2 2 0 00-2 2v12a2 2 0 002 2z"></path></svg>	5	1
10	Глобальный охват	Качественное SEO-продвижение помогает вашему бизнесу выйти на новые рынки и привлечь клиентов из других регионов.	<svg class="w-7 h-7" fill="none" stroke="currentColor" viewBox="0 0 24 24" xmlns="http://www.w3.org/2000/svg"><path stroke-linecap="round" stroke-linejoin="round" stroke-width="2" d="M14 10h4.764a2 2 0 011.789 2.894l-3.5 7A2 2 0 0115.263 21h-4.017c-.163 0-.326-.02-.485-.06L7 20m7-10V5a2 2 0 00-2-2h-.095c-.5 0-.905.405-.905.905 0 .714-.211 1.412-.608 2.006L7 11v9m7-10h-2M7 20H5a2 2 0 01-2-2v-6a2 2 0 012-2h2.5"></path></svg>	6	1
12	Персонализация	Возможность персонализировать сообщения для каждого подписчика повышает эффективность коммуникации и конверсию.	<svg class="w-7 h-7" fill="none" stroke="currentColor" viewBox="0 0 24 24" xmlns="http://www.w3.org/2000/svg">                             <path stroke-linecap="round" stroke-linejoin="round" stroke-width="2" d="M17 20h5v-2a3 3 0 00-5.356-1.857M17 20H7m10 0v-2c0-.656-.126-1.283-.356-1.857M7 20H2v-2a3 3 0 015.356-1.857M7 20v-2c0-.656.126-1.283.356-1.857m0 0a5.002 5.002 0 019.288 0M15 7a3 3 0 11-6 0 3 3 0 016 0zm6 3a2 2 0 11-4 0 2 2 0 014 0zM7 10a2 2 0 11-4 0 2 2 0 014 0z"></path>	2	2
13	Измеримые результаты	Email-маркетинг предоставляет детальную аналитику и позволяет отслеживать эффективность каждой кампании в реальном времени.	<svg class="w-7 h-7" fill="none" stroke="currentColor" viewBox="0 0 24 24" xmlns="http://www.w3.org/2000/svg">                             <path stroke-linecap="round" stroke-linejoin="round" stroke-width="2" d="M9 19v-6a2 2 0 00-2-2H5a2 2 0 00-2 2v6a2 2 0 002 2h2a2 2 0 002-2zm0 0V9a2 2 0 012-2h2a2 2 0 012 2v10m-6 0a2 2 0 002 2h2a2 2 0 002-2m0 0V5a2 2 0 012-2h2a2 2 0 012 2v14a2 2 0 01-2 2h-2a2 2 0 01-2-2z"></path></svg>	3	2
14	Автоматизация	Автоматические цепочки писем позволяют взаимодействовать с клиентами на всех этапах воронки продаж без ручного вмешательства.	<svg class="w-7 h-7" fill="none" stroke="currentColor" viewBox="0 0 24 24" xmlns="http://www.w3.org/2000/svg"><path stroke-linecap="round" stroke-linejoin="round" stroke-width="2" d="M12 8v4l3 3m6-3a9 9 0 11-18 0 9 9 0 0118 0z"></path></svg>	4	2
15	Быстрый запуск	Email-кампании можно запустить быстрее большинства других маркетинговых инструментов, получая результаты практически сразу.	<svg class="w-7 h-7" fill="none" stroke="currentColor" viewBox="0 0 24 24" xmlns="http://www.w3.org/2000/svg"><path stroke-linecap="round" stroke-linejoin="round" stroke-width="2" d="M13 10V3L4 14h7v7l9-11h-7z"></path></svg>	5	2
16	Низкая стоимость	По сравнению с другими каналами привлечения клиентов, email-маркетинг требует минимальных затрат при максимальной отдаче.	<svg class="w-7 h-7" fill="none" stroke="currentColor" viewBox="0 0 24 24" xmlns="http://www.w3.org/2000/svg"> <path stroke-linecap="round" stroke-linejoin="round" stroke-width="2" d="M12 8c-1.657 0-3 .895-3 2s1.343 2 3 2 3 .895 3 2-1.343 2-3 2m0-8c1.11 0 2.08.402 2.599 1M12 8V7m0 1v8m0 0v1m0-1c-1.11 0-2.08-.402-2.599-1M21 12a9 9 0 11-18 0 9 9 0 0118 0z"></path></svg>	6	2
11	Высокий ROI	Email-маркетинг обеспечивает один из самых высоких показателей ROI среди всех маркетинговых каналов — в среднем 40 рублей с каждого потраченного рубля.	<svg class="w-7 h-7 md:w-8 md:h-8" fill="none" stroke="currentColor" viewBox="0 0 24 24" xmlns="http://www.w3.org/2000/svg"><path stroke-linecap="round" stroke-linejoin="round" stroke-width="2" d="M9 12l2 2 4-4m5.618-4.016A11.955 11.955 0 0112 2.944a11.955 11.955 0 01-8.618 3.04A12.02 12.02 0 003 9c0 5.591 3.824 10.29 9 11.622 5.176-1.332 9-6.03 9-11.622 0-1.042-.133-2.052-.382-3.016z"></path></svg>	1	2
23	Многоканальное использование	Один качественный материал можно адаптировать для различных каналов коммуникации, максимизируя охват и эффективность маркетинговых усилий.	<svg class="w-7 h-7" fill="none" stroke="currentColor" viewBox="0 0 24 24" xmlns="http://www.w3.org/2000/svg"> <path stroke-linecap="round" stroke-linejoin="round" stroke-width="2" d="M14 10h4.764a2 2 0 011.789 2.894l-3.5 7A2 2 0 0115.263 21h-4.017c-.163 0-.326-.02-.485-.06L7 20m7-10V5a2 2 0 00-2-2h-.095c-.5 0-.905.405-.905.905 0 .714-.211 1.412-.608 2.006L7 11v9m7-10h-2M7 20H5a2 2 0 01-2-2v-6a2 2 0 012-2h2.5"></path></svg>	6	3
17	Окупаемость инвестиций	Контент-маркетинг обеспечивает до 3 раз более высокую отдачу от инвестиций по сравнению с традиционной рекламой при меньших затратах.	<svg class="w-7 h-7" fill="none" stroke="currentColor" viewBox="0 0 24 24" xmlns="http://www.w3.org/2000/svg"><path stroke-linecap="round" stroke-linejoin="round" stroke-width="2" d="M12 8c-1.657 0-3 .895-3 2s1.343 2 3 2 3 .895 3 2-1.343 2-3 2m0-8c1.11 0 2.08.402 2.599 1M12 8V7m0 1v8m0 0v1m0-1c-1.11 0-2.08-.402-2.599-1M21 12a9 9 0 11-18 0 9 9 0 0118 0z"></path></svg>	1	3
19	Устойчивый результат	Качественный контент продолжает привлекать трафик и генерировать лиды в течение долгого времени после публикации, создавая кумулятивный эффект.	<svg class="w-7 h-7" fill="none" stroke="currentColor" viewBox="0 0 24 24" xmlns="http://www.w3.org/2000/svg"><path stroke-linecap="round" stroke-linejoin="round" stroke-width="2" d="M12 8v4l3 3m6-3a9 9 0 11-18 0 9 9 0 0118 0z"></path></svg>	2	3
20	Качественная аудитория	Контент привлекает заинтересованных пользователей, которые активно ищут информацию по вашей теме, что обеспечивает более высокую конверсию.	<svg class="w-7 h-7" fill="none" stroke="currentColor" viewBox="0 0 24 24" xmlns="http://www.w3.org/2000/svg"><path stroke-linecap="round" stroke-linejoin="round" stroke-width="2" d="M17 20h5v-2a3 3 0 00-5.356-1.857M17 20H7m10 0v-2c0-.656-.126-1.283-.356-1.857M7 20H2v-2a3 3 0 015.356-1.857M7 20v-2c0-.656.126-1.283.356-1.857m0 0a5.002 5.002 0 019.288 0M15 7a3 3 0 11-6 0 3 3 0 016 0zm6 3a2 2 0 11-4 0 2 2 0 014 0zM7 10a2 2 0 11-4 0 2 2 0 014 0z"></path></svg>	3	3
21	Повышение авторитетности	Регулярная публикация экспертного контента формирует образ компании как лидера отрасли и повышает доверие потенциальных клиентов.	<svg class="w-7 h-7" fill="none" stroke="currentColor" viewBox="0 0 24 24" xmlns="http://www.w3.org/2000/svg"><path stroke-linecap="round" stroke-linejoin="round" stroke-width="2" d="M19.428 15.428a2 2 0 00-1.022-.547l-2.387-.477a6 6 0 00-3.86.517l-.318.158a6 6 0 01-3.86.517L6.05 15.21a2 2 0 00-1.806.547M8 4h8l-1 1v5.172a2 2 0 00.586 1.414l5 5c1.26 1.26.367 3.414-1.415 3.414H4.828c-1.782 0-2.674-2.154-1.414-3.414l5-5A2 2 0 009 10.172V5L8 4z"></path></svg>	4	3
22	Измеримые результаты	Современные инструменты аналитики позволяют отслеживать эффективность контента и корректировать стратегию на основе данных.	<svg class="w-7 h-7" fill="none" stroke="currentColor" viewBox="0 0 24 24" xmlns="http://www.w3.org/2000/svg"><path stroke-linecap="round" stroke-linejoin="round" stroke-width="2" d="M16 8v8m-4-5v5m-4-2v2m-2 4h12a2 2 0 002-2V6a2 2 0 00-2-2H6a2 2 0 00-2 2v12a2 2 0 002 2z"></path></svg>	5	3
\.


--
-- Data for Name: services_servicecase; Type: TABLE DATA; Schema: public; Owner: boldrise_admin
--

COPY public.services_servicecase (id, title, description, image, category, result, link, "order", service_id) FROM stdin;
1	Увеличение органического трафика интернет-магазина электроники на 187%	Комплексное SEO-продвижение позволило вывести интернет-магазин в топ-3 по более чем 500 высококонкурентным запросам.	services/cases/concept.jpg	Интернет-магазин	+187% трафика	https://ya.ru	1	1
2	Рост числа заявок с сайта B2B компании на 243% за 6 месяцев	Глубокая техническая оптимизация сайта и работа с коммерческими факторами позволили увеличить конверсию.	services/cases/concept_TA7mKAT.jpg	Корпоративный сайт	+243% заявок	https://ya.ru	2	1
3	Вывод медицинского центра в топ-3 поисковой выдачи за 4 месяца	Разработка локальной SEO-стратегии позволила обойти федеральных конкурентов по ключевым запросам в регионе.	services/cases/concept_DZlFMa1.jpg	Региональный сайт	В топ-3 за 4 месяца	https://ya.ru	3	1
4	Увеличение продаж интернет-магазина одежды на 156% с помощью сегментированных рассылок	Внедрение персонализированных триггерных писем и сегментация базы клиентов по 12 критериям позволили значительно повысить эффективность email-кампаний.	services/cases/concept_xeCCdMB.jpg	Интернет-магазин	+156% продаж	https://ya.ru	1	2
5	Увеличение количества квалифицированных лидов B2B-компании на 83% за 3 месяца	Разработка и внедрение образовательной email-серии с ценным контентом и автоматизированной цепочкой писем привели к значительному росту лидов.	services/cases/concept_FXNjPRk.jpg	B2B-компания	+83% лидов	https://ya.ru	2	2
6	Повышение открываемости писем с 18% до 42% для сети фитнес-центров	Оптимизация темы и времени отправки писем, а также внедрение A/B-тестирования позволили значительно улучшить ключевые показатели email-кампаний.	services/cases/concept_ZGbOK23.jpg	Сервисная компания	Open Rate 42%	https://ya.ru	3	2
\.


--
-- Data for Name: services_servicedetail; Type: TABLE DATA; Schema: public; Owner: boldrise_admin
--

COPY public.services_servicedetail (id, title, description, icon_svg, "order", service_id) FROM stdin;
1	SEO-аудит сайта	Комплексный анализ сайта на наличие технических ошибок, проблем с контентом и структурой, мешающих продвижению.	<svg class="w-8 h-8" fill="none" stroke="currentColor" viewBox="0 0 24 24" xmlns="http://www.w3.org/2000/svg"><path stroke-linecap="round" stroke-linejoin="round" stroke-width="2" d="M9 5H7a2 2 0 00-2 2v12a2 2 0 002 2h10a2 2 0 002-2V7a2 2 0 00-2-2h-2M9 5a2 2 0 002 2h2a2 2 0 002-2M9 5a2 2 0 012-2h2a2 2 0 012 2m-3 7h3m-3 4h3m-6-4h.01M9 16h.01"></path></svg>	1	1
9	Аудит и стратегия email-маркетинга	Комплексный анализ вашей текущей email-стратегии и разработка эффективного плана для достижения бизнес-целей.	<svg class="w-8 h-8" fill="none" stroke="currentColor" viewBox="0 0 24 24" xmlns="http://www.w3.org/2000/svg"><path stroke-linecap="round" stroke-linejoin="round" stroke-width="2" d="M9 5H7a2 2 0 00-2 2v12a2 2 0 002 2h10a2 2 0 002-2V7a2 2 0 00-2-2h-2M9 5a2 2 0 002 2h2a2 2 0 002-2M9 5a2 2 0 012-2h2a2 2 0 012 2m-3 7h3m-3 4h3m-6-4h.01M9 16h.01"></path></svg>	1	2
2	Семантическое ядро	Подбор ключевых слов и фраз, по которым пользователи будут находить ваш сайт в поисковых системах.	<svg class="w-8 h-8" fill="none" stroke="currentColor" viewBox="0 0 24 24" xmlns="http://www.w3.org/2000/svg"><path stroke-linecap="round" stroke-linejoin="round" stroke-width="2" d="M10 21h7a2 2 0 002-2V9.414a1 1 0 00-.293-.707l-5.414-5.414A1 1 0 0012.586 3H7a2 2 0 00-2 2v11m0 5l4.879-4.879m0 0a3 3 0 104.243-4.242 3 3 0 00-4.243 4.242z"></path></svg>	2	1
3	Техническая оптимизация	Исправление технических ошибок сайта, влияющих на его индексацию и ранжирование в поисковых системах.	<svg class="w-8 h-8" fill="none" stroke="currentColor" viewBox="0 0 24 24" xmlns="http://www.w3.org/2000/svg"><path stroke-linecap="round" stroke-linejoin="round" stroke-width="2" d="M10 20l4-16m4 4l4 4-4 4M6 16l-4-4 4-4"></path></svg>	3	1
4	Оптимизация контента	Создание и оптимизация текстов для страниц сайта с учетом требований поисковых систем и интересов пользователей.	<svg class="w-8 h-8" fill="none" stroke="currentColor" viewBox="0 0 24 24" xmlns="http://www.w3.org/2000/svg"><path stroke-linecap="round" stroke-linejoin="round" stroke-width="2" d="M11 5H6a2 2 0 00-2 2v11a2 2 0 002 2h11a2 2 0 002-2v-5m-1.414-9.414a2 2 0 112.828 2.828L11.828 15H9v-2.828l8.586-8.586z"></path></svg>	4	1
5	Внешняя оптимизация	Наращивание качественной ссылочной массы для повышения авторитетности сайта в глазах поисковых систем.	<svg class="w-8 h-8" fill="none" stroke="currentColor" viewBox="0 0 24 24" xmlns="http://www.w3.org/2000/svg"><path stroke-linecap="round" stroke-linejoin="round" stroke-width="2" d="M13.828 10.172a4 4 0 00-5.656 0l-4 4a4 4 0 105.656 5.656l1.102-1.101m-.758-4.899a4 4 0 005.656 0l4-4a4 4 0 00-5.656-5.656l-1.1 1.1"></path></svg>	5	1
6	Мониторинг и аналитика	Постоянный контроль позиций сайта в поисковых системах и анализ эффективности проводимых работ.	<svg class="w-8 h-8" fill="none" stroke="currentColor" viewBox="0 0 24 24" xmlns="http://www.w3.org/2000/svg"><path stroke-linecap="round" stroke-linejoin="round" stroke-width="2" d="M9 19v-6a2 2 0 00-2-2H5a2 2 0 00-2 2v6a2 2 0 002 2h2a2 2 0 002-2zm0 0V9a2 2 0 012-2h2a2 2 0 012 2v10m-6 0a2 2 0 002 2h2a2 2 0 002-2m0 0V5a2 2 0 012-2h2a2 2 0 012 2v14a2 2 0 01-2 2h-2a2 2 0 01-2-2z"></path></svg>	6	1
10	Создание и дизайн писем	Разработка привлекательных и эффективных email-шаблонов, адаптированных под все устройства и почтовые клиенты.	<svg class="w-8 h-8" fill="none" stroke="currentColor" viewBox="0 0 24 24" xmlns="http://www.w3.org/2000/svg">\r\n<path stroke-linecap="round" stroke-linejoin="round" stroke-width="2" d="M19 11H5m14 0a2 2 0 012 2v6a2 2 0 01-2 2H5a2 2 0 01-2-2v-6a2 2 0 012-2m14 0V9a2 2 0 00-2-2M5 11V9a2 2 0 012-2m0 0V5a2 2 0 012-2h6a2 2 0 012 2v2M7 7h10"></path></svg>	2	2
11	Сегментация и персонализация	Разделение базы подписчиков на сегменты для более персонализированных и релевантных рассылок, повышающих конверсию.	<svg class="w-8 h-8" fill="none" stroke="currentColor" viewBox="0 0 24 24" xmlns="http://www.w3.org/2000/svg">\r\n                            <path stroke-linecap="round" stroke-linejoin="round" stroke-width="2" d="M4 5a1 1 0 011-1h14a1 1 0 011 1v2a1 1 0 01-1 1H5a1 1 0 01-1-1V5zM4 13a1 1 0 011-1h6a1 1 0 011 1v6a1 1 0 01-1 1H5a1 1 0 01-1-1v-6zM16 13a1 1 0 011-1h2a1 1 0 011 1v6a1 1 0 01-1 1h-2a1 1 0 01-1-1v-6z"></path>\r\n                        </svg>	3	2
12	Настройка автоматических цепочек	Создание автоматических сценариев email-рассылок, реагирующих на действия пользователей в реальном времени.	<svg class="w-8 h-8" fill="none" stroke="currentColor" viewBox="0 0 24 24" xmlns="http://www.w3.org/2000/svg">\r\n                            <path stroke-linecap="round" stroke-linejoin="round" stroke-width="2" d="M12 8v4l3 3m6-3a9 9 0 11-18 0 9 9 0 0118 0z"></path>\r\n                        </svg>	4	2
7	A/B-тестирование и аналитика	Регулярное тестирование различных элементов писем и глубокий анализ эффективности email-кампаний.	<svg class="w-8 h-8" fill="none" stroke="currentColor" viewBox="0 0 24 24" xmlns="http://www.w3.org/2000/svg"><path stroke-linecap="round" stroke-linejoin="round" stroke-width="2" d="M9 19v-6a2 2 0 00-2-2H5a2 2 0 00-2 2v6a2 2 0 002 2h2a2 2 0 002-2zm0 0V9a2 2 0 012-2h2a2 2 0 012 2v10m-6 0a2 2 0 002 2h2a2 2 0 002-2m0 0V5a2 2 0 012-2h2a2 2 0 012 2v14a2 2 0 01-2 2h-2a2 2 0 01-2-2z"></path></svg>	5	2
8	Техническая оптимизация доставляемости	Настройка технических аспектов отправки писем для обеспечения максимальной доставляемости в папку "Входящие".	<svg class="w-8 h-8" fill="none" stroke="currentColor" viewBox="0 0 24 24" xmlns="http://www.w3.org/2000/svg">\r\n<path stroke-linecap="round" stroke-linejoin="round" stroke-width="2" d="M10 20l4-16m4 4l4 4-4 4M6 16l-4-4 4-4"></path>\r\n</svg>	6	2
13	Разработка контент-стратегии	Создание комплексного плана по созданию и продвижению контента, соответствующего бизнес-целям и потребностям целевой аудитории.	<svg class="w-8 h-8" fill="none" stroke="currentColor"\r\n                             viewBox="0 0 24 24"\r\n                             xmlns="http://www.w3.org/2000/svg">\r\n                            <path stroke-linecap="round"\r\n                                  stroke-linejoin="round" stroke-width="2"\r\n                                  d="M9 12h6m-6 4h6m2 5H7a2 2 0 01-2-2V5a2 2 0 012-2h5.586a1 1 0 01.707.293l5.414 5.414a1 1 0 01.293.707V19a2 2 0 01-2 2z"></path>\r\n                        </svg>	1	3
17	Видео-контент	Создание видеоматериалов для разных платформ, которые повышают вовлеченность аудитории и эффективно представляют ваши продукты и услуги.	<svg class="w-8 h-8" fill="none" stroke="currentColor"\r\n                             viewBox="0 0 24 24"\r\n                             xmlns="http://www.w3.org/2000/svg">\r\n                            <path stroke-linecap="round"\r\n                                  stroke-linejoin="round" stroke-width="2"\r\n                                  d="M15 10l4.553-2.276A1 1 0 0121 8.618v6.764a1 1 0 01-1.447.894L15 14M5 18h8a2 2 0 002-2V8a2 2 0 00-2-2H5a2 2 0 00-2 2v8a2 2 0 002 2z"></path>\r\n                        </svg>	5	3
14	Создание контента для сайта	Разработка информативных, оптимизированных для поиска материалов, которые отвечают на запросы пользователей и помогают в продвижении продуктов и услуг.	<svg class="w-8 h-8" fill="none" stroke="currentColor"\r\n                             viewBox="0 0 24 24"\r\n                             xmlns="http://www.w3.org/2000/svg">\r\n                            <path stroke-linecap="round"\r\n                                  stroke-linejoin="round" stroke-width="2"\r\n                                  d="M11 5H6a2 2 0 00-2 2v11a2 2 0 002 2h11a2 2 0 002-2v-5m-1.414-9.414a2 2 0 112.828 2.828L11.828 15H9v-2.828l8.586-8.586z"></path>\r\n                        </svg>	2	3
15	Контент для социальных сетей	Разработка вовлекающего контента для социальных платформ, который формирует сообщество вокруг вашего бренда и стимулирует взаимодействие с аудиторией.	<svg class="w-8 h-8" fill="none" stroke="currentColor"\r\n                             viewBox="0 0 24 24"\r\n                             xmlns="http://www.w3.org/2000/svg">\r\n                            <path stroke-linecap="round"\r\n                                  stroke-linejoin="round" stroke-width="2"\r\n                                  d="M7 8h10M7 12h4m1 8l-4-4H5a2 2 0 01-2-2V6a2 2 0 012-2h14a2 2 0 012 2v8a2 2 0 01-2 2h-3l-4 4z"></path>\r\n                        </svg>	3	3
16	Email-маркетинг	Создание эффективных email-кампаний, которые поддерживают связь с клиентами, информируют о новинках и стимулируют повторные продажи.	<svg class="w-8 h-8" fill="none" stroke="currentColor"\r\n                             viewBox="0 0 24 24"\r\n                             xmlns="http://www.w3.org/2000/svg">\r\n                            <path stroke-linecap="round"\r\n                                  stroke-linejoin="round" stroke-width="2"\r\n                                  d="M3 8l7.89 5.26a2 2 0 002.22 0L21 8M5 19h14a2 2 0 002-2V7a2 2 0 00-2-2H5a2 2 0 00-2 2v10a2 2 0 002 2z"></path>\r\n                        </svg>	4	3
18	Аналитика и оптимизация	Мониторинг эффективности контент-маркетинга, анализ показателей и корректировка стратегии для достижения максимальных результатов.	<svg class="w-8 h-8" fill="none" stroke="currentColor"\r\n                             viewBox="0 0 24 24"\r\n                             xmlns="http://www.w3.org/2000/svg">\r\n                            <path stroke-linecap="round"\r\n                                  stroke-linejoin="round" stroke-width="2"\r\n                                  d="M9 19v-6a2 2 0 00-2-2H5a2 2 0 00-2 2v6a2 2 0 002 2h2a2 2 0 002-2zm0 0V9a2 2 0 012-2h2a2 2 0 012 2v10m-6 0a2 2 0 002 2h2a2 2 0 002-2m0 0V5a2 2 0 012-2h2a2 2 0 012 2v14a2 2 0 01-2 2h-2a2 2 0 01-2-2z"></path>\r\n                        </svg>	6	3
\.


--
-- Data for Name: services_servicedetailitem; Type: TABLE DATA; Schema: public; Owner: boldrise_admin
--

COPY public.services_servicedetailitem (id, text, "order", detail_id) FROM stdin;
1	Технический аудит	1	1
2	Анализ юзабилити	2	1
3	Анализ ссылочного профиля	3	1
4	Сбор и кластеризация запросов	1	2
5	Анализ конкурентов	2	2
6	Распределение запросов по страницам	3	2
7	Оптимизация скорости загрузки	1	3
8	Адаптация под мобильные устройства	2	3
9	Настройка микроразметки	3	3
10	Создание SEO-текстов	1	4
11	Оптимизация заголовков	2	4
12	Оптимизация meta-тегов	3	4
13	Размещение статей на внешних ресурсах	1	5
14	Регистрация в каталогах	2	5
15	Крауд-маркетинг	3	5
16	Отслеживание позиций	1	6
17	Анализ поведенческих факторов	2	6
18	Ежемесячные отчеты	3	6
19	Анализ текущих показателей	1	9
20	Разработка контент-плана	2	9
21	Определение KPI и метрик	3	9
22	Адаптивный дизайн писем	1	10
23	Создание уникальных шаблонов	2	10
24	Копирайтинг для email-рассылок	3	10
25	Создание сегментов по поведению	1	11
26	Динамический контент	2	11
27	Персонализированные предложения	3	11
28	Приветственные серии писем	1	12
29	Триггерные письма	2	12
30	Реактивационные кампании	3	12
31	Тестирование тем писем	1	7
32	Оптимизация времени отправки	2	7
33	Подробные аналитические отчеты	3	7
34	Настройка SPF, DKIM, DMARC	1	8
35	Прогрев IP и домена	2	8
36	Очистка и валидация базы	3	8
37	Аудит существующего контента	1	13
38	Анализ конкурентов и отрасли	2	13
39	Разработка редакционного календаря	2	13
40	Информационные и коммерческие статьи	1	14
41	Лендинги и продуктовые страницы	2	14
42	Кейсы и отзывы клиентов	3	14
43	Посты и сторис для соцсетей	1	15
44	Интерактивный и вирусный контент	2	15
45	Контент-планы для соцсетей	3	15
46	Промо-рассылки и дайджесты	1	16
47	Автоматические серии писем	2	16
48	A/B-тестирование и аналитика	3	16
49	Промо-ролики и видеообзоры	1	17
50	Обучающие видео и вебинары	2	17
51	Видеоконтент для соцсетей	3	17
52	Отчеты по эффективности контента	1	18
53	Оптимизация и A/B-тестирование	2	18
54	Рекомендации по улучшению	3	18
\.


--
-- Data for Name: services_serviceexplanation; Type: TABLE DATA; Schema: public; Owner: boldrise_admin
--

COPY public.services_serviceexplanation (id, title, description, icon_svg, "order", service_id) FROM stdin;
2	Долгосрочный эффект	Результаты SEO-продвижения сохраняются надолго, обеспечивая стабильный поток клиентов даже после завершения активных работ.	<svg class="w-7 h-7" fill="none" stroke="currentColor" viewBox="0 0 24 24" xmlns="http://www.w3.org/2000/svg"><path stroke-linecap="round" stroke-linejoin="round" stroke-width="2" d="M12 8v4l3 3m6-3a9 9 0 11-18 0 9 9 0 0118 0z"></path></svg>	2	1
7	Прямая коммуникация	Email-маркетинг – это прямой канал взаимодействия с аудиторией, позволяющий доставлять сообщения напрямую в личный почтовый ящик подписчика.	<svg class="w-7 h-7" fill="none" stroke="currentColor" viewBox="0 0 24 24" xmlns="http://www.w3.org/2000/svg">\r\n                            <path stroke-linecap="round" stroke-linejoin="round" stroke-width="2" d="M3 15a4 4 0 004 4h9a5 5 0 10-.1-9.999 5.002 5.002 0 10-9.78 2.096A4.001 4.001 0 003 15z"></path>\r\n                        </svg>	1	2
1	Доступная стоимость	SEO является одним из самых экономически эффективных маркетинговых каналов, особенно в долгосрочной перспективе.	<svg class="w-7 h-7" fill="none" stroke="currentColor" viewBox="0 0 24 24" xmlns="http://www.w3.org/2000/svg"><path stroke-linecap="round" stroke-linejoin="round" stroke-width="2" d="M12 8c-1.657 0-3 .895-3 2s1.343 2 3 2 3 .895 3 2-1.343 2-3 2m0-8c1.11 0 2.08.402 2.599 1M12 8V7m0 1v8m0 0v1m0-1c-1.11 0-2.08-.402-2.599-1M21 12a9 9 0 11-18 0 9 9 0 0118 0z"></path></svg>	1	1
4	Повышение доверия	Высокие позиции в поисковой выдаче повышают доверие к вашему бренду, так как пользователи больше доверяют топовым результатам.	<svg class="w-7 h-7" fill="none" stroke="currentColor" viewBox="0 0 24 24" xmlns="http://www.w3.org/2000/svg"><path stroke-linecap="round" stroke-linejoin="round" stroke-width="2" d="M19.428 15.428a2 2 0 00-1.022-.547l-2.387-.477a6 6 0 00-3.86.517l-.318.158a6 6 0 01-3.86.517L6.05 15.21a2 2 0 00-1.806.547M8 4h8l-1 1v5.172a2 2 0 00.586 1.414l5 5c1.26 1.26.367 3.414-1.415 3.414H4.828c-1.782 0-2.674-2.154-1.414-3.414l5-5A2 2 0 009 10.172V5L8 4z"></path></svg>	4	1
5	Измеримые результаты	SEO позволяет отслеживать множество показателей: позиции, трафик, конверсии, что делает эффективность работы полностью прозрачной.	<svg class="w-7 h-7" fill="none" stroke="currentColor" viewBox="0 0 24 24" xmlns="http://www.w3.org/2000/svg"><path stroke-linecap="round" stroke-linejoin="round" stroke-width="2" d="M16 8v8m-4-5v5m-4-2v2m-2 4h12a2 2 0 002-2V6a2 2 0 00-2-2H6a2 2 0 00-2 2v12a2 2 0 002 2z"></path></svg>	5	1
3	Целевая аудитория	SEO привлекает пользователей, которые активно ищут ваши товары или услуги, что повышает процент конверсии на сайте.	<svg class="w-7 h-7" fill="none" stroke="currentColor" viewBox="0 0 24 24" xmlns="http://www.w3.org/2000/svg"><path stroke-linecap="round" stroke-linejoin="round" stroke-width="2" d="M17 20h5v-2a3 3 0 00-5.356-1.857M17 20H7m10 0v-2c0-.656-.126-1.283-.356-1.857M7 20H2v-2a3 3 0 015.356-1.857M7 20v-2c0-.656.126-1.283.356-1.857m0 0a5.002 5.002 0 019.288 0M15 7a3 3 0 11-6 0 3 3 0 016 0zm6 3a2 2 0 11-4 0 2 2 0 014 0zM7 10a2 2 0 11-4 0 2 2 0 014 0z"></path></svg>	3	1
6	Глобальный охват	Качественное SEO-продвижение помогает вашему бизнесу выйти на новые рынки и привлечь клиентов из других регионов.	<svg class="w-7 h-7" fill="none" stroke="currentColor" viewBox="0 0 24 24" xmlns="http://www.w3.org/2000/svg"><path stroke-linecap="round" stroke-linejoin="round" stroke-width="2" d="M14 10h4.764a2 2 0 011.789 2.894l-3.5 7A2 2 0 0115.263 21h-4.017c-.163 0-.326-.02-.485-.06L7 20m7-10V5a2 2 0 00-2-2h-.095c-.5 0-.905.405-.905.905 0 .714-.211 1.412-.608 2.006L7 11v9m7-10h-2M7 20H5a2 2 0 01-2-2v-6a2 2 0 012-2h2.5"></path></svg>	6	1
8	Регулярность контакта	Систематическое взаимодействие с клиентами через плановые рассылки, обеспечивающее постоянное присутствие бренда в информационном поле аудитории.	<svg class="w-7 h-7" fill="none" stroke="currentColor" viewBox="0 0 24 24" xmlns="http://www.w3.org/2000/svg">\r\n                            <path stroke-linecap="round" stroke-linejoin="round" stroke-width="2" d="M8 7V3m8 4V3m-9 8h10M5 21h14a2 2 0 002-2V7a2 2 0 00-2-2H5a2 2 0 00-2 2v12a2 2 0 002 2z"></path>\r\n                        </svg>	2	2
14	Экспертное позиционирование	Регулярная публикация экспертного контента формирует образ компании как лидера мнений в своей нише и повышает доверие.	<svg class="w-7 h-7" fill="none" stroke="currentColor"\r\n                             viewBox="0 0 24 24"\r\n                             xmlns="http://www.w3.org/2000/svg">\r\n                            <path stroke-linecap="round"\r\n                                  stroke-linejoin="round" stroke-width="2"\r\n                                  d="M19 11a7 7 0 01-7 7m0 0a7 7 0 01-7-7m7 7v4m0 0H8m4 0h4m-4-8a3 3 0 01-3-3V5a3 3 0 116 0v6a3 3 0 01-3 3z"></path>\r\n                        </svg>	2	3
15	Улучшение видимости в поиске	Контент-маркетинг является основой SEO-стратегии, помогая привлекать бесплатный органический трафик из поисковых систем.	<svg class="w-7 h-7" fill="none" stroke="currentColor"\r\n                             viewBox="0 0 24 24"\r\n                             xmlns="http://www.w3.org/2000/svg">\r\n                            <path stroke-linecap="round"\r\n                                  stroke-linejoin="round" stroke-width="2"\r\n                                  d="M8 16l2.879-2.879m0 0a3 3 0 104.243-4.242 3 3 0 00-4.243 4.242zM21 12a9 9 0 11-18 0 9 9 0 0118 0z"></path>\r\n                        </svg>	3	3
16	Вовлечение аудитории	Интересный контент побуждает к взаимодействию, обсуждению, стимулирует пользователей подписываться на обновления и делиться материалами.	<svg class="w-7 h-7" fill="none" stroke="currentColor"\r\n                             viewBox="0 0 24 24"\r\n                             xmlns="http://www.w3.org/2000/svg">\r\n                            <path stroke-linecap="round"\r\n                                  stroke-linejoin="round" stroke-width="2"\r\n                                  d="M17 20h5v-2a3 3 0 00-5.356-1.857M17 20H7m10 0v-2c0-.656-.126-1.283-.356-1.857M7 20H2v-2a3 3 0 015.356-1.857M7 20v-2c0-.656.126-1.283.356-1.857m0 0a5.002 5.002 0 019.288 0M15 7a3 3 0 11-6 0 3 3 0 016 0zm6 3a2 2 0 11-4 0 2 2 0 014 0zM7 10a2 2 0 11-4 0 2 2 0 014 0z"></path>\r\n                        </svg>	4	3
9	Разнообразие форматов	Включает в себя различные типы рассылок: информационные, транзакционные, триггерные, промо-письма и образовательный контент в едином канале.	<svg class="w-7 h-7" fill="none" stroke="currentColor" viewBox="0 0 24 24" xmlns="http://www.w3.org/2000/svg">\r\n                            <path stroke-linecap="round" stroke-linejoin="round" stroke-width="2" d="M19 11H5m14 0a2 2 0 012 2v6a2 2 0 01-2 2H5a2 2 0 01-2-2v-6a2 2 0 012-2m14 0V9a2 2 0 00-2-2M5 11V9a2 2 0 012-2m0 0V5a2 2 0 012-2h6a2 2 0 012 2v2M7 7h10"></path>\r\n                        </svg>	3	2
10	Структурированный подход	Стратегический инструмент с четкой сегментацией, планированием контента и аналитикой каждого этапа взаимодействия с подписчиками.	<svg class="w-7 h-7" fill="none" stroke="currentColor" viewBox="0 0 24 24" xmlns="http://www.w3.org/2000/svg">\r\n                            <path stroke-linecap="round" stroke-linejoin="round" stroke-width="2" d="M9 12h6m-6 4h6m2 5H7a2 2 0 01-2-2V5a2 2 0 012-2h5.586a1 1 0 01.707.293l5.414 5.414a1 1 0 01.293.707V19a2 2 0 01-2 2z"></path>\r\n                        </svg>	4	2
11	Путь клиента	Email-маркетинг сопровождает клиента на всех этапах - от первого знакомства с брендом до постоянного взаимодействия и повторных покупок.	<svg class="w-7 h-7" fill="none" stroke="currentColor" viewBox="0 0 24 24" xmlns="http://www.w3.org/2000/svg">\r\n                            <path stroke-linecap="round" stroke-linejoin="round" stroke-width="2" d="M13 7h8m0 0v8m0-8l-8 8-4-4-6 6"></path>\r\n                        </svg>	5	2
17	Поддержка продаж	Контент помогает преодолевать возражения, объяснять преимущества продуктов и услуг, сопровождая клиента через все этапы воронки продаж.	<svg class="w-7 h-7" fill="none" stroke="currentColor"\r\n                             viewBox="0 0 24 24"\r\n                             xmlns="http://www.w3.org/2000/svg">\r\n                            <path stroke-linecap="round"\r\n                                  stroke-linejoin="round" stroke-width="2"\r\n                                  d="M9 19v-6a2 2 0 00-2-2H5a2 2 0 00-2 2v6a2 2 0 002 2h2a2 2 0 002-2zm0 0V9a2 2 0 012-2h2a2 2 0 012 2v10m-6 0a2 2 0 002 2h2a2 2 0 002-2m0 0V5a2 2 0 012-2h2a2 2 0 012 2v14a2 2 0 01-2 2h-2a2 2 0 01-2-2z"></path>\r\n                        </svg>	5	3
18	Долгосрочный результат	В отличие от рекламы, контент-маркетинг работает на перспективу, создавая постоянный поток трафика и лидов на долгие годы.	<svg class="w-7 h-7" fill="none" stroke="currentColor"\r\n                             viewBox="0 0 24 24"\r\n                             xmlns="http://www.w3.org/2000/svg">\r\n                            <path stroke-linecap="round"\r\n                                  stroke-linejoin="round" stroke-width="2"\r\n                                  d="M13 10V3L4 14h7v7l9-11h-7z"></path>\r\n                        </svg>	6	3
12	Контентная платформа	Полноценный медиа-канал, позволяющий транслировать ценности бренда, экспертизу и полезную информацию, формируя образ компании.	<svg class="w-7 h-7" fill="none" stroke="currentColor" viewBox="0 0 24 24" xmlns="http://www.w3.org/2000/svg">\r\n                            <path stroke-linecap="round" stroke-linejoin="round" stroke-width="2" d="M5 3v4M3 5h4M6 17v4m-2-2h4m5-16l2.286 6.857L21 12l-5.714 2.143L13 21l-2.286-6.857L5 12l5.714-2.143L13 3z"></path>\r\n                        </svg>	6	2
13	Привлечение аудитории	Качественный контент привлекает целевую аудиторию, решая их проблемы и отвечая на важные вопросы без навязчивой рекламы.	<svg class="w-7 h-7" fill="none" stroke="currentColor"\r\n                             viewBox="0 0 24 24"\r\n                             xmlns="http://www.w3.org/2000/svg">\r\n                            <path stroke-linecap="round"\r\n                                  stroke-linejoin="round" stroke-width="2"\r\n                                  d="M15 15l-2 5L9 9l11 4-5 2zm0 0l5 5M7.188 2.239l.777 2.897M5.136 7.965l-2.898-.777M13.95 4.05l-2.122 2.122m-5.657 5.656l-2.12 2.122"></path>\r\n                        </svg>	1	3
\.


--
-- Data for Name: services_servicefeature; Type: TABLE DATA; Schema: public; Owner: boldrise_admin
--

COPY public.services_servicefeature (id, title, "order", service_id) FROM stdin;
1	Техническая оптимизация	1	1
2	Внутренняя оптимизация	2	1
3	Внешняя оптимизация	3	1
4	Welcome-цепочки писем	1	2
5	Автоматизация рассылок	2	2
6	Сегментация базы	3	2
7	Контент-стратегия	1	3
8	Создание контента	2	3
9	Продвижение контента	3	3
10	Контент-план	1	4
11	Таргетированная реклама	2	4
12	Коммьюнити-менеджмент	3	4
13	SERM-стратегия	1	5
14	Работа с отзывами	2	5
15	Мониторинг упоминаний	3	5
16	Контекстная реклама	1	6
17	Баннерная реклама	2	6
18	Ремаркетинг	3	6
\.


--
-- Data for Name: services_servicepartner; Type: TABLE DATA; Schema: public; Owner: boldrise_admin
--

COPY public.services_servicepartner (id, name, logo, link, is_common, "order", service_id) FROM stdin;
\.


--
-- Data for Name: services_servicepricing; Type: TABLE DATA; Schema: public; Owner: boldrise_admin
--

COPY public.services_servicepricing (id, title, price, period, description, badge, "order", service_id) FROM stdin;
1	Базовый	от 30 000 ₽	в месяц	Оптимальный тариф для малого бизнеса	Старт продвижения	1	1
2	Стандартный	от 60 000 ₽	в месяц	Для бизнеса со средней конкуренцией	Рекомендуемый	2	1
3	Премиум	от 100 000 ₽	в месяц	Для бизнеса с высокой конкуренцией	Максимальный результат	3	1
4	Базовый	от 25 000 ₽	в месяц	Оптимальный тариф для малого бизнеса	Старт email-маркетинга	1	2
5	Стандартный	от 50 000 ₽	в месяц	Для бизнеса со средней конкуренцией	Рекомендуемый	2	2
6	Премиум	от 80 000 ₽	в месяц	Для бизнеса с высокой конкуренцией	Максимальный результат	3	2
\.


--
-- Data for Name: services_servicepricingfeature; Type: TABLE DATA; Schema: public; Owner: boldrise_admin
--

COPY public.services_servicepricingfeature (id, text, "order", pricing_id) FROM stdin;
1	До 100 ключевых слов	1	1
2	Базовый технический аудит	2	1
3	Оптимизация мета-тегов	3	1
4	Базовая внутренняя оптимизация	4	1
5	Ежемесячная отчетность	5	1
6	До 300 ключевых слов	1	2
7	Полный технический аудит	2	2
8	Создание SEO-текстов (до 5 страниц)	3	2
9	Внутренняя перелинковка	4	2
10	Базовая внешняя оптимизация	5	2
11	Еженедельная отчетность	6	2
12	Неограниченное количество ключевых слов	1	3
13	Углубленный технический аудит	2	3
14	Создание SEO-текстов (до 15 страниц)	3	3
15	Полная внешняя оптимизация	4	3
16	Персональный SEO-специалист	5	3
17	Ежедневная отчетность по запросу	6	3
\.


--
-- Data for Name: services_serviceprocess; Type: TABLE DATA; Schema: public; Owner: boldrise_admin
--

COPY public.services_serviceprocess (id, title, description, icon, "order", service_id) FROM stdin;
11	Мониторинг и отчетность	Постоянно отслеживаем результаты работы и предоставляем подробные отчеты о достигнутых показателях.		6	1
1	Аудит и анализ	Проводим комплексный аудит сайта, анализируем конкурентов и текущее положение в поисковой выдаче.		1	1
2	Разработка стратегии	Составляем детальный план продвижения с учетом специфики вашего бизнеса и целевой аудитории.		2	1
3	Техническая оптимизация	Исправляем технические ошибки на сайте, оптимизируем скорость загрузки и внутреннюю структуру.		3	1
4	Контентная оптимизация	Создаем и оптимизируем контент, который нравится и пользователям, и поисковым системам.		4	1
5	Внешняя оптимизация	Наращиваем качественную ссылочную массу, работаем с отзывами и упоминаниями в сети.		5	1
12	Аудит и стратегия	Анализируем вашу целевую аудиторию, текущее состояние базы подписчиков и разрабатываем стратегию email-кампаний.		1	2
13	Создание контента	Разрабатываем привлекательный и эффективный контент для писем, включая тексты, дизайн и оптимальные призывы к действию.		2	2
14	Техническая настройка	Настраиваем систему email-маркетинга, включая интеграцию с вашим сайтом, CRM-системами и настройку защитных протоколов.		3	2
15	Сегментация базы	Разделяем вашу базу подписчиков на сегменты для более персонализированных и релевантных рассылок, повышающих конверсию.		4	2
16	Запуск кампаний	Запускаем регулярные рассылки и автоматические цепочки писем в соответствии с разработанной стратегией и календарным планом.		5	2
17	Анализ и оптимизация	Анализируем эффективность кампаний, тестируем различные подходы и постоянно оптимизируем стратегию для достижения лучших результатов.		6	2
18	Анализ и исследование	Изучаем ваш бизнес, целевую аудиторию, конкурентов и отрасль для формирования эффективной контент-стратегии.		1	3
19	Разработка контент-стратегии	Создаем детальный план публикаций с определением типов контента, каналов распространения и KPI для каждого материала.		2	3
20	Создание контента	Наша команда экспертов пишет, редактирует и оптимизирует контент, который вовлекает аудиторию и соответствует поисковым запросам.		3	3
21	Публикация и продвижение	Размещаем контент на оптимальных площадках и каналах, дополнительно продвигая его для увеличения охвата и вовлеченности.		4	3
22	Анализ эффективности	Отслеживаем ключевые метрики и показатели эффективности контента, выявляя наиболее успешные форматы и темы.		5	3
23	Оптимизация и масштабирование	Корректируем контент-стратегию на основе аналитики и полученных результатов, масштабируя успешные подходы и форматы.		6	3
\.


--
-- Data for Name: testimonials_testimonial; Type: TABLE DATA; Schema: public; Owner: boldrise_admin
--

COPY public.testimonials_testimonial (id, name, "position", company, content, rating, photo, is_published, is_featured, "order") FROM stdin;
1	Алексей Иванов	CEO	TechStore	Команда Boldrise Agency полностью преобразила наш подход к digital-маркетингу. За 6 месяцев сотрудничества органический трафик вырос на 78%, а конверсия увеличилась почти в 2 раза. Профессионализм и результативность на высшем уровне!	5		t	t	1
2	Мария Петрова	Маркетинг-директор	FashionStore	Особенно хочу отметить профессионализм в области SMM и контент-маркетинга. За 6 месяцев работы мы увидели рост аудитории в социальных сетях на 300% и увеличение конверсии на сайте. Контент теперь действительно работает на нас!	5		t	t	2
3	Сергей Смирнов	Владелец	BeautySalon	С Boldrise Agency мы запустили полноценную email-стратегию, которая стала одним из основных каналов продаж. ROI от рассылок достиг 420%. Отличает их комплексный подход и внимание к деталям.	5		t	t	3
\.


--
-- Name: auth_group_id_seq; Type: SEQUENCE SET; Schema: public; Owner: boldrise_admin
--

SELECT pg_catalog.setval('public.auth_group_id_seq', 1, false);


--
-- Name: auth_group_permissions_id_seq; Type: SEQUENCE SET; Schema: public; Owner: boldrise_admin
--

SELECT pg_catalog.setval('public.auth_group_permissions_id_seq', 1, false);


--
-- Name: auth_permission_id_seq; Type: SEQUENCE SET; Schema: public; Owner: boldrise_admin
--

SELECT pg_catalog.setval('public.auth_permission_id_seq', 120, true);


--
-- Name: auth_user_groups_id_seq; Type: SEQUENCE SET; Schema: public; Owner: boldrise_admin
--

SELECT pg_catalog.setval('public.auth_user_groups_id_seq', 1, false);


--
-- Name: auth_user_id_seq; Type: SEQUENCE SET; Schema: public; Owner: boldrise_admin
--

SELECT pg_catalog.setval('public.auth_user_id_seq', 4, true);


--
-- Name: auth_user_user_permissions_id_seq; Type: SEQUENCE SET; Schema: public; Owner: boldrise_admin
--

SELECT pg_catalog.setval('public.auth_user_user_permissions_id_seq', 1, false);


--
-- Name: blog_comment_id_seq; Type: SEQUENCE SET; Schema: public; Owner: boldrise_admin
--

SELECT pg_catalog.setval('public.blog_comment_id_seq', 1, false);


--
-- Name: blog_post_id_seq; Type: SEQUENCE SET; Schema: public; Owner: boldrise_admin
--

SELECT pg_catalog.setval('public.blog_post_id_seq', 3, true);


--
-- Name: blog_post_tags_id_seq; Type: SEQUENCE SET; Schema: public; Owner: boldrise_admin
--

SELECT pg_catalog.setval('public.blog_post_tags_id_seq', 6, true);


--
-- Name: cases_case_categories_id_seq; Type: SEQUENCE SET; Schema: public; Owner: boldrise_admin
--

SELECT pg_catalog.setval('public.cases_case_categories_id_seq', 1, true);


--
-- Name: cases_case_id_seq; Type: SEQUENCE SET; Schema: public; Owner: boldrise_admin
--

SELECT pg_catalog.setval('public.cases_case_id_seq', 1, true);


--
-- Name: cases_case_services_id_seq; Type: SEQUENCE SET; Schema: public; Owner: boldrise_admin
--

SELECT pg_catalog.setval('public.cases_case_services_id_seq', 1, false);


--
-- Name: cases_caseimage_id_seq; Type: SEQUENCE SET; Schema: public; Owner: boldrise_admin
--

SELECT pg_catalog.setval('public.cases_caseimage_id_seq', 1, false);


--
-- Name: core_category_id_seq; Type: SEQUENCE SET; Schema: public; Owner: boldrise_admin
--

SELECT pg_catalog.setval('public.core_category_id_seq', 3, true);


--
-- Name: core_contactrequest_id_seq; Type: SEQUENCE SET; Schema: public; Owner: boldrise_admin
--

SELECT pg_catalog.setval('public.core_contactrequest_id_seq', 12, true);


--
-- Name: core_expertise_id_seq; Type: SEQUENCE SET; Schema: public; Owner: boldrise_admin
--

SELECT pg_catalog.setval('public.core_expertise_id_seq', 1, false);


--
-- Name: core_newsletter_id_seq; Type: SEQUENCE SET; Schema: public; Owner: boldrise_admin
--

SELECT pg_catalog.setval('public.core_newsletter_id_seq', 12, true);


--
-- Name: core_profile_expertise_id_seq; Type: SEQUENCE SET; Schema: public; Owner: boldrise_admin
--

SELECT pg_catalog.setval('public.core_profile_expertise_id_seq', 1, false);


--
-- Name: core_profile_id_seq; Type: SEQUENCE SET; Schema: public; Owner: boldrise_admin
--

SELECT pg_catalog.setval('public.core_profile_id_seq', 6, true);


--
-- Name: core_tag_id_seq; Type: SEQUENCE SET; Schema: public; Owner: boldrise_admin
--

SELECT pg_catalog.setval('public.core_tag_id_seq', 4, true);


--
-- Name: django_admin_log_id_seq; Type: SEQUENCE SET; Schema: public; Owner: boldrise_admin
--

SELECT pg_catalog.setval('public.django_admin_log_id_seq', 131, true);


--
-- Name: django_content_type_id_seq; Type: SEQUENCE SET; Schema: public; Owner: boldrise_admin
--

SELECT pg_catalog.setval('public.django_content_type_id_seq', 30, true);


--
-- Name: django_migrations_id_seq; Type: SEQUENCE SET; Schema: public; Owner: boldrise_admin
--

SELECT pg_catalog.setval('public.django_migrations_id_seq', 30, true);


--
-- Name: services_faq_id_seq; Type: SEQUENCE SET; Schema: public; Owner: boldrise_admin
--

SELECT pg_catalog.setval('public.services_faq_id_seq', 36, true);


--
-- Name: services_service_id_seq; Type: SEQUENCE SET; Schema: public; Owner: boldrise_admin
--

SELECT pg_catalog.setval('public.services_service_id_seq', 6, true);


--
-- Name: services_servicebenefit_id_seq; Type: SEQUENCE SET; Schema: public; Owner: boldrise_admin
--

SELECT pg_catalog.setval('public.services_servicebenefit_id_seq', 23, true);


--
-- Name: services_servicecase_id_seq; Type: SEQUENCE SET; Schema: public; Owner: boldrise_admin
--

SELECT pg_catalog.setval('public.services_servicecase_id_seq', 6, true);


--
-- Name: services_servicedetail_id_seq; Type: SEQUENCE SET; Schema: public; Owner: boldrise_admin
--

SELECT pg_catalog.setval('public.services_servicedetail_id_seq', 18, true);


--
-- Name: services_servicedetailitem_id_seq; Type: SEQUENCE SET; Schema: public; Owner: boldrise_admin
--

SELECT pg_catalog.setval('public.services_servicedetailitem_id_seq', 54, true);


--
-- Name: services_serviceexplanation_id_seq; Type: SEQUENCE SET; Schema: public; Owner: boldrise_admin
--

SELECT pg_catalog.setval('public.services_serviceexplanation_id_seq', 18, true);


--
-- Name: services_servicefeature_id_seq; Type: SEQUENCE SET; Schema: public; Owner: boldrise_admin
--

SELECT pg_catalog.setval('public.services_servicefeature_id_seq', 19, true);


--
-- Name: services_servicepartner_id_seq; Type: SEQUENCE SET; Schema: public; Owner: boldrise_admin
--

SELECT pg_catalog.setval('public.services_servicepartner_id_seq', 6, true);


--
-- Name: services_servicepricing_id_seq; Type: SEQUENCE SET; Schema: public; Owner: boldrise_admin
--

SELECT pg_catalog.setval('public.services_servicepricing_id_seq', 6, true);


--
-- Name: services_servicepricingfeature_id_seq; Type: SEQUENCE SET; Schema: public; Owner: boldrise_admin
--

SELECT pg_catalog.setval('public.services_servicepricingfeature_id_seq', 17, true);


--
-- Name: services_serviceprocess_id_seq; Type: SEQUENCE SET; Schema: public; Owner: boldrise_admin
--

SELECT pg_catalog.setval('public.services_serviceprocess_id_seq', 23, true);


--
-- Name: testimonials_testimonial_id_seq; Type: SEQUENCE SET; Schema: public; Owner: boldrise_admin
--

SELECT pg_catalog.setval('public.testimonials_testimonial_id_seq', 3, true);


--
-- Name: auth_group auth_group_name_key; Type: CONSTRAINT; Schema: public; Owner: boldrise_admin
--

ALTER TABLE ONLY public.auth_group
    ADD CONSTRAINT auth_group_name_key UNIQUE (name);


--
-- Name: auth_group_permissions auth_group_permissions_group_id_permission_id_0cd325b0_uniq; Type: CONSTRAINT; Schema: public; Owner: boldrise_admin
--

ALTER TABLE ONLY public.auth_group_permissions
    ADD CONSTRAINT auth_group_permissions_group_id_permission_id_0cd325b0_uniq UNIQUE (group_id, permission_id);


--
-- Name: auth_group_permissions auth_group_permissions_pkey; Type: CONSTRAINT; Schema: public; Owner: boldrise_admin
--

ALTER TABLE ONLY public.auth_group_permissions
    ADD CONSTRAINT auth_group_permissions_pkey PRIMARY KEY (id);


--
-- Name: auth_group auth_group_pkey; Type: CONSTRAINT; Schema: public; Owner: boldrise_admin
--

ALTER TABLE ONLY public.auth_group
    ADD CONSTRAINT auth_group_pkey PRIMARY KEY (id);


--
-- Name: auth_permission auth_permission_content_type_id_codename_01ab375a_uniq; Type: CONSTRAINT; Schema: public; Owner: boldrise_admin
--

ALTER TABLE ONLY public.auth_permission
    ADD CONSTRAINT auth_permission_content_type_id_codename_01ab375a_uniq UNIQUE (content_type_id, codename);


--
-- Name: auth_permission auth_permission_pkey; Type: CONSTRAINT; Schema: public; Owner: boldrise_admin
--

ALTER TABLE ONLY public.auth_permission
    ADD CONSTRAINT auth_permission_pkey PRIMARY KEY (id);


--
-- Name: auth_user_groups auth_user_groups_pkey; Type: CONSTRAINT; Schema: public; Owner: boldrise_admin
--

ALTER TABLE ONLY public.auth_user_groups
    ADD CONSTRAINT auth_user_groups_pkey PRIMARY KEY (id);


--
-- Name: auth_user_groups auth_user_groups_user_id_group_id_94350c0c_uniq; Type: CONSTRAINT; Schema: public; Owner: boldrise_admin
--

ALTER TABLE ONLY public.auth_user_groups
    ADD CONSTRAINT auth_user_groups_user_id_group_id_94350c0c_uniq UNIQUE (user_id, group_id);


--
-- Name: auth_user auth_user_pkey; Type: CONSTRAINT; Schema: public; Owner: boldrise_admin
--

ALTER TABLE ONLY public.auth_user
    ADD CONSTRAINT auth_user_pkey PRIMARY KEY (id);


--
-- Name: auth_user_user_permissions auth_user_user_permissions_pkey; Type: CONSTRAINT; Schema: public; Owner: boldrise_admin
--

ALTER TABLE ONLY public.auth_user_user_permissions
    ADD CONSTRAINT auth_user_user_permissions_pkey PRIMARY KEY (id);


--
-- Name: auth_user_user_permissions auth_user_user_permissions_user_id_permission_id_14a6b632_uniq; Type: CONSTRAINT; Schema: public; Owner: boldrise_admin
--

ALTER TABLE ONLY public.auth_user_user_permissions
    ADD CONSTRAINT auth_user_user_permissions_user_id_permission_id_14a6b632_uniq UNIQUE (user_id, permission_id);


--
-- Name: auth_user auth_user_username_key; Type: CONSTRAINT; Schema: public; Owner: boldrise_admin
--

ALTER TABLE ONLY public.auth_user
    ADD CONSTRAINT auth_user_username_key UNIQUE (username);


--
-- Name: blog_comment blog_comment_pkey; Type: CONSTRAINT; Schema: public; Owner: boldrise_admin
--

ALTER TABLE ONLY public.blog_comment
    ADD CONSTRAINT blog_comment_pkey PRIMARY KEY (id);


--
-- Name: blog_post blog_post_pkey; Type: CONSTRAINT; Schema: public; Owner: boldrise_admin
--

ALTER TABLE ONLY public.blog_post
    ADD CONSTRAINT blog_post_pkey PRIMARY KEY (id);


--
-- Name: blog_post blog_post_slug_key; Type: CONSTRAINT; Schema: public; Owner: boldrise_admin
--

ALTER TABLE ONLY public.blog_post
    ADD CONSTRAINT blog_post_slug_key UNIQUE (slug);


--
-- Name: blog_post_tags blog_post_tags_pkey; Type: CONSTRAINT; Schema: public; Owner: boldrise_admin
--

ALTER TABLE ONLY public.blog_post_tags
    ADD CONSTRAINT blog_post_tags_pkey PRIMARY KEY (id);


--
-- Name: blog_post_tags blog_post_tags_post_id_tag_id_4925ec37_uniq; Type: CONSTRAINT; Schema: public; Owner: boldrise_admin
--

ALTER TABLE ONLY public.blog_post_tags
    ADD CONSTRAINT blog_post_tags_post_id_tag_id_4925ec37_uniq UNIQUE (post_id, tag_id);


--
-- Name: cases_case_categories cases_case_categories_case_id_category_id_59cfa756_uniq; Type: CONSTRAINT; Schema: public; Owner: boldrise_admin
--

ALTER TABLE ONLY public.cases_case_categories
    ADD CONSTRAINT cases_case_categories_case_id_category_id_59cfa756_uniq UNIQUE (case_id, category_id);


--
-- Name: cases_case_categories cases_case_categories_pkey; Type: CONSTRAINT; Schema: public; Owner: boldrise_admin
--

ALTER TABLE ONLY public.cases_case_categories
    ADD CONSTRAINT cases_case_categories_pkey PRIMARY KEY (id);


--
-- Name: cases_case cases_case_pkey; Type: CONSTRAINT; Schema: public; Owner: boldrise_admin
--

ALTER TABLE ONLY public.cases_case
    ADD CONSTRAINT cases_case_pkey PRIMARY KEY (id);


--
-- Name: cases_case_services cases_case_services_case_id_service_id_240b1d02_uniq; Type: CONSTRAINT; Schema: public; Owner: boldrise_admin
--

ALTER TABLE ONLY public.cases_case_services
    ADD CONSTRAINT cases_case_services_case_id_service_id_240b1d02_uniq UNIQUE (case_id, service_id);


--
-- Name: cases_case_services cases_case_services_pkey; Type: CONSTRAINT; Schema: public; Owner: boldrise_admin
--

ALTER TABLE ONLY public.cases_case_services
    ADD CONSTRAINT cases_case_services_pkey PRIMARY KEY (id);


--
-- Name: cases_case cases_case_slug_key; Type: CONSTRAINT; Schema: public; Owner: boldrise_admin
--

ALTER TABLE ONLY public.cases_case
    ADD CONSTRAINT cases_case_slug_key UNIQUE (slug);


--
-- Name: cases_caseimage cases_caseimage_pkey; Type: CONSTRAINT; Schema: public; Owner: boldrise_admin
--

ALTER TABLE ONLY public.cases_caseimage
    ADD CONSTRAINT cases_caseimage_pkey PRIMARY KEY (id);


--
-- Name: core_category core_category_pkey; Type: CONSTRAINT; Schema: public; Owner: boldrise_admin
--

ALTER TABLE ONLY public.core_category
    ADD CONSTRAINT core_category_pkey PRIMARY KEY (id);


--
-- Name: core_category core_category_slug_key; Type: CONSTRAINT; Schema: public; Owner: boldrise_admin
--

ALTER TABLE ONLY public.core_category
    ADD CONSTRAINT core_category_slug_key UNIQUE (slug);


--
-- Name: core_contactrequest core_contactrequest_pkey; Type: CONSTRAINT; Schema: public; Owner: boldrise_admin
--

ALTER TABLE ONLY public.core_contactrequest
    ADD CONSTRAINT core_contactrequest_pkey PRIMARY KEY (id);


--
-- Name: core_expertise core_expertise_pkey; Type: CONSTRAINT; Schema: public; Owner: boldrise_admin
--

ALTER TABLE ONLY public.core_expertise
    ADD CONSTRAINT core_expertise_pkey PRIMARY KEY (id);


--
-- Name: core_expertise core_expertise_slug_key; Type: CONSTRAINT; Schema: public; Owner: boldrise_admin
--

ALTER TABLE ONLY public.core_expertise
    ADD CONSTRAINT core_expertise_slug_key UNIQUE (slug);


--
-- Name: core_newsletter core_newsletter_email_key; Type: CONSTRAINT; Schema: public; Owner: boldrise_admin
--

ALTER TABLE ONLY public.core_newsletter
    ADD CONSTRAINT core_newsletter_email_key UNIQUE (email);


--
-- Name: core_newsletter core_newsletter_pkey; Type: CONSTRAINT; Schema: public; Owner: boldrise_admin
--

ALTER TABLE ONLY public.core_newsletter
    ADD CONSTRAINT core_newsletter_pkey PRIMARY KEY (id);


--
-- Name: core_profile_expertise core_profile_expertise_pkey; Type: CONSTRAINT; Schema: public; Owner: boldrise_admin
--

ALTER TABLE ONLY public.core_profile_expertise
    ADD CONSTRAINT core_profile_expertise_pkey PRIMARY KEY (id);


--
-- Name: core_profile_expertise core_profile_expertise_profile_id_expertise_id_b23bcb03_uniq; Type: CONSTRAINT; Schema: public; Owner: boldrise_admin
--

ALTER TABLE ONLY public.core_profile_expertise
    ADD CONSTRAINT core_profile_expertise_profile_id_expertise_id_b23bcb03_uniq UNIQUE (profile_id, expertise_id);


--
-- Name: core_profile core_profile_pkey; Type: CONSTRAINT; Schema: public; Owner: boldrise_admin
--

ALTER TABLE ONLY public.core_profile
    ADD CONSTRAINT core_profile_pkey PRIMARY KEY (id);


--
-- Name: core_profile core_profile_user_id_key; Type: CONSTRAINT; Schema: public; Owner: boldrise_admin
--

ALTER TABLE ONLY public.core_profile
    ADD CONSTRAINT core_profile_user_id_key UNIQUE (user_id);


--
-- Name: core_tag core_tag_pkey; Type: CONSTRAINT; Schema: public; Owner: boldrise_admin
--

ALTER TABLE ONLY public.core_tag
    ADD CONSTRAINT core_tag_pkey PRIMARY KEY (id);


--
-- Name: core_tag core_tag_slug_key; Type: CONSTRAINT; Schema: public; Owner: boldrise_admin
--

ALTER TABLE ONLY public.core_tag
    ADD CONSTRAINT core_tag_slug_key UNIQUE (slug);


--
-- Name: django_admin_log django_admin_log_pkey; Type: CONSTRAINT; Schema: public; Owner: boldrise_admin
--

ALTER TABLE ONLY public.django_admin_log
    ADD CONSTRAINT django_admin_log_pkey PRIMARY KEY (id);


--
-- Name: django_content_type django_content_type_app_label_model_76bd3d3b_uniq; Type: CONSTRAINT; Schema: public; Owner: boldrise_admin
--

ALTER TABLE ONLY public.django_content_type
    ADD CONSTRAINT django_content_type_app_label_model_76bd3d3b_uniq UNIQUE (app_label, model);


--
-- Name: django_content_type django_content_type_pkey; Type: CONSTRAINT; Schema: public; Owner: boldrise_admin
--

ALTER TABLE ONLY public.django_content_type
    ADD CONSTRAINT django_content_type_pkey PRIMARY KEY (id);


--
-- Name: django_migrations django_migrations_pkey; Type: CONSTRAINT; Schema: public; Owner: boldrise_admin
--

ALTER TABLE ONLY public.django_migrations
    ADD CONSTRAINT django_migrations_pkey PRIMARY KEY (id);


--
-- Name: django_session django_session_pkey; Type: CONSTRAINT; Schema: public; Owner: boldrise_admin
--

ALTER TABLE ONLY public.django_session
    ADD CONSTRAINT django_session_pkey PRIMARY KEY (session_key);


--
-- Name: services_faq services_faq_pkey; Type: CONSTRAINT; Schema: public; Owner: boldrise_admin
--

ALTER TABLE ONLY public.services_faq
    ADD CONSTRAINT services_faq_pkey PRIMARY KEY (id);


--
-- Name: services_service services_service_pkey; Type: CONSTRAINT; Schema: public; Owner: boldrise_admin
--

ALTER TABLE ONLY public.services_service
    ADD CONSTRAINT services_service_pkey PRIMARY KEY (id);


--
-- Name: services_service services_service_slug_key; Type: CONSTRAINT; Schema: public; Owner: boldrise_admin
--

ALTER TABLE ONLY public.services_service
    ADD CONSTRAINT services_service_slug_key UNIQUE (slug);


--
-- Name: services_servicebenefit services_servicebenefit_pkey; Type: CONSTRAINT; Schema: public; Owner: boldrise_admin
--

ALTER TABLE ONLY public.services_servicebenefit
    ADD CONSTRAINT services_servicebenefit_pkey PRIMARY KEY (id);


--
-- Name: services_servicecase services_servicecase_pkey; Type: CONSTRAINT; Schema: public; Owner: boldrise_admin
--

ALTER TABLE ONLY public.services_servicecase
    ADD CONSTRAINT services_servicecase_pkey PRIMARY KEY (id);


--
-- Name: services_servicedetail services_servicedetail_pkey; Type: CONSTRAINT; Schema: public; Owner: boldrise_admin
--

ALTER TABLE ONLY public.services_servicedetail
    ADD CONSTRAINT services_servicedetail_pkey PRIMARY KEY (id);


--
-- Name: services_servicedetailitem services_servicedetailitem_pkey; Type: CONSTRAINT; Schema: public; Owner: boldrise_admin
--

ALTER TABLE ONLY public.services_servicedetailitem
    ADD CONSTRAINT services_servicedetailitem_pkey PRIMARY KEY (id);


--
-- Name: services_serviceexplanation services_serviceexplanation_pkey; Type: CONSTRAINT; Schema: public; Owner: boldrise_admin
--

ALTER TABLE ONLY public.services_serviceexplanation
    ADD CONSTRAINT services_serviceexplanation_pkey PRIMARY KEY (id);


--
-- Name: services_servicefeature services_servicefeature_pkey; Type: CONSTRAINT; Schema: public; Owner: boldrise_admin
--

ALTER TABLE ONLY public.services_servicefeature
    ADD CONSTRAINT services_servicefeature_pkey PRIMARY KEY (id);


--
-- Name: services_servicepartner services_servicepartner_pkey; Type: CONSTRAINT; Schema: public; Owner: boldrise_admin
--

ALTER TABLE ONLY public.services_servicepartner
    ADD CONSTRAINT services_servicepartner_pkey PRIMARY KEY (id);


--
-- Name: services_servicepricing services_servicepricing_pkey; Type: CONSTRAINT; Schema: public; Owner: boldrise_admin
--

ALTER TABLE ONLY public.services_servicepricing
    ADD CONSTRAINT services_servicepricing_pkey PRIMARY KEY (id);


--
-- Name: services_servicepricingfeature services_servicepricingfeature_pkey; Type: CONSTRAINT; Schema: public; Owner: boldrise_admin
--

ALTER TABLE ONLY public.services_servicepricingfeature
    ADD CONSTRAINT services_servicepricingfeature_pkey PRIMARY KEY (id);


--
-- Name: services_serviceprocess services_serviceprocess_pkey; Type: CONSTRAINT; Schema: public; Owner: boldrise_admin
--

ALTER TABLE ONLY public.services_serviceprocess
    ADD CONSTRAINT services_serviceprocess_pkey PRIMARY KEY (id);


--
-- Name: testimonials_testimonial testimonials_testimonial_pkey; Type: CONSTRAINT; Schema: public; Owner: boldrise_admin
--

ALTER TABLE ONLY public.testimonials_testimonial
    ADD CONSTRAINT testimonials_testimonial_pkey PRIMARY KEY (id);


--
-- Name: auth_group_name_a6ea08ec_like; Type: INDEX; Schema: public; Owner: boldrise_admin
--

CREATE INDEX auth_group_name_a6ea08ec_like ON public.auth_group USING btree (name varchar_pattern_ops);


--
-- Name: auth_group_permissions_group_id_b120cbf9; Type: INDEX; Schema: public; Owner: boldrise_admin
--

CREATE INDEX auth_group_permissions_group_id_b120cbf9 ON public.auth_group_permissions USING btree (group_id);


--
-- Name: auth_group_permissions_permission_id_84c5c92e; Type: INDEX; Schema: public; Owner: boldrise_admin
--

CREATE INDEX auth_group_permissions_permission_id_84c5c92e ON public.auth_group_permissions USING btree (permission_id);


--
-- Name: auth_permission_content_type_id_2f476e4b; Type: INDEX; Schema: public; Owner: boldrise_admin
--

CREATE INDEX auth_permission_content_type_id_2f476e4b ON public.auth_permission USING btree (content_type_id);


--
-- Name: auth_user_groups_group_id_97559544; Type: INDEX; Schema: public; Owner: boldrise_admin
--

CREATE INDEX auth_user_groups_group_id_97559544 ON public.auth_user_groups USING btree (group_id);


--
-- Name: auth_user_groups_user_id_6a12ed8b; Type: INDEX; Schema: public; Owner: boldrise_admin
--

CREATE INDEX auth_user_groups_user_id_6a12ed8b ON public.auth_user_groups USING btree (user_id);


--
-- Name: auth_user_user_permissions_permission_id_1fbb5f2c; Type: INDEX; Schema: public; Owner: boldrise_admin
--

CREATE INDEX auth_user_user_permissions_permission_id_1fbb5f2c ON public.auth_user_user_permissions USING btree (permission_id);


--
-- Name: auth_user_user_permissions_user_id_a95ead1b; Type: INDEX; Schema: public; Owner: boldrise_admin
--

CREATE INDEX auth_user_user_permissions_user_id_a95ead1b ON public.auth_user_user_permissions USING btree (user_id);


--
-- Name: auth_user_username_6821ab7c_like; Type: INDEX; Schema: public; Owner: boldrise_admin
--

CREATE INDEX auth_user_username_6821ab7c_like ON public.auth_user USING btree (username varchar_pattern_ops);


--
-- Name: blog_comment_post_id_580e96ef; Type: INDEX; Schema: public; Owner: boldrise_admin
--

CREATE INDEX blog_comment_post_id_580e96ef ON public.blog_comment USING btree (post_id);


--
-- Name: blog_post_author_id_dd7a8485; Type: INDEX; Schema: public; Owner: boldrise_admin
--

CREATE INDEX blog_post_author_id_dd7a8485 ON public.blog_post USING btree (author_id);


--
-- Name: blog_post_category_id_c326dbf8; Type: INDEX; Schema: public; Owner: boldrise_admin
--

CREATE INDEX blog_post_category_id_c326dbf8 ON public.blog_post USING btree (category_id);


--
-- Name: blog_post_slug_b95473f2_like; Type: INDEX; Schema: public; Owner: boldrise_admin
--

CREATE INDEX blog_post_slug_b95473f2_like ON public.blog_post USING btree (slug varchar_pattern_ops);


--
-- Name: blog_post_tags_post_id_a1c71c8a; Type: INDEX; Schema: public; Owner: boldrise_admin
--

CREATE INDEX blog_post_tags_post_id_a1c71c8a ON public.blog_post_tags USING btree (post_id);


--
-- Name: blog_post_tags_tag_id_0875c551; Type: INDEX; Schema: public; Owner: boldrise_admin
--

CREATE INDEX blog_post_tags_tag_id_0875c551 ON public.blog_post_tags USING btree (tag_id);


--
-- Name: cases_case_categories_case_id_cd91cad3; Type: INDEX; Schema: public; Owner: boldrise_admin
--

CREATE INDEX cases_case_categories_case_id_cd91cad3 ON public.cases_case_categories USING btree (case_id);


--
-- Name: cases_case_categories_category_id_1b4c79af; Type: INDEX; Schema: public; Owner: boldrise_admin
--

CREATE INDEX cases_case_categories_category_id_1b4c79af ON public.cases_case_categories USING btree (category_id);


--
-- Name: cases_case_services_case_id_b5c29bf0; Type: INDEX; Schema: public; Owner: boldrise_admin
--

CREATE INDEX cases_case_services_case_id_b5c29bf0 ON public.cases_case_services USING btree (case_id);


--
-- Name: cases_case_services_service_id_5e800540; Type: INDEX; Schema: public; Owner: boldrise_admin
--

CREATE INDEX cases_case_services_service_id_5e800540 ON public.cases_case_services USING btree (service_id);


--
-- Name: cases_case_slug_52b1752d_like; Type: INDEX; Schema: public; Owner: boldrise_admin
--

CREATE INDEX cases_case_slug_52b1752d_like ON public.cases_case USING btree (slug varchar_pattern_ops);


--
-- Name: cases_caseimage_case_id_00c6efe5; Type: INDEX; Schema: public; Owner: boldrise_admin
--

CREATE INDEX cases_caseimage_case_id_00c6efe5 ON public.cases_caseimage USING btree (case_id);


--
-- Name: core_category_slug_384eca9c_like; Type: INDEX; Schema: public; Owner: boldrise_admin
--

CREATE INDEX core_category_slug_384eca9c_like ON public.core_category USING btree (slug varchar_pattern_ops);


--
-- Name: core_expertise_slug_e3cbd562_like; Type: INDEX; Schema: public; Owner: boldrise_admin
--

CREATE INDEX core_expertise_slug_e3cbd562_like ON public.core_expertise USING btree (slug varchar_pattern_ops);


--
-- Name: core_newsletter_email_78f32592_like; Type: INDEX; Schema: public; Owner: boldrise_admin
--

CREATE INDEX core_newsletter_email_78f32592_like ON public.core_newsletter USING btree (email varchar_pattern_ops);


--
-- Name: core_profile_expertise_expertise_id_4f2bee7e; Type: INDEX; Schema: public; Owner: boldrise_admin
--

CREATE INDEX core_profile_expertise_expertise_id_4f2bee7e ON public.core_profile_expertise USING btree (expertise_id);


--
-- Name: core_profile_expertise_profile_id_e6b1543e; Type: INDEX; Schema: public; Owner: boldrise_admin
--

CREATE INDEX core_profile_expertise_profile_id_e6b1543e ON public.core_profile_expertise USING btree (profile_id);


--
-- Name: core_tag_slug_466bcce3_like; Type: INDEX; Schema: public; Owner: boldrise_admin
--

CREATE INDEX core_tag_slug_466bcce3_like ON public.core_tag USING btree (slug varchar_pattern_ops);


--
-- Name: django_admin_log_content_type_id_c4bce8eb; Type: INDEX; Schema: public; Owner: boldrise_admin
--

CREATE INDEX django_admin_log_content_type_id_c4bce8eb ON public.django_admin_log USING btree (content_type_id);


--
-- Name: django_admin_log_user_id_c564eba6; Type: INDEX; Schema: public; Owner: boldrise_admin
--

CREATE INDEX django_admin_log_user_id_c564eba6 ON public.django_admin_log USING btree (user_id);


--
-- Name: django_session_expire_date_a5c62663; Type: INDEX; Schema: public; Owner: boldrise_admin
--

CREATE INDEX django_session_expire_date_a5c62663 ON public.django_session USING btree (expire_date);


--
-- Name: django_session_session_key_c0390e0f_like; Type: INDEX; Schema: public; Owner: boldrise_admin
--

CREATE INDEX django_session_session_key_c0390e0f_like ON public.django_session USING btree (session_key varchar_pattern_ops);


--
-- Name: services_faq_service_id_dd201c14; Type: INDEX; Schema: public; Owner: boldrise_admin
--

CREATE INDEX services_faq_service_id_dd201c14 ON public.services_faq USING btree (service_id);


--
-- Name: services_service_slug_a56f96e2_like; Type: INDEX; Schema: public; Owner: boldrise_admin
--

CREATE INDEX services_service_slug_a56f96e2_like ON public.services_service USING btree (slug varchar_pattern_ops);


--
-- Name: services_servicebenefit_service_id_be63e9c8; Type: INDEX; Schema: public; Owner: boldrise_admin
--

CREATE INDEX services_servicebenefit_service_id_be63e9c8 ON public.services_servicebenefit USING btree (service_id);


--
-- Name: services_servicecase_service_id_d188c552; Type: INDEX; Schema: public; Owner: boldrise_admin
--

CREATE INDEX services_servicecase_service_id_d188c552 ON public.services_servicecase USING btree (service_id);


--
-- Name: services_servicedetail_service_id_fbbc34cf; Type: INDEX; Schema: public; Owner: boldrise_admin
--

CREATE INDEX services_servicedetail_service_id_fbbc34cf ON public.services_servicedetail USING btree (service_id);


--
-- Name: services_servicedetailitem_detail_id_b29551b6; Type: INDEX; Schema: public; Owner: boldrise_admin
--

CREATE INDEX services_servicedetailitem_detail_id_b29551b6 ON public.services_servicedetailitem USING btree (detail_id);


--
-- Name: services_serviceexplanation_service_id_9721276e; Type: INDEX; Schema: public; Owner: boldrise_admin
--

CREATE INDEX services_serviceexplanation_service_id_9721276e ON public.services_serviceexplanation USING btree (service_id);


--
-- Name: services_servicefeature_service_id_7f3d2352; Type: INDEX; Schema: public; Owner: boldrise_admin
--

CREATE INDEX services_servicefeature_service_id_7f3d2352 ON public.services_servicefeature USING btree (service_id);


--
-- Name: services_servicepartner_service_id_b8568859; Type: INDEX; Schema: public; Owner: boldrise_admin
--

CREATE INDEX services_servicepartner_service_id_b8568859 ON public.services_servicepartner USING btree (service_id);


--
-- Name: services_servicepricing_service_id_76ee4082; Type: INDEX; Schema: public; Owner: boldrise_admin
--

CREATE INDEX services_servicepricing_service_id_76ee4082 ON public.services_servicepricing USING btree (service_id);


--
-- Name: services_servicepricingfeature_pricing_id_d53572c4; Type: INDEX; Schema: public; Owner: boldrise_admin
--

CREATE INDEX services_servicepricingfeature_pricing_id_d53572c4 ON public.services_servicepricingfeature USING btree (pricing_id);


--
-- Name: services_serviceprocess_service_id_43cce78a; Type: INDEX; Schema: public; Owner: boldrise_admin
--

CREATE INDEX services_serviceprocess_service_id_43cce78a ON public.services_serviceprocess USING btree (service_id);


--
-- Name: auth_group_permissions auth_group_permissio_permission_id_84c5c92e_fk_auth_perm; Type: FK CONSTRAINT; Schema: public; Owner: boldrise_admin
--

ALTER TABLE ONLY public.auth_group_permissions
    ADD CONSTRAINT auth_group_permissio_permission_id_84c5c92e_fk_auth_perm FOREIGN KEY (permission_id) REFERENCES public.auth_permission(id) DEFERRABLE INITIALLY DEFERRED;


--
-- Name: auth_group_permissions auth_group_permissions_group_id_b120cbf9_fk_auth_group_id; Type: FK CONSTRAINT; Schema: public; Owner: boldrise_admin
--

ALTER TABLE ONLY public.auth_group_permissions
    ADD CONSTRAINT auth_group_permissions_group_id_b120cbf9_fk_auth_group_id FOREIGN KEY (group_id) REFERENCES public.auth_group(id) DEFERRABLE INITIALLY DEFERRED;


--
-- Name: auth_permission auth_permission_content_type_id_2f476e4b_fk_django_co; Type: FK CONSTRAINT; Schema: public; Owner: boldrise_admin
--

ALTER TABLE ONLY public.auth_permission
    ADD CONSTRAINT auth_permission_content_type_id_2f476e4b_fk_django_co FOREIGN KEY (content_type_id) REFERENCES public.django_content_type(id) DEFERRABLE INITIALLY DEFERRED;


--
-- Name: auth_user_groups auth_user_groups_group_id_97559544_fk_auth_group_id; Type: FK CONSTRAINT; Schema: public; Owner: boldrise_admin
--

ALTER TABLE ONLY public.auth_user_groups
    ADD CONSTRAINT auth_user_groups_group_id_97559544_fk_auth_group_id FOREIGN KEY (group_id) REFERENCES public.auth_group(id) DEFERRABLE INITIALLY DEFERRED;


--
-- Name: auth_user_groups auth_user_groups_user_id_6a12ed8b_fk_auth_user_id; Type: FK CONSTRAINT; Schema: public; Owner: boldrise_admin
--

ALTER TABLE ONLY public.auth_user_groups
    ADD CONSTRAINT auth_user_groups_user_id_6a12ed8b_fk_auth_user_id FOREIGN KEY (user_id) REFERENCES public.auth_user(id) DEFERRABLE INITIALLY DEFERRED;


--
-- Name: auth_user_user_permissions auth_user_user_permi_permission_id_1fbb5f2c_fk_auth_perm; Type: FK CONSTRAINT; Schema: public; Owner: boldrise_admin
--

ALTER TABLE ONLY public.auth_user_user_permissions
    ADD CONSTRAINT auth_user_user_permi_permission_id_1fbb5f2c_fk_auth_perm FOREIGN KEY (permission_id) REFERENCES public.auth_permission(id) DEFERRABLE INITIALLY DEFERRED;


--
-- Name: auth_user_user_permissions auth_user_user_permissions_user_id_a95ead1b_fk_auth_user_id; Type: FK CONSTRAINT; Schema: public; Owner: boldrise_admin
--

ALTER TABLE ONLY public.auth_user_user_permissions
    ADD CONSTRAINT auth_user_user_permissions_user_id_a95ead1b_fk_auth_user_id FOREIGN KEY (user_id) REFERENCES public.auth_user(id) DEFERRABLE INITIALLY DEFERRED;


--
-- Name: blog_comment blog_comment_post_id_580e96ef_fk_blog_post_id; Type: FK CONSTRAINT; Schema: public; Owner: boldrise_admin
--

ALTER TABLE ONLY public.blog_comment
    ADD CONSTRAINT blog_comment_post_id_580e96ef_fk_blog_post_id FOREIGN KEY (post_id) REFERENCES public.blog_post(id) DEFERRABLE INITIALLY DEFERRED;


--
-- Name: blog_post blog_post_author_id_dd7a8485_fk_auth_user_id; Type: FK CONSTRAINT; Schema: public; Owner: boldrise_admin
--

ALTER TABLE ONLY public.blog_post
    ADD CONSTRAINT blog_post_author_id_dd7a8485_fk_auth_user_id FOREIGN KEY (author_id) REFERENCES public.auth_user(id) DEFERRABLE INITIALLY DEFERRED;


--
-- Name: blog_post blog_post_category_id_c326dbf8_fk_core_category_id; Type: FK CONSTRAINT; Schema: public; Owner: boldrise_admin
--

ALTER TABLE ONLY public.blog_post
    ADD CONSTRAINT blog_post_category_id_c326dbf8_fk_core_category_id FOREIGN KEY (category_id) REFERENCES public.core_category(id) DEFERRABLE INITIALLY DEFERRED;


--
-- Name: blog_post_tags blog_post_tags_post_id_a1c71c8a_fk_blog_post_id; Type: FK CONSTRAINT; Schema: public; Owner: boldrise_admin
--

ALTER TABLE ONLY public.blog_post_tags
    ADD CONSTRAINT blog_post_tags_post_id_a1c71c8a_fk_blog_post_id FOREIGN KEY (post_id) REFERENCES public.blog_post(id) DEFERRABLE INITIALLY DEFERRED;


--
-- Name: blog_post_tags blog_post_tags_tag_id_0875c551_fk_core_tag_id; Type: FK CONSTRAINT; Schema: public; Owner: boldrise_admin
--

ALTER TABLE ONLY public.blog_post_tags
    ADD CONSTRAINT blog_post_tags_tag_id_0875c551_fk_core_tag_id FOREIGN KEY (tag_id) REFERENCES public.core_tag(id) DEFERRABLE INITIALLY DEFERRED;


--
-- Name: cases_case_categories cases_case_categories_case_id_cd91cad3_fk_cases_case_id; Type: FK CONSTRAINT; Schema: public; Owner: boldrise_admin
--

ALTER TABLE ONLY public.cases_case_categories
    ADD CONSTRAINT cases_case_categories_case_id_cd91cad3_fk_cases_case_id FOREIGN KEY (case_id) REFERENCES public.cases_case(id) DEFERRABLE INITIALLY DEFERRED;


--
-- Name: cases_case_categories cases_case_categories_category_id_1b4c79af_fk_core_category_id; Type: FK CONSTRAINT; Schema: public; Owner: boldrise_admin
--

ALTER TABLE ONLY public.cases_case_categories
    ADD CONSTRAINT cases_case_categories_category_id_1b4c79af_fk_core_category_id FOREIGN KEY (category_id) REFERENCES public.core_category(id) DEFERRABLE INITIALLY DEFERRED;


--
-- Name: cases_case_services cases_case_services_case_id_b5c29bf0_fk_cases_case_id; Type: FK CONSTRAINT; Schema: public; Owner: boldrise_admin
--

ALTER TABLE ONLY public.cases_case_services
    ADD CONSTRAINT cases_case_services_case_id_b5c29bf0_fk_cases_case_id FOREIGN KEY (case_id) REFERENCES public.cases_case(id) DEFERRABLE INITIALLY DEFERRED;


--
-- Name: cases_case_services cases_case_services_service_id_5e800540_fk_services_service_id; Type: FK CONSTRAINT; Schema: public; Owner: boldrise_admin
--

ALTER TABLE ONLY public.cases_case_services
    ADD CONSTRAINT cases_case_services_service_id_5e800540_fk_services_service_id FOREIGN KEY (service_id) REFERENCES public.services_service(id) DEFERRABLE INITIALLY DEFERRED;


--
-- Name: cases_caseimage cases_caseimage_case_id_00c6efe5_fk_cases_case_id; Type: FK CONSTRAINT; Schema: public; Owner: boldrise_admin
--

ALTER TABLE ONLY public.cases_caseimage
    ADD CONSTRAINT cases_caseimage_case_id_00c6efe5_fk_cases_case_id FOREIGN KEY (case_id) REFERENCES public.cases_case(id) DEFERRABLE INITIALLY DEFERRED;


--
-- Name: core_profile_expertise core_profile_experti_expertise_id_4f2bee7e_fk_core_expe; Type: FK CONSTRAINT; Schema: public; Owner: boldrise_admin
--

ALTER TABLE ONLY public.core_profile_expertise
    ADD CONSTRAINT core_profile_experti_expertise_id_4f2bee7e_fk_core_expe FOREIGN KEY (expertise_id) REFERENCES public.core_expertise(id) DEFERRABLE INITIALLY DEFERRED;


--
-- Name: core_profile_expertise core_profile_expertise_profile_id_e6b1543e_fk_core_profile_id; Type: FK CONSTRAINT; Schema: public; Owner: boldrise_admin
--

ALTER TABLE ONLY public.core_profile_expertise
    ADD CONSTRAINT core_profile_expertise_profile_id_e6b1543e_fk_core_profile_id FOREIGN KEY (profile_id) REFERENCES public.core_profile(id) DEFERRABLE INITIALLY DEFERRED;


--
-- Name: core_profile core_profile_user_id_bf8ada58_fk_auth_user_id; Type: FK CONSTRAINT; Schema: public; Owner: boldrise_admin
--

ALTER TABLE ONLY public.core_profile
    ADD CONSTRAINT core_profile_user_id_bf8ada58_fk_auth_user_id FOREIGN KEY (user_id) REFERENCES public.auth_user(id) DEFERRABLE INITIALLY DEFERRED;


--
-- Name: django_admin_log django_admin_log_content_type_id_c4bce8eb_fk_django_co; Type: FK CONSTRAINT; Schema: public; Owner: boldrise_admin
--

ALTER TABLE ONLY public.django_admin_log
    ADD CONSTRAINT django_admin_log_content_type_id_c4bce8eb_fk_django_co FOREIGN KEY (content_type_id) REFERENCES public.django_content_type(id) DEFERRABLE INITIALLY DEFERRED;


--
-- Name: django_admin_log django_admin_log_user_id_c564eba6_fk_auth_user_id; Type: FK CONSTRAINT; Schema: public; Owner: boldrise_admin
--

ALTER TABLE ONLY public.django_admin_log
    ADD CONSTRAINT django_admin_log_user_id_c564eba6_fk_auth_user_id FOREIGN KEY (user_id) REFERENCES public.auth_user(id) DEFERRABLE INITIALLY DEFERRED;


--
-- Name: services_faq services_faq_service_id_dd201c14_fk_services_service_id; Type: FK CONSTRAINT; Schema: public; Owner: boldrise_admin
--

ALTER TABLE ONLY public.services_faq
    ADD CONSTRAINT services_faq_service_id_dd201c14_fk_services_service_id FOREIGN KEY (service_id) REFERENCES public.services_service(id) DEFERRABLE INITIALLY DEFERRED;


--
-- Name: services_servicebenefit services_servicebene_service_id_be63e9c8_fk_services_; Type: FK CONSTRAINT; Schema: public; Owner: boldrise_admin
--

ALTER TABLE ONLY public.services_servicebenefit
    ADD CONSTRAINT services_servicebene_service_id_be63e9c8_fk_services_ FOREIGN KEY (service_id) REFERENCES public.services_service(id) DEFERRABLE INITIALLY DEFERRED;


--
-- Name: services_servicecase services_servicecase_service_id_d188c552_fk_services_service_id; Type: FK CONSTRAINT; Schema: public; Owner: boldrise_admin
--

ALTER TABLE ONLY public.services_servicecase
    ADD CONSTRAINT services_servicecase_service_id_d188c552_fk_services_service_id FOREIGN KEY (service_id) REFERENCES public.services_service(id) DEFERRABLE INITIALLY DEFERRED;


--
-- Name: services_servicedetailitem services_servicedeta_detail_id_b29551b6_fk_services_; Type: FK CONSTRAINT; Schema: public; Owner: boldrise_admin
--

ALTER TABLE ONLY public.services_servicedetailitem
    ADD CONSTRAINT services_servicedeta_detail_id_b29551b6_fk_services_ FOREIGN KEY (detail_id) REFERENCES public.services_servicedetail(id) DEFERRABLE INITIALLY DEFERRED;


--
-- Name: services_servicedetail services_servicedeta_service_id_fbbc34cf_fk_services_; Type: FK CONSTRAINT; Schema: public; Owner: boldrise_admin
--

ALTER TABLE ONLY public.services_servicedetail
    ADD CONSTRAINT services_servicedeta_service_id_fbbc34cf_fk_services_ FOREIGN KEY (service_id) REFERENCES public.services_service(id) DEFERRABLE INITIALLY DEFERRED;


--
-- Name: services_serviceexplanation services_serviceexpl_service_id_9721276e_fk_services_; Type: FK CONSTRAINT; Schema: public; Owner: boldrise_admin
--

ALTER TABLE ONLY public.services_serviceexplanation
    ADD CONSTRAINT services_serviceexpl_service_id_9721276e_fk_services_ FOREIGN KEY (service_id) REFERENCES public.services_service(id) DEFERRABLE INITIALLY DEFERRED;


--
-- Name: services_servicefeature services_servicefeat_service_id_7f3d2352_fk_services_; Type: FK CONSTRAINT; Schema: public; Owner: boldrise_admin
--

ALTER TABLE ONLY public.services_servicefeature
    ADD CONSTRAINT services_servicefeat_service_id_7f3d2352_fk_services_ FOREIGN KEY (service_id) REFERENCES public.services_service(id) DEFERRABLE INITIALLY DEFERRED;


--
-- Name: services_servicepartner services_servicepart_service_id_b8568859_fk_services_; Type: FK CONSTRAINT; Schema: public; Owner: boldrise_admin
--

ALTER TABLE ONLY public.services_servicepartner
    ADD CONSTRAINT services_servicepart_service_id_b8568859_fk_services_ FOREIGN KEY (service_id) REFERENCES public.services_service(id) DEFERRABLE INITIALLY DEFERRED;


--
-- Name: services_servicepricingfeature services_servicepric_pricing_id_d53572c4_fk_services_; Type: FK CONSTRAINT; Schema: public; Owner: boldrise_admin
--

ALTER TABLE ONLY public.services_servicepricingfeature
    ADD CONSTRAINT services_servicepric_pricing_id_d53572c4_fk_services_ FOREIGN KEY (pricing_id) REFERENCES public.services_servicepricing(id) DEFERRABLE INITIALLY DEFERRED;


--
-- Name: services_servicepricing services_servicepric_service_id_76ee4082_fk_services_; Type: FK CONSTRAINT; Schema: public; Owner: boldrise_admin
--

ALTER TABLE ONLY public.services_servicepricing
    ADD CONSTRAINT services_servicepric_service_id_76ee4082_fk_services_ FOREIGN KEY (service_id) REFERENCES public.services_service(id) DEFERRABLE INITIALLY DEFERRED;


--
-- Name: services_serviceprocess services_serviceproc_service_id_43cce78a_fk_services_; Type: FK CONSTRAINT; Schema: public; Owner: boldrise_admin
--

ALTER TABLE ONLY public.services_serviceprocess
    ADD CONSTRAINT services_serviceproc_service_id_43cce78a_fk_services_ FOREIGN KEY (service_id) REFERENCES public.services_service(id) DEFERRABLE INITIALLY DEFERRED;


--
-- Name: SCHEMA public; Type: ACL; Schema: -; Owner: pg_database_owner
--

GRANT ALL ON SCHEMA public TO boldrise_admin;


--
-- Name: FUNCTION gtrgm_in(cstring); Type: ACL; Schema: public; Owner: igorantonov
--

GRANT ALL ON FUNCTION public.gtrgm_in(cstring) TO boldrise_admin;


--
-- Name: FUNCTION gtrgm_out(public.gtrgm); Type: ACL; Schema: public; Owner: igorantonov
--

GRANT ALL ON FUNCTION public.gtrgm_out(public.gtrgm) TO boldrise_admin;


--
-- Name: FUNCTION gin_extract_query_trgm(text, internal, smallint, internal, internal, internal, internal); Type: ACL; Schema: public; Owner: igorantonov
--

GRANT ALL ON FUNCTION public.gin_extract_query_trgm(text, internal, smallint, internal, internal, internal, internal) TO boldrise_admin;


--
-- Name: FUNCTION gin_extract_value_trgm(text, internal); Type: ACL; Schema: public; Owner: igorantonov
--

GRANT ALL ON FUNCTION public.gin_extract_value_trgm(text, internal) TO boldrise_admin;


--
-- Name: FUNCTION gin_trgm_consistent(internal, smallint, text, integer, internal, internal, internal, internal); Type: ACL; Schema: public; Owner: igorantonov
--

GRANT ALL ON FUNCTION public.gin_trgm_consistent(internal, smallint, text, integer, internal, internal, internal, internal) TO boldrise_admin;


--
-- Name: FUNCTION gin_trgm_triconsistent(internal, smallint, text, integer, internal, internal, internal); Type: ACL; Schema: public; Owner: igorantonov
--

GRANT ALL ON FUNCTION public.gin_trgm_triconsistent(internal, smallint, text, integer, internal, internal, internal) TO boldrise_admin;


--
-- Name: FUNCTION gtrgm_compress(internal); Type: ACL; Schema: public; Owner: igorantonov
--

GRANT ALL ON FUNCTION public.gtrgm_compress(internal) TO boldrise_admin;


--
-- Name: FUNCTION gtrgm_consistent(internal, text, smallint, oid, internal); Type: ACL; Schema: public; Owner: igorantonov
--

GRANT ALL ON FUNCTION public.gtrgm_consistent(internal, text, smallint, oid, internal) TO boldrise_admin;


--
-- Name: FUNCTION gtrgm_decompress(internal); Type: ACL; Schema: public; Owner: igorantonov
--

GRANT ALL ON FUNCTION public.gtrgm_decompress(internal) TO boldrise_admin;


--
-- Name: FUNCTION gtrgm_distance(internal, text, smallint, oid, internal); Type: ACL; Schema: public; Owner: igorantonov
--

GRANT ALL ON FUNCTION public.gtrgm_distance(internal, text, smallint, oid, internal) TO boldrise_admin;


--
-- Name: FUNCTION gtrgm_options(internal); Type: ACL; Schema: public; Owner: igorantonov
--

GRANT ALL ON FUNCTION public.gtrgm_options(internal) TO boldrise_admin;


--
-- Name: FUNCTION gtrgm_penalty(internal, internal, internal); Type: ACL; Schema: public; Owner: igorantonov
--

GRANT ALL ON FUNCTION public.gtrgm_penalty(internal, internal, internal) TO boldrise_admin;


--
-- Name: FUNCTION gtrgm_picksplit(internal, internal); Type: ACL; Schema: public; Owner: igorantonov
--

GRANT ALL ON FUNCTION public.gtrgm_picksplit(internal, internal) TO boldrise_admin;


--
-- Name: FUNCTION gtrgm_same(public.gtrgm, public.gtrgm, internal); Type: ACL; Schema: public; Owner: igorantonov
--

GRANT ALL ON FUNCTION public.gtrgm_same(public.gtrgm, public.gtrgm, internal) TO boldrise_admin;


--
-- Name: FUNCTION gtrgm_union(internal, internal); Type: ACL; Schema: public; Owner: igorantonov
--

GRANT ALL ON FUNCTION public.gtrgm_union(internal, internal) TO boldrise_admin;


--
-- Name: FUNCTION set_limit(real); Type: ACL; Schema: public; Owner: igorantonov
--

GRANT ALL ON FUNCTION public.set_limit(real) TO boldrise_admin;


--
-- Name: FUNCTION show_limit(); Type: ACL; Schema: public; Owner: igorantonov
--

GRANT ALL ON FUNCTION public.show_limit() TO boldrise_admin;


--
-- Name: FUNCTION show_trgm(text); Type: ACL; Schema: public; Owner: igorantonov
--

GRANT ALL ON FUNCTION public.show_trgm(text) TO boldrise_admin;


--
-- Name: FUNCTION similarity(text, text); Type: ACL; Schema: public; Owner: igorantonov
--

GRANT ALL ON FUNCTION public.similarity(text, text) TO boldrise_admin;


--
-- Name: FUNCTION similarity_dist(text, text); Type: ACL; Schema: public; Owner: igorantonov
--

GRANT ALL ON FUNCTION public.similarity_dist(text, text) TO boldrise_admin;


--
-- Name: FUNCTION similarity_op(text, text); Type: ACL; Schema: public; Owner: igorantonov
--

GRANT ALL ON FUNCTION public.similarity_op(text, text) TO boldrise_admin;


--
-- Name: FUNCTION strict_word_similarity(text, text); Type: ACL; Schema: public; Owner: igorantonov
--

GRANT ALL ON FUNCTION public.strict_word_similarity(text, text) TO boldrise_admin;


--
-- Name: FUNCTION strict_word_similarity_commutator_op(text, text); Type: ACL; Schema: public; Owner: igorantonov
--

GRANT ALL ON FUNCTION public.strict_word_similarity_commutator_op(text, text) TO boldrise_admin;


--
-- Name: FUNCTION strict_word_similarity_dist_commutator_op(text, text); Type: ACL; Schema: public; Owner: igorantonov
--

GRANT ALL ON FUNCTION public.strict_word_similarity_dist_commutator_op(text, text) TO boldrise_admin;


--
-- Name: FUNCTION strict_word_similarity_dist_op(text, text); Type: ACL; Schema: public; Owner: igorantonov
--

GRANT ALL ON FUNCTION public.strict_word_similarity_dist_op(text, text) TO boldrise_admin;


--
-- Name: FUNCTION strict_word_similarity_op(text, text); Type: ACL; Schema: public; Owner: igorantonov
--

GRANT ALL ON FUNCTION public.strict_word_similarity_op(text, text) TO boldrise_admin;


--
-- Name: FUNCTION uuid_generate_v1(); Type: ACL; Schema: public; Owner: igorantonov
--

GRANT ALL ON FUNCTION public.uuid_generate_v1() TO boldrise_admin;


--
-- Name: FUNCTION uuid_generate_v1mc(); Type: ACL; Schema: public; Owner: igorantonov
--

GRANT ALL ON FUNCTION public.uuid_generate_v1mc() TO boldrise_admin;


--
-- Name: FUNCTION uuid_generate_v3(namespace uuid, name text); Type: ACL; Schema: public; Owner: igorantonov
--

GRANT ALL ON FUNCTION public.uuid_generate_v3(namespace uuid, name text) TO boldrise_admin;


--
-- Name: FUNCTION uuid_generate_v4(); Type: ACL; Schema: public; Owner: igorantonov
--

GRANT ALL ON FUNCTION public.uuid_generate_v4() TO boldrise_admin;


--
-- Name: FUNCTION uuid_generate_v5(namespace uuid, name text); Type: ACL; Schema: public; Owner: igorantonov
--

GRANT ALL ON FUNCTION public.uuid_generate_v5(namespace uuid, name text) TO boldrise_admin;


--
-- Name: FUNCTION uuid_nil(); Type: ACL; Schema: public; Owner: igorantonov
--

GRANT ALL ON FUNCTION public.uuid_nil() TO boldrise_admin;


--
-- Name: FUNCTION uuid_ns_dns(); Type: ACL; Schema: public; Owner: igorantonov
--

GRANT ALL ON FUNCTION public.uuid_ns_dns() TO boldrise_admin;


--
-- Name: FUNCTION uuid_ns_oid(); Type: ACL; Schema: public; Owner: igorantonov
--

GRANT ALL ON FUNCTION public.uuid_ns_oid() TO boldrise_admin;


--
-- Name: FUNCTION uuid_ns_url(); Type: ACL; Schema: public; Owner: igorantonov
--

GRANT ALL ON FUNCTION public.uuid_ns_url() TO boldrise_admin;


--
-- Name: FUNCTION uuid_ns_x500(); Type: ACL; Schema: public; Owner: igorantonov
--

GRANT ALL ON FUNCTION public.uuid_ns_x500() TO boldrise_admin;


--
-- Name: FUNCTION word_similarity(text, text); Type: ACL; Schema: public; Owner: igorantonov
--

GRANT ALL ON FUNCTION public.word_similarity(text, text) TO boldrise_admin;


--
-- Name: FUNCTION word_similarity_commutator_op(text, text); Type: ACL; Schema: public; Owner: igorantonov
--

GRANT ALL ON FUNCTION public.word_similarity_commutator_op(text, text) TO boldrise_admin;


--
-- Name: FUNCTION word_similarity_dist_commutator_op(text, text); Type: ACL; Schema: public; Owner: igorantonov
--

GRANT ALL ON FUNCTION public.word_similarity_dist_commutator_op(text, text) TO boldrise_admin;


--
-- Name: FUNCTION word_similarity_dist_op(text, text); Type: ACL; Schema: public; Owner: igorantonov
--

GRANT ALL ON FUNCTION public.word_similarity_dist_op(text, text) TO boldrise_admin;


--
-- Name: FUNCTION word_similarity_op(text, text); Type: ACL; Schema: public; Owner: igorantonov
--

GRANT ALL ON FUNCTION public.word_similarity_op(text, text) TO boldrise_admin;


--
-- Name: DEFAULT PRIVILEGES FOR SEQUENCES; Type: DEFAULT ACL; Schema: public; Owner: igorantonov
--

ALTER DEFAULT PRIVILEGES FOR ROLE igorantonov IN SCHEMA public GRANT ALL ON SEQUENCES TO boldrise_admin;


--
-- Name: DEFAULT PRIVILEGES FOR FUNCTIONS; Type: DEFAULT ACL; Schema: public; Owner: igorantonov
--

ALTER DEFAULT PRIVILEGES FOR ROLE igorantonov IN SCHEMA public GRANT ALL ON FUNCTIONS TO boldrise_admin;


--
-- Name: DEFAULT PRIVILEGES FOR TABLES; Type: DEFAULT ACL; Schema: public; Owner: igorantonov
--

ALTER DEFAULT PRIVILEGES FOR ROLE igorantonov IN SCHEMA public GRANT ALL ON TABLES TO boldrise_admin;


--
-- PostgreSQL database dump complete
--

