[
{
  "model": "admin.logentry",
  "pk": 1,
  "fields": {
    "action_time": "2025-04-12T10:17:21.559Z",
    "user": 4,
    "content_type": 22,
    "object_id": "1",
    "object_repr": "Отзыв от Алексей Иванов, TechStore",
    "action_flag": 1,
    "change_message": "[{\"added\": {}}]"
  }
},
{
  "model": "admin.logentry",
  "pk": 2,
  "fields": {
    "action_time": "2025-04-12T10:18:27.417Z",
    "user": 4,
    "content_type": 22,
    "object_id": "2",
    "object_repr": "Отзыв от Мария Петрова, FashionStore",
    "action_flag": 1,
    "change_message": "[{\"added\": {}}]"
  }
},
{
  "model": "admin.logentry",
  "pk": 3,
  "fields": {
    "action_time": "2025-04-12T10:19:29.423Z",
    "user": 4,
    "content_type": 22,
    "object_id": "3",
    "object_repr": "Отзыв от Сергей Смирнов, BeautySalon",
    "action_flag": 1,
    "change_message": "[{\"added\": {}}]"
  }
},
{
  "model": "admin.logentry",
  "pk": 4,
  "fields": {
    "action_time": "2025-04-12T10:28:02.039Z",
    "user": 4,
    "content_type": 7,
    "object_id": "1",
    "object_repr": "Email-маркетинг",
    "action_flag": 1,
    "change_message": "[{\"added\": {}}]"
  }
},
{
  "model": "admin.logentry",
  "pk": 5,
  "fields": {
    "action_time": "2025-04-12T10:28:25.522Z",
    "user": 4,
    "content_type": 10,
    "object_id": "1",
    "object_repr": "Email",
    "action_flag": 1,
    "change_message": "[{\"added\": {}}]"
  }
},
{
  "model": "admin.logentry",
  "pk": 6,
  "fields": {
    "action_time": "2025-04-12T10:28:45.153Z",
    "user": 4,
    "content_type": 10,
    "object_id": "2",
    "object_repr": "Гайды",
    "action_flag": 1,
    "change_message": "[{\"added\": {}}]"
  }
},
{
  "model": "admin.logentry",
  "pk": 7,
  "fields": {
    "action_time": "2025-04-12T10:30:06.540Z",
    "user": 4,
    "content_type": 12,
    "object_id": "1",
    "object_repr": "Email-маркетинг в 2025: как повысить открываемость и конверсию",
    "action_flag": 1,
    "change_message": "[{\"added\": {}}]"
  }
},
{
  "model": "admin.logentry",
  "pk": 8,
  "fields": {
    "action_time": "2025-04-12T10:32:31.224Z",
    "user": 4,
    "content_type": 12,
    "object_id": "1",
    "object_repr": "Email-маркетинг в 2025: как повысить открываемость и конверсию",
    "action_flag": 2,
    "change_message": "[{\"changed\": {\"fields\": [\"URL\"]}}]"
  }
},
{
  "model": "admin.logentry",
  "pk": 9,
  "fields": {
    "action_time": "2025-04-12T10:35:55.666Z",
    "user": 4,
    "content_type": 7,
    "object_id": "2",
    "object_repr": "SEO",
    "action_flag": 1,
    "change_message": "[{\"added\": {}}]"
  }
},
{
  "model": "admin.logentry",
  "pk": 10,
  "fields": {
    "action_time": "2025-04-12T10:36:00.418Z",
    "user": 4,
    "content_type": 10,
    "object_id": "3",
    "object_repr": "SEO",
    "action_flag": 1,
    "change_message": "[{\"added\": {}}]"
  }
},
{
  "model": "admin.logentry",
  "pk": 11,
  "fields": {
    "action_time": "2025-04-12T10:36:57.142Z",
    "user": 4,
    "content_type": 12,
    "object_id": "2",
    "object_repr": "10 SEO-трендов 2025 года, которые нельзя игнорировать",
    "action_flag": 1,
    "change_message": "[{\"added\": {}}]"
  }
},
{
  "model": "admin.logentry",
  "pk": 12,
  "fields": {
    "action_time": "2025-04-12T10:37:01.110Z",
    "user": 4,
    "content_type": 12,
    "object_id": "2",
    "object_repr": "10 SEO-трендов 2025 года, которые нельзя игнорировать",
    "action_flag": 2,
    "change_message": "[{\"changed\": {\"fields\": [\"\\u041e\\u043f\\u0443\\u0431\\u043b\\u0438\\u043a\\u043e\\u0432\\u0430\\u043d\\u043e\", \"\\u041e\\u0442\\u043e\\u0431\\u0440\\u0430\\u0436\\u0430\\u0442\\u044c \\u043d\\u0430 \\u0433\\u043b\\u0430\\u0432\\u043d\\u043e\\u0439\"]}}]"
  }
},
{
  "model": "admin.logentry",
  "pk": 13,
  "fields": {
    "action_time": "2025-04-12T10:42:05.832Z",
    "user": 4,
    "content_type": 7,
    "object_id": "3",
    "object_repr": "SMM",
    "action_flag": 1,
    "change_message": "[{\"added\": {}}]"
  }
},
{
  "model": "admin.logentry",
  "pk": 14,
  "fields": {
    "action_time": "2025-04-12T10:42:12.279Z",
    "user": 4,
    "content_type": 10,
    "object_id": "4",
    "object_repr": "SMM",
    "action_flag": 1,
    "change_message": "[{\"added\": {}}]"
  }
},
{
  "model": "admin.logentry",
  "pk": 15,
  "fields": {
    "action_time": "2025-04-12T10:43:03.240Z",
    "user": 4,
    "content_type": 12,
    "object_id": "3",
    "object_repr": "Как построить эффективную стратегию продвижения в социальных сетях: Пошаговое руководство",
    "action_flag": 1,
    "change_message": "[{\"added\": {}}]"
  }
},
{
  "model": "admin.logentry",
  "pk": 16,
  "fields": {
    "action_time": "2025-04-12T10:43:06.821Z",
    "user": 4,
    "content_type": 12,
    "object_id": "3",
    "object_repr": "Как построить эффективную стратегию продвижения в социальных сетях: Пошаговое руководство",
    "action_flag": 2,
    "change_message": "[{\"changed\": {\"fields\": [\"\\u041e\\u043f\\u0443\\u0431\\u043b\\u0438\\u043a\\u043e\\u0432\\u0430\\u043d\\u043e\", \"\\u041e\\u0442\\u043e\\u0431\\u0440\\u0430\\u0436\\u0430\\u0442\\u044c \\u043d\\u0430 \\u0433\\u043b\\u0430\\u0432\\u043d\\u043e\\u0439\"]}}]"
  }
},
{
  "model": "admin.logentry",
  "pk": 17,
  "fields": {
    "action_time": "2025-04-12T11:12:41.134Z",
    "user": 4,
    "content_type": 12,
    "object_id": "3",
    "object_repr": "Как построить эффективную стратегию продвижения в социальных сетях: Пошаговое руководство",
    "action_flag": 2,
    "change_message": "[{\"changed\": {\"fields\": [\"\\u041a\\u0440\\u0430\\u0442\\u043a\\u043e\\u0435 \\u043e\\u043f\\u0438\\u0441\\u0430\\u043d\\u0438\\u0435\", \"content\", \"SEO \\u043e\\u043f\\u0438\\u0441\\u0430\\u043d\\u0438\\u0435\"]}}]"
  }
},
{
  "model": "admin.logentry",
  "pk": 18,
  "fields": {
    "action_time": "2025-04-12T11:16:15.621Z",
    "user": 4,
    "content_type": 12,
    "object_id": "3",
    "object_repr": "Как построить эффективную стратегию продвижения в социальных сетях: Пошаговое руководство",
    "action_flag": 2,
    "change_message": "[{\"changed\": {\"fields\": [\"content\"]}}]"
  }
},
{
  "model": "admin.logentry",
  "pk": 19,
  "fields": {
    "action_time": "2025-04-12T11:17:27.906Z",
    "user": 4,
    "content_type": 12,
    "object_id": "3",
    "object_repr": "Как построить эффективную стратегию продвижения в социальных сетях: Пошаговое руководство",
    "action_flag": 2,
    "change_message": "[{\"changed\": {\"fields\": [\"content\"]}}]"
  }
},
{
  "model": "admin.logentry",
  "pk": 20,
  "fields": {
    "action_time": "2025-04-12T11:18:27.494Z",
    "user": 4,
    "content_type": 12,
    "object_id": "3",
    "object_repr": "Как построить эффективную стратегию продвижения в социальных сетях: Пошаговое руководство",
    "action_flag": 2,
    "change_message": "[{\"changed\": {\"fields\": [\"content\"]}}]"
  }
},
{
  "model": "admin.logentry",
  "pk": 21,
  "fields": {
    "action_time": "2025-04-12T11:19:31.040Z",
    "user": 4,
    "content_type": 12,
    "object_id": "3",
    "object_repr": "Как построить эффективную стратегию продвижения в социальных сетях: Пошаговое руководство",
    "action_flag": 2,
    "change_message": "[{\"changed\": {\"fields\": [\"content\"]}}]"
  }
},
{
  "model": "admin.logentry",
  "pk": 22,
  "fields": {
    "action_time": "2025-04-12T11:21:21.518Z",
    "user": 4,
    "content_type": 12,
    "object_id": "3",
    "object_repr": "Как построить эффективную стратегию продвижения в социальных сетях: Пошаговое руководство",
    "action_flag": 2,
    "change_message": "[{\"changed\": {\"fields\": [\"content\"]}}]"
  }
},
{
  "model": "admin.logentry",
  "pk": 23,
  "fields": {
    "action_time": "2025-04-12T11:22:18.738Z",
    "user": 4,
    "content_type": 12,
    "object_id": "3",
    "object_repr": "Как построить эффективную стратегию продвижения в социальных сетях: Пошаговое руководство",
    "action_flag": 2,
    "change_message": "[{\"changed\": {\"fields\": [\"content\"]}}]"
  }
},
{
  "model": "admin.logentry",
  "pk": 24,
  "fields": {
    "action_time": "2025-04-12T11:56:27.157Z",
    "user": 4,
    "content_type": 12,
    "object_id": "3",
    "object_repr": "Как построить эффективную стратегию продвижения в социальных сетях: Пошаговое руководство",
    "action_flag": 2,
    "change_message": "[]"
  }
},
{
  "model": "admin.logentry",
  "pk": 25,
  "fields": {
    "action_time": "2025-04-12T12:09:28.086Z",
    "user": 4,
    "content_type": 14,
    "object_id": "1",
    "object_repr": "SEO-продвижение интернет-магазина косметики",
    "action_flag": 1,
    "change_message": "[{\"added\": {}}]"
  }
},
{
  "model": "admin.logentry",
  "pk": 26,
  "fields": {
    "action_time": "2025-04-12T12:11:02.361Z",
    "user": 4,
    "content_type": 14,
    "object_id": "1",
    "object_repr": "SEO-продвижение интернет-магазина косметики",
    "action_flag": 2,
    "change_message": "[{\"changed\": {\"fields\": [\"\\u0420\\u0435\\u0437\\u0443\\u043b\\u044c\\u0442\\u0430\\u0442\"]}}]"
  }
},
{
  "model": "admin.logentry",
  "pk": 27,
  "fields": {
    "action_time": "2025-04-12T12:11:51.015Z",
    "user": 4,
    "content_type": 14,
    "object_id": "1",
    "object_repr": "SEO-продвижение интернет-магазина косметики",
    "action_flag": 2,
    "change_message": "[{\"changed\": {\"fields\": [\"\\u0420\\u0435\\u0437\\u0443\\u043b\\u044c\\u0442\\u0430\\u0442\"]}}]"
  }
},
{
  "model": "admin.logentry",
  "pk": 28,
  "fields": {
    "action_time": "2025-04-12T16:04:49.307Z",
    "user": 4,
    "content_type": 17,
    "object_id": "1",
    "object_repr": "seo",
    "action_flag": 2,
    "change_message": "[{\"changed\": {\"fields\": [\"\\u041a\\u0440\\u0430\\u0442\\u043a\\u043e\\u0435 \\u043e\\u043f\\u0438\\u0441\\u0430\\u043d\\u0438\\u0435\", \"Meta Description\"]}}, {\"changed\": {\"name\": \"\\u041f\\u0440\\u0435\\u0438\\u043c\\u0443\\u0449\\u0435\\u0441\\u0442\\u0432\\u043e \\u0443\\u0441\\u043b\\u0443\\u0433\\u0438\", \"object\": \"\\u041f\\u0440\\u043e\\u0432\\u0435\\u0440\\u0435\\u043d\\u043d\\u044b\\u0435 \\u0441\\u0442\\u0440\\u0430\\u0442\\u0435\\u0433\\u0438\\u0438 (seo)\", \"fields\": [\"\\u041e\\u043f\\u0438\\u0441\\u0430\\u043d\\u0438\\u0435\"]}}, {\"changed\": {\"name\": \"\\u041f\\u0440\\u0435\\u0438\\u043c\\u0443\\u0449\\u0435\\u0441\\u0442\\u0432\\u043e \\u0443\\u0441\\u043b\\u0443\\u0433\\u0438\", \"object\": \"\\u0418\\u043d\\u0434\\u0438\\u0432\\u0438\\u0434\\u0443\\u0430\\u043b\\u044c\\u043d\\u044b\\u0439 \\u043f\\u043e\\u0434\\u0445\\u043e\\u0434 (seo)\", \"fields\": [\"\\u041e\\u043f\\u0438\\u0441\\u0430\\u043d\\u0438\\u0435\"]}}, {\"changed\": {\"name\": \"\\u041f\\u0440\\u0435\\u0438\\u043c\\u0443\\u0449\\u0435\\u0441\\u0442\\u0432\\u043e \\u0443\\u0441\\u043b\\u0443\\u0433\\u0438\", \"object\": \"\\u0411\\u044b\\u0441\\u0442\\u0440\\u044b\\u0435 \\u0440\\u0435\\u0437\\u0443\\u043b\\u044c\\u0442\\u0430\\u0442\\u044b (seo)\", \"fields\": [\"\\u041e\\u043f\\u0438\\u0441\\u0430\\u043d\\u0438\\u0435\"]}}, {\"changed\": {\"name\": \"\\u041f\\u0440\\u0435\\u0438\\u043c\\u0443\\u0449\\u0435\\u0441\\u0442\\u0432\\u043e \\u0443\\u0441\\u043b\\u0443\\u0433\\u0438\", \"object\": \"\\u041f\\u0440\\u043e\\u0437\\u0440\\u0430\\u0447\\u043d\\u0430\\u044f \\u043e\\u0442\\u0447\\u0435\\u0442\\u043d\\u043e\\u0441\\u0442\\u044c (seo)\", \"fields\": [\"\\u041e\\u043f\\u0438\\u0441\\u0430\\u043d\\u0438\\u0435\"]}}, {\"added\": {\"name\": \"FAQ\", \"object\": \"\\u0421\\u043a\\u043e\\u043b\\u044c\\u043a\\u043e \\u0432\\u0440\\u0435\\u043c\\u0435\\u043d\\u0438 \\u0437\\u0430\\u043d\\u0438\\u043c\\u0430\\u0435\\u0442 \\u043f\\u043e\\u043b\\u0443\\u0447\\u0435\\u043d\\u0438\\u0435 \\u0440\\u0435\\u0437\\u0443\\u043b\\u044c\\u0442\\u0430\\u0442\\u043e\\u0432 SEO?\"}}, {\"added\": {\"name\": \"FAQ\", \"object\": \"\\u041c\\u043e\\u0436\\u043d\\u043e \\u043b\\u0438 \\u0433\\u0430\\u0440\\u0430\\u043d\\u0442\\u0438\\u0440\\u043e\\u0432\\u0430\\u0442\\u044c \\u0440\\u0435\\u0437\\u0443\\u043b\\u044c\\u0442\\u0430\\u0442\\u044b SEO \\u043f\\u0440\\u043e\\u0434\\u0432\\u0438\\u0436\\u0435\\u043d\\u0438\\u044f?\"}}]"
  }
},
{
  "model": "admin.logentry",
  "pk": 29,
  "fields": {
    "action_time": "2025-04-12T16:09:04.637Z",
    "user": 4,
    "content_type": 17,
    "object_id": "1",
    "object_repr": "seo",
    "action_flag": 2,
    "change_message": "[{\"added\": {\"name\": \"FAQ\", \"object\": \"\\u0414\\u043b\\u044f \\u043a\\u0430\\u043a\\u0438\\u0445 \\u0441\\u0430\\u0439\\u0442\\u043e\\u0432 \\u043f\\u043e\\u0434\\u0445\\u043e\\u0434\\u0438\\u0442 SEO \\u043f\\u0440\\u043e\\u0434\\u0432\\u0438\\u0436\\u0435\\u043d\\u0438\\u0435?\"}}]"
  }
},
{
  "model": "admin.logentry",
  "pk": 30,
  "fields": {
    "action_time": "2025-04-12T16:09:54.425Z",
    "user": 4,
    "content_type": 17,
    "object_id": "1",
    "object_repr": "seo",
    "action_flag": 2,
    "change_message": "[{\"added\": {\"name\": \"FAQ\", \"object\": \"\\u0427\\u0435\\u043c SEO \\u043e\\u0442\\u043b\\u0438\\u0447\\u0430\\u0435\\u0442\\u0441\\u044f \\u043e\\u0442 \\u043a\\u043e\\u043d\\u0442\\u0435\\u043a\\u0441\\u0442\\u043d\\u043e\\u0439 \\u0440\\u0435\\u043a\\u043b\\u0430\\u043c\\u044b?\"}}]"
  }
},
{
  "model": "admin.logentry",
  "pk": 31,
  "fields": {
    "action_time": "2025-04-12T16:10:36.941Z",
    "user": 4,
    "content_type": 17,
    "object_id": "1",
    "object_repr": "seo",
    "action_flag": 2,
    "change_message": "[{\"added\": {\"name\": \"FAQ\", \"object\": \"\\u041a\\u0430\\u043a\\u0438\\u0435 \\u043e\\u0442\\u0447\\u0435\\u0442\\u044b \\u043e SEO \\u043f\\u0440\\u043e\\u0434\\u0432\\u0438\\u0436\\u0435\\u043d\\u0438\\u0438 \\u0432\\u044b \\u043f\\u0440\\u0435\\u0434\\u043e\\u0441\\u0442\\u0430\\u0432\\u043b\\u044f\\u0435\\u0442\\u0435?\"}}]"
  }
},
{
  "model": "admin.logentry",
  "pk": 32,
  "fields": {
    "action_time": "2025-04-12T16:24:21.873Z",
    "user": 4,
    "content_type": 17,
    "object_id": "1",
    "object_repr": "seo",
    "action_flag": 2,
    "change_message": "[{\"changed\": {\"fields\": [\"\\u041a\\u0440\\u0430\\u0442\\u043a\\u043e\\u0435 \\u043e\\u043f\\u0438\\u0441\\u0430\\u043d\\u0438\\u0435\"]}}, {\"added\": {\"name\": \"\\u041e\\u0441\\u043e\\u0431\\u0435\\u043d\\u043d\\u043e\\u0441\\u0442\\u044c \\u0443\\u0441\\u043b\\u0443\\u0433\\u0438\", \"object\": \"\\u043a\\u0430\\u043a\\u0430\\u044f \\u0442\\u043e \\u0445\\u0443\\u0439\\u043d\\u044f (seo)\"}}]"
  }
},
{
  "model": "admin.logentry",
  "pk": 33,
  "fields": {
    "action_time": "2025-04-12T16:25:01.331Z",
    "user": 4,
    "content_type": 17,
    "object_id": "1",
    "object_repr": "seo",
    "action_flag": 2,
    "change_message": "[{\"deleted\": {\"name\": \"\\u041e\\u0441\\u043e\\u0431\\u0435\\u043d\\u043d\\u043e\\u0441\\u0442\\u044c \\u0443\\u0441\\u043b\\u0443\\u0433\\u0438\", \"object\": \"\\u043a\\u0430\\u043a\\u0430\\u044f \\u0442\\u043e \\u0445\\u0443\\u0439\\u043d\\u044f (seo)\"}}]"
  }
},
{
  "model": "admin.logentry",
  "pk": 34,
  "fields": {
    "action_time": "2025-04-12T16:29:28.990Z",
    "user": 4,
    "content_type": 17,
    "object_id": "1",
    "object_repr": "seo",
    "action_flag": 2,
    "change_message": "[{\"added\": {\"name\": \"\\u042d\\u0442\\u0430\\u043f \\u043f\\u0440\\u043e\\u0446\\u0435\\u0441\\u0441\\u0430\", \"object\": \"\\u0410\\u0443\\u0434\\u0438\\u0442 \\u0438 \\u0430\\u043d\\u0430\\u043b\\u0438\\u0437 (seo)\"}}, {\"added\": {\"name\": \"\\u042d\\u0442\\u0430\\u043f \\u043f\\u0440\\u043e\\u0446\\u0435\\u0441\\u0441\\u0430\", \"object\": \"\\u0420\\u0430\\u0437\\u0440\\u0430\\u0431\\u043e\\u0442\\u043a\\u0430 \\u0441\\u0442\\u0440\\u0430\\u0442\\u0435\\u0433\\u0438\\u0438 (seo)\"}}, {\"added\": {\"name\": \"\\u042d\\u0442\\u0430\\u043f \\u043f\\u0440\\u043e\\u0446\\u0435\\u0441\\u0441\\u0430\", \"object\": \"\\u0422\\u0435\\u0445\\u043d\\u0438\\u0447\\u0435\\u0441\\u043a\\u0430\\u044f \\u043e\\u043f\\u0442\\u0438\\u043c\\u0438\\u0437\\u0430\\u0446\\u0438\\u044f (seo)\"}}, {\"added\": {\"name\": \"\\u042d\\u0442\\u0430\\u043f \\u043f\\u0440\\u043e\\u0446\\u0435\\u0441\\u0441\\u0430\", \"object\": \"\\u041a\\u043e\\u043d\\u0442\\u0435\\u043d\\u0442\\u043d\\u0430\\u044f \\u043e\\u043f\\u0442\\u0438\\u043c\\u0438\\u0437\\u0430\\u0446\\u0438\\u044f (seo)\"}}, {\"added\": {\"name\": \"\\u042d\\u0442\\u0430\\u043f \\u043f\\u0440\\u043e\\u0446\\u0435\\u0441\\u0441\\u0430\", \"object\": \"\\u0412\\u043d\\u0435\\u0448\\u043d\\u044f\\u044f \\u043e\\u043f\\u0442\\u0438\\u043c\\u0438\\u0437\\u0430\\u0446\\u0438\\u044f (seo)\"}}]"
  }
},
{
  "model": "admin.logentry",
  "pk": 35,
  "fields": {
    "action_time": "2025-04-12T17:54:16.713Z",
    "user": 4,
    "content_type": 17,
    "object_id": "1",
    "object_repr": "seo",
    "action_flag": 2,
    "change_message": "[{\"changed\": {\"fields\": [\"\\u041a\\u0440\\u0430\\u0442\\u043a\\u043e\\u0435 \\u043e\\u043f\\u0438\\u0441\\u0430\\u043d\\u0438\\u0435\", \"Meta Description\", \"\\u041e\\u043f\\u0438\\u0441\\u0430\\u043d\\u0438\\u0435 \\u0433\\u0435\\u0440\\u043e\\u0438\\u0447\\u0435\\u0441\\u043a\\u043e\\u0439 \\u0441\\u0435\\u043a\\u0446\\u0438\\u0438\", \"\\u041f\\u043e\\u0434\\u0437\\u0430\\u0433\\u043e\\u043b\\u043e\\u0432\\u043e\\u043a \\u0441\\u0435\\u043a\\u0446\\u0438\\u0438 \\\"\\u0427\\u0442\\u043e \\u0442\\u0430\\u043a\\u043e\\u0435\\\"\", \"\\u041f\\u043e\\u0434\\u0437\\u0430\\u0433\\u043e\\u043b\\u043e\\u0432\\u043e\\u043a \\u0441\\u0435\\u043a\\u0446\\u0438\\u0438 \\\"\\u041a\\u0430\\u043a \\u043c\\u044b \\u0440\\u0430\\u0431\\u043e\\u0442\\u0430\\u0435\\u043c\\\"\", \"\\u041f\\u043e\\u0434\\u0437\\u0430\\u0433\\u043e\\u043b\\u043e\\u0432\\u043e\\u043a \\u0441\\u0435\\u043a\\u0446\\u0438\\u0438 \\\"\\u041d\\u0430\\u0448\\u0438 \\u0443\\u0441\\u043b\\u0443\\u0433\\u0438\\\"\", \"\\u041f\\u043e\\u0434\\u0437\\u0430\\u0433\\u043e\\u043b\\u043e\\u0432\\u043e\\u043a \\u0441\\u0435\\u043a\\u0446\\u0438\\u0438 \\\"\\u041f\\u0440\\u0435\\u0438\\u043c\\u0443\\u0449\\u0435\\u0441\\u0442\\u0432\\u0430\\\"\", \"\\u041f\\u043e\\u0434\\u0437\\u0430\\u0433\\u043e\\u043b\\u043e\\u0432\\u043e\\u043a \\u0441\\u0435\\u043a\\u0446\\u0438\\u0438 \\\"\\u041a\\u0435\\u0439\\u0441\\u044b\\\"\", \"\\u041f\\u043e\\u0434\\u0437\\u0430\\u0433\\u043e\\u043b\\u043e\\u0432\\u043e\\u043a \\u0441\\u0435\\u043a\\u0446\\u0438\\u0438 \\\"\\u0422\\u0430\\u0440\\u0438\\u0444\\u044b\\\"\", \"\\u041f\\u043e\\u0434\\u0437\\u0430\\u0433\\u043e\\u043b\\u043e\\u0432\\u043e\\u043a \\u0441\\u0435\\u043a\\u0446\\u0438\\u0438 \\\"\\u041f\\u0430\\u0440\\u0442\\u043d\\u0435\\u0440\\u044b\\\"\", \"\\u041f\\u043e\\u0434\\u0437\\u0430\\u0433\\u043e\\u043b\\u043e\\u0432\\u043e\\u043a \\u0441\\u0435\\u043a\\u0446\\u0438\\u0438 \\\"FAQ\\\"\", \"\\u041f\\u043e\\u0434\\u0437\\u0430\\u0433\\u043e\\u043b\\u043e\\u0432\\u043e\\u043a \\u0441\\u0435\\u043a\\u0446\\u0438\\u0438 \\\"\\u041a\\u043e\\u043d\\u0442\\u0430\\u043a\\u0442\\u044b\\\"\"]}}, {\"changed\": {\"name\": \"\\u042d\\u0442\\u0430\\u043f \\u043f\\u0440\\u043e\\u0446\\u0435\\u0441\\u0441\\u0430\", \"object\": \"\\u0410\\u0443\\u0434\\u0438\\u0442 \\u0438 \\u0430\\u043d\\u0430\\u043b\\u0438\\u0437 (seo)\", \"fields\": [\"\\u041f\\u043e\\u0440\\u044f\\u0434\\u043e\\u043a \\u043e\\u0442\\u043e\\u0431\\u0440\\u0430\\u0436\\u0435\\u043d\\u0438\\u044f\"]}}, {\"changed\": {\"name\": \"\\u042d\\u0442\\u0430\\u043f \\u043f\\u0440\\u043e\\u0446\\u0435\\u0441\\u0441\\u0430\", \"object\": \"\\u0420\\u0430\\u0437\\u0440\\u0430\\u0431\\u043e\\u0442\\u043a\\u0430 \\u0441\\u0442\\u0440\\u0430\\u0442\\u0435\\u0433\\u0438\\u0438 (seo)\", \"fields\": [\"\\u041f\\u043e\\u0440\\u044f\\u0434\\u043e\\u043a \\u043e\\u0442\\u043e\\u0431\\u0440\\u0430\\u0436\\u0435\\u043d\\u0438\\u044f\"]}}, {\"changed\": {\"name\": \"\\u042d\\u0442\\u0430\\u043f \\u043f\\u0440\\u043e\\u0446\\u0435\\u0441\\u0441\\u0430\", \"object\": \"\\u0422\\u0435\\u0445\\u043d\\u0438\\u0447\\u0435\\u0441\\u043a\\u0430\\u044f \\u043e\\u043f\\u0442\\u0438\\u043c\\u0438\\u0437\\u0430\\u0446\\u0438\\u044f (seo)\", \"fields\": [\"\\u041f\\u043e\\u0440\\u044f\\u0434\\u043e\\u043a \\u043e\\u0442\\u043e\\u0431\\u0440\\u0430\\u0436\\u0435\\u043d\\u0438\\u044f\"]}}, {\"changed\": {\"name\": \"\\u042d\\u0442\\u0430\\u043f \\u043f\\u0440\\u043e\\u0446\\u0435\\u0441\\u0441\\u0430\", \"object\": \"\\u041a\\u043e\\u043d\\u0442\\u0435\\u043d\\u0442\\u043d\\u0430\\u044f \\u043e\\u043f\\u0442\\u0438\\u043c\\u0438\\u0437\\u0430\\u0446\\u0438\\u044f (seo)\", \"fields\": [\"\\u041f\\u043e\\u0440\\u044f\\u0434\\u043e\\u043a \\u043e\\u0442\\u043e\\u0431\\u0440\\u0430\\u0436\\u0435\\u043d\\u0438\\u044f\"]}}, {\"changed\": {\"name\": \"\\u042d\\u0442\\u0430\\u043f \\u043f\\u0440\\u043e\\u0446\\u0435\\u0441\\u0441\\u0430\", \"object\": \"\\u0412\\u043d\\u0435\\u0448\\u043d\\u044f\\u044f \\u043e\\u043f\\u0442\\u0438\\u043c\\u0438\\u0437\\u0430\\u0446\\u0438\\u044f (seo)\", \"fields\": [\"\\u041f\\u043e\\u0440\\u044f\\u0434\\u043e\\u043a \\u043e\\u0442\\u043e\\u0431\\u0440\\u0430\\u0436\\u0435\\u043d\\u0438\\u044f\"]}}, {\"deleted\": {\"name\": \"\\u042d\\u0442\\u0430\\u043f \\u043f\\u0440\\u043e\\u0446\\u0435\\u0441\\u0441\\u0430\", \"object\": \"\\u0410\\u0443\\u0434\\u0438\\u0442 \\u0438 \\u0430\\u043d\\u0430\\u043b\\u0438\\u0437 (seo)\"}}, {\"deleted\": {\"name\": \"\\u042d\\u0442\\u0430\\u043f \\u043f\\u0440\\u043e\\u0446\\u0435\\u0441\\u0441\\u0430\", \"object\": \"\\u0420\\u0430\\u0437\\u0440\\u0430\\u0431\\u043e\\u0442\\u043a\\u0430 \\u0441\\u0442\\u0440\\u0430\\u0442\\u0435\\u0433\\u0438\\u0438 (seo)\"}}, {\"deleted\": {\"name\": \"\\u042d\\u0442\\u0430\\u043f \\u043f\\u0440\\u043e\\u0446\\u0435\\u0441\\u0441\\u0430\", \"object\": \"\\u0422\\u0435\\u0445\\u043d\\u0438\\u0447\\u0435\\u0441\\u043a\\u0430\\u044f \\u043e\\u043f\\u0442\\u0438\\u043c\\u0438\\u0437\\u0430\\u0446\\u0438\\u044f (seo)\"}}, {\"deleted\": {\"name\": \"\\u042d\\u0442\\u0430\\u043f \\u043f\\u0440\\u043e\\u0446\\u0435\\u0441\\u0441\\u0430\", \"object\": \"\\u041a\\u043e\\u043d\\u0442\\u0435\\u043d\\u0442\\u043d\\u0430\\u044f \\u043e\\u043f\\u0442\\u0438\\u043c\\u0438\\u0437\\u0430\\u0446\\u0438\\u044f (seo)\"}}, {\"deleted\": {\"name\": \"\\u042d\\u0442\\u0430\\u043f \\u043f\\u0440\\u043e\\u0446\\u0435\\u0441\\u0441\\u0430\", \"object\": \"\\u0412\\u043d\\u0435\\u0448\\u043d\\u044f\\u044f \\u043e\\u043f\\u0442\\u0438\\u043c\\u0438\\u0437\\u0430\\u0446\\u0438\\u044f (seo)\"}}, {\"changed\": {\"name\": \"FAQ\", \"object\": \"\\u041a\\u0430\\u043a \\u0431\\u044b\\u0441\\u0442\\u0440\\u043e \\u044f \\u0443\\u0432\\u0438\\u0436\\u0443 \\u0440\\u0435\\u0437\\u0443\\u043b\\u044c\\u0442\\u0430\\u0442\\u044b \\u043e\\u0442 SEO-\\u043f\\u0440\\u043e\\u0434\\u0432\\u0438\\u0436\\u0435\\u043d\\u0438\\u044f?\", \"fields\": [\"\\u041e\\u0442\\u0432\\u0435\\u0442\"]}}, {\"changed\": {\"name\": \"FAQ\", \"object\": \"\\u0414\\u043b\\u044f \\u043a\\u0430\\u043a\\u0438\\u0445 \\u0441\\u0430\\u0439\\u0442\\u043e\\u0432 \\u043f\\u043e\\u0434\\u0445\\u043e\\u0434\\u0438\\u0442 SEO-\\u043f\\u0440\\u043e\\u0434\\u0432\\u0438\\u0436\\u0435\\u043d\\u0438\\u0435?\", \"fields\": [\"\\u041e\\u0442\\u0432\\u0435\\u0442\"]}}, {\"changed\": {\"name\": \"FAQ\", \"object\": \"\\u0427\\u0435\\u043c SEO \\u043e\\u0442\\u043b\\u0438\\u0447\\u0430\\u0435\\u0442\\u0441\\u044f \\u043e\\u0442 \\u043a\\u043e\\u043d\\u0442\\u0435\\u043a\\u0441\\u0442\\u043d\\u043e\\u0439 \\u0440\\u0435\\u043a\\u043b\\u0430\\u043c\\u044b?\", \"fields\": [\"\\u041e\\u0442\\u0432\\u0435\\u0442\"]}}, {\"changed\": {\"name\": \"\\u0411\\u043b\\u043e\\u043a \\u043e\\u0431\\u044a\\u044f\\u0441\\u043d\\u0435\\u043d\\u0438\\u044f\", \"object\": \"\\u0414\\u043e\\u0441\\u0442\\u0443\\u043f\\u043d\\u0430\\u044f \\u0441\\u0442\\u043e\\u0438\\u043c\\u043e\\u0441\\u0442\\u044c (seo)\", \"fields\": [\"\\u041e\\u043f\\u0438\\u0441\\u0430\\u043d\\u0438\\u0435\"]}}, {\"changed\": {\"name\": \"\\u0411\\u043b\\u043e\\u043a \\u043e\\u0431\\u044a\\u044f\\u0441\\u043d\\u0435\\u043d\\u0438\\u044f\", \"object\": \"\\u0414\\u043e\\u043b\\u0433\\u043e\\u0441\\u0440\\u043e\\u0447\\u043d\\u044b\\u0439 \\u044d\\u0444\\u0444\\u0435\\u043a\\u0442 (seo)\", \"fields\": [\"\\u041e\\u043f\\u0438\\u0441\\u0430\\u043d\\u0438\\u0435\"]}}, {\"changed\": {\"name\": \"\\u0411\\u043b\\u043e\\u043a \\u043e\\u0431\\u044a\\u044f\\u0441\\u043d\\u0435\\u043d\\u0438\\u044f\", \"object\": \"\\u0426\\u0435\\u043b\\u0435\\u0432\\u0430\\u044f \\u0430\\u0443\\u0434\\u0438\\u0442\\u043e\\u0440\\u0438\\u044f (seo)\", \"fields\": [\"\\u041e\\u043f\\u0438\\u0441\\u0430\\u043d\\u0438\\u0435\"]}}, {\"changed\": {\"name\": \"\\u0411\\u043b\\u043e\\u043a \\u043e\\u0431\\u044a\\u044f\\u0441\\u043d\\u0435\\u043d\\u0438\\u044f\", \"object\": \"\\u041f\\u043e\\u0432\\u044b\\u0448\\u0435\\u043d\\u0438\\u0435 \\u0434\\u043e\\u0432\\u0435\\u0440\\u0438\\u044f (seo)\", \"fields\": [\"\\u041e\\u043f\\u0438\\u0441\\u0430\\u043d\\u0438\\u0435\"]}}, {\"changed\": {\"name\": \"\\u0411\\u043b\\u043e\\u043a \\u043e\\u0431\\u044a\\u044f\\u0441\\u043d\\u0435\\u043d\\u0438\\u044f\", \"object\": \"\\u0418\\u0437\\u043c\\u0435\\u0440\\u0438\\u043c\\u044b\\u0435 \\u0440\\u0435\\u0437\\u0443\\u043b\\u044c\\u0442\\u0430\\u0442\\u044b (seo)\", \"fields\": [\"\\u041e\\u043f\\u0438\\u0441\\u0430\\u043d\\u0438\\u0435\"]}}, {\"changed\": {\"name\": \"\\u0411\\u043b\\u043e\\u043a \\u043e\\u0431\\u044a\\u044f\\u0441\\u043d\\u0435\\u043d\\u0438\\u044f\", \"object\": \"\\u0413\\u043b\\u043e\\u0431\\u0430\\u043b\\u044c\\u043d\\u044b\\u0439 \\u043e\\u0445\\u0432\\u0430\\u0442 (seo)\", \"fields\": [\"\\u041e\\u043f\\u0438\\u0441\\u0430\\u043d\\u0438\\u0435\"]}}, {\"changed\": {\"name\": \"\\u0414\\u0435\\u0442\\u0430\\u043b\\u044c\\u043d\\u0430\\u044f \\u0443\\u0441\\u043b\\u0443\\u0433\\u0430\", \"object\": \"SEO-\\u0430\\u0443\\u0434\\u0438\\u0442 \\u0441\\u0430\\u0439\\u0442\\u0430 (seo)\", \"fields\": [\"\\u041e\\u043f\\u0438\\u0441\\u0430\\u043d\\u0438\\u0435\"]}}, {\"changed\": {\"name\": \"\\u0414\\u0435\\u0442\\u0430\\u043b\\u044c\\u043d\\u0430\\u044f \\u0443\\u0441\\u043b\\u0443\\u0433\\u0430\", \"object\": \"\\u0421\\u0435\\u043c\\u0430\\u043d\\u0442\\u0438\\u0447\\u0435\\u0441\\u043a\\u043e\\u0435 \\u044f\\u0434\\u0440\\u043e (seo)\", \"fields\": [\"\\u041e\\u043f\\u0438\\u0441\\u0430\\u043d\\u0438\\u0435\"]}}, {\"changed\": {\"name\": \"\\u0414\\u0435\\u0442\\u0430\\u043b\\u044c\\u043d\\u0430\\u044f \\u0443\\u0441\\u043b\\u0443\\u0433\\u0430\", \"object\": \"\\u0422\\u0435\\u0445\\u043d\\u0438\\u0447\\u0435\\u0441\\u043a\\u0430\\u044f \\u043e\\u043f\\u0442\\u0438\\u043c\\u0438\\u0437\\u0430\\u0446\\u0438\\u044f (seo)\", \"fields\": [\"\\u041e\\u043f\\u0438\\u0441\\u0430\\u043d\\u0438\\u0435\"]}}, {\"changed\": {\"name\": \"\\u0414\\u0435\\u0442\\u0430\\u043b\\u044c\\u043d\\u0430\\u044f \\u0443\\u0441\\u043b\\u0443\\u0433\\u0430\", \"object\": \"\\u041e\\u043f\\u0442\\u0438\\u043c\\u0438\\u0437\\u0430\\u0446\\u0438\\u044f \\u043a\\u043e\\u043d\\u0442\\u0435\\u043d\\u0442\\u0430 (seo)\", \"fields\": [\"\\u041e\\u043f\\u0438\\u0441\\u0430\\u043d\\u0438\\u0435\"]}}, {\"changed\": {\"name\": \"\\u0414\\u0435\\u0442\\u0430\\u043b\\u044c\\u043d\\u0430\\u044f \\u0443\\u0441\\u043b\\u0443\\u0433\\u0430\", \"object\": \"\\u0412\\u043d\\u0435\\u0448\\u043d\\u044f\\u044f \\u043e\\u043f\\u0442\\u0438\\u043c\\u0438\\u0437\\u0430\\u0446\\u0438\\u044f (seo)\", \"fields\": [\"\\u041e\\u043f\\u0438\\u0441\\u0430\\u043d\\u0438\\u0435\"]}}, {\"changed\": {\"name\": \"\\u0414\\u0435\\u0442\\u0430\\u043b\\u044c\\u043d\\u0430\\u044f \\u0443\\u0441\\u043b\\u0443\\u0433\\u0430\", \"object\": \"\\u041c\\u043e\\u043d\\u0438\\u0442\\u043e\\u0440\\u0438\\u043d\\u0433 \\u0438 \\u0430\\u043d\\u0430\\u043b\\u0438\\u0442\\u0438\\u043a\\u0430 (seo)\", \"fields\": [\"\\u041e\\u043f\\u0438\\u0441\\u0430\\u043d\\u0438\\u0435\"]}}, {\"changed\": {\"name\": \"\\u041a\\u0435\\u0439\\u0441\", \"object\": \"\\u0423\\u0432\\u0435\\u043b\\u0438\\u0447\\u0435\\u043d\\u0438\\u0435 \\u043e\\u0440\\u0433\\u0430\\u043d\\u0438\\u0447\\u0435\\u0441\\u043a\\u043e\\u0433\\u043e \\u0442\\u0440\\u0430\\u0444\\u0438\\u043a\\u0430 \\u0438\\u043d\\u0442\\u0435\\u0440\\u043d\\u0435\\u0442-\\u043c\\u0430\\u0433\\u0430\\u0437\\u0438\\u043d\\u0430 \\u044d\\u043b\\u0435\\u043a\\u0442\\u0440\\u043e\\u043d\\u0438\\u043a\\u0438 \\u043d\\u0430 187% (seo)\", \"fields\": [\"\\u041e\\u043f\\u0438\\u0441\\u0430\\u043d\\u0438\\u0435\", \"\\u0418\\u0437\\u043e\\u0431\\u0440\\u0430\\u0436\\u0435\\u043d\\u0438\\u0435\", \"\\u0421\\u0441\\u044b\\u043b\\u043a\\u0430 \\u043d\\u0430 \\u043f\\u043e\\u0434\\u0440\\u043e\\u0431\\u043d\\u043e\\u0441\\u0442\\u0438\"]}}, {\"changed\": {\"name\": \"\\u041a\\u0435\\u0439\\u0441\", \"object\": \"\\u0420\\u043e\\u0441\\u0442 \\u0447\\u0438\\u0441\\u043b\\u0430 \\u0437\\u0430\\u044f\\u0432\\u043e\\u043a \\u0441 \\u0441\\u0430\\u0439\\u0442\\u0430 B2B \\u043a\\u043e\\u043c\\u043f\\u0430\\u043d\\u0438\\u0438 \\u043d\\u0430 243% \\u0437\\u0430 6 \\u043c\\u0435\\u0441\\u044f\\u0446\\u0435\\u0432 (seo)\", \"fields\": [\"\\u041e\\u043f\\u0438\\u0441\\u0430\\u043d\\u0438\\u0435\", \"\\u0418\\u0437\\u043e\\u0431\\u0440\\u0430\\u0436\\u0435\\u043d\\u0438\\u0435\", \"\\u0421\\u0441\\u044b\\u043b\\u043a\\u0430 \\u043d\\u0430 \\u043f\\u043e\\u0434\\u0440\\u043e\\u0431\\u043d\\u043e\\u0441\\u0442\\u0438\"]}}, {\"changed\": {\"name\": \"\\u041a\\u0435\\u0439\\u0441\", \"object\": \"\\u0412\\u044b\\u0432\\u043e\\u0434 \\u043c\\u0435\\u0434\\u0438\\u0446\\u0438\\u043d\\u0441\\u043a\\u043e\\u0433\\u043e \\u0446\\u0435\\u043d\\u0442\\u0440\\u0430 \\u0432 \\u0442\\u043e\\u043f-3 \\u043f\\u043e\\u0438\\u0441\\u043a\\u043e\\u0432\\u043e\\u0439 \\u0432\\u044b\\u0434\\u0430\\u0447\\u0438 \\u0437\\u0430 4 \\u043c\\u0435\\u0441\\u044f\\u0446\\u0430 (seo)\", \"fields\": [\"\\u041e\\u043f\\u0438\\u0441\\u0430\\u043d\\u0438\\u0435\", \"\\u0418\\u0437\\u043e\\u0431\\u0440\\u0430\\u0436\\u0435\\u043d\\u0438\\u0435\", \"\\u0421\\u0441\\u044b\\u043b\\u043a\\u0430 \\u043d\\u0430 \\u043f\\u043e\\u0434\\u0440\\u043e\\u0431\\u043d\\u043e\\u0441\\u0442\\u0438\"]}}, {\"deleted\": {\"name\": \"\\u041f\\u0430\\u0440\\u0442\\u043d\\u0435\\u0440\", \"object\": \"\\u041f\\u0430\\u0440\\u0442\\u043d\\u0435\\u0440 1\"}}, {\"deleted\": {\"name\": \"\\u041f\\u0430\\u0440\\u0442\\u043d\\u0435\\u0440\", \"object\": \"\\u041f\\u0430\\u0440\\u0442\\u043d\\u0435\\u0440 2\"}}, {\"deleted\": {\"name\": \"\\u041f\\u0430\\u0440\\u0442\\u043d\\u0435\\u0440\", \"object\": \"\\u041f\\u0430\\u0440\\u0442\\u043d\\u0435\\u0440 3\"}}, {\"deleted\": {\"name\": \"\\u041f\\u0430\\u0440\\u0442\\u043d\\u0435\\u0440\", \"object\": \"\\u041f\\u0430\\u0440\\u0442\\u043d\\u0435\\u0440 4\"}}, {\"deleted\": {\"name\": \"\\u041f\\u0430\\u0440\\u0442\\u043d\\u0435\\u0440\", \"object\": \"\\u041f\\u0430\\u0440\\u0442\\u043d\\u0435\\u0440 5\"}}, {\"deleted\": {\"name\": \"\\u041f\\u0430\\u0440\\u0442\\u043d\\u0435\\u0440\", \"object\": \"\\u041f\\u0430\\u0440\\u0442\\u043d\\u0435\\u0440 6\"}}]"
  }
},
{
  "model": "admin.logentry",
  "pk": 36,
  "fields": {
    "action_time": "2025-04-12T17:58:32.049Z",
    "user": 4,
    "content_type": 17,
    "object_id": "1",
    "object_repr": "seo",
    "action_flag": 2,
    "change_message": "[{\"deleted\": {\"name\": \"\\u041f\\u0440\\u0435\\u0438\\u043c\\u0443\\u0449\\u0435\\u0441\\u0442\\u0432\\u043e \\u0443\\u0441\\u043b\\u0443\\u0433\\u0438\", \"object\": \"\\u041f\\u0440\\u043e\\u0437\\u0440\\u0430\\u0447\\u043d\\u0430\\u044f \\u043e\\u0442\\u0447\\u0435\\u0442\\u043d\\u043e\\u0441\\u0442\\u044c (seo)\"}}, {\"deleted\": {\"name\": \"FAQ\", \"object\": \"\\u041a\\u0430\\u043a\\u0438\\u0435 \\u043e\\u0442\\u0447\\u0435\\u0442\\u044b \\u043e SEO \\u043f\\u0440\\u043e\\u0434\\u0432\\u0438\\u0436\\u0435\\u043d\\u0438\\u0438 \\u0432\\u044b \\u043f\\u0440\\u0435\\u0434\\u043e\\u0441\\u0442\\u0430\\u0432\\u043b\\u044f\\u0435\\u0442\\u0435?\"}}, {\"deleted\": {\"name\": \"FAQ\", \"object\": \"\\u041c\\u043e\\u0436\\u043d\\u043e \\u043b\\u0438 \\u0433\\u0430\\u0440\\u0430\\u043d\\u0442\\u0438\\u0440\\u043e\\u0432\\u0430\\u0442\\u044c \\u0440\\u0435\\u0437\\u0443\\u043b\\u044c\\u0442\\u0430\\u0442\\u044b SEO \\u043f\\u0440\\u043e\\u0434\\u0432\\u0438\\u0436\\u0435\\u043d\\u0438\\u044f?\"}}, {\"deleted\": {\"name\": \"FAQ\", \"object\": \"\\u0414\\u043b\\u044f \\u043a\\u0430\\u043a\\u0438\\u0445 \\u0441\\u0430\\u0439\\u0442\\u043e\\u0432 \\u043f\\u043e\\u0434\\u0445\\u043e\\u0434\\u0438\\u0442 SEO \\u043f\\u0440\\u043e\\u0434\\u0432\\u0438\\u0436\\u0435\\u043d\\u0438\\u0435?\"}}, {\"deleted\": {\"name\": \"FAQ\", \"object\": \"\\u0427\\u0435\\u043c SEO \\u043e\\u0442\\u043b\\u0438\\u0447\\u0430\\u0435\\u0442\\u0441\\u044f \\u043e\\u0442 \\u043a\\u043e\\u043d\\u0442\\u0435\\u043a\\u0441\\u0442\\u043d\\u043e\\u0439 \\u0440\\u0435\\u043a\\u043b\\u0430\\u043c\\u044b?\"}}, {\"deleted\": {\"name\": \"FAQ\", \"object\": \"\\u041a\\u0430\\u043a \\u0431\\u044b\\u0441\\u0442\\u0440\\u043e \\u044f \\u0443\\u0432\\u0438\\u0436\\u0443 \\u0440\\u0435\\u0437\\u0443\\u043b\\u044c\\u0442\\u0430\\u0442\\u044b \\u043e\\u0442 SEO-\\u043f\\u0440\\u043e\\u0434\\u0432\\u0438\\u0436\\u0435\\u043d\\u0438\\u044f?\"}}]"
  }
},
{
  "model": "auth.permission",
  "pk": 1,
  "fields": {
    "name": "Can add log entry",
    "content_type": 1,
    "codename": "add_logentry"
  }
},
{
  "model": "auth.permission",
  "pk": 2,
  "fields": {
    "name": "Can change log entry",
    "content_type": 1,
    "codename": "change_logentry"
  }
},
{
  "model": "auth.permission",
  "pk": 3,
  "fields": {
    "name": "Can delete log entry",
    "content_type": 1,
    "codename": "delete_logentry"
  }
},
{
  "model": "auth.permission",
  "pk": 4,
  "fields": {
    "name": "Can view log entry",
    "content_type": 1,
    "codename": "view_logentry"
  }
},
{
  "model": "auth.permission",
  "pk": 5,
  "fields": {
    "name": "Can add permission",
    "content_type": 2,
    "codename": "add_permission"
  }
},
{
  "model": "auth.permission",
  "pk": 6,
  "fields": {
    "name": "Can change permission",
    "content_type": 2,
    "codename": "change_permission"
  }
},
{
  "model": "auth.permission",
  "pk": 7,
  "fields": {
    "name": "Can delete permission",
    "content_type": 2,
    "codename": "delete_permission"
  }
},
{
  "model": "auth.permission",
  "pk": 8,
  "fields": {
    "name": "Can view permission",
    "content_type": 2,
    "codename": "view_permission"
  }
},
{
  "model": "auth.permission",
  "pk": 9,
  "fields": {
    "name": "Can add group",
    "content_type": 3,
    "codename": "add_group"
  }
},
{
  "model": "auth.permission",
  "pk": 10,
  "fields": {
    "name": "Can change group",
    "content_type": 3,
    "codename": "change_group"
  }
},
{
  "model": "auth.permission",
  "pk": 11,
  "fields": {
    "name": "Can delete group",
    "content_type": 3,
    "codename": "delete_group"
  }
},
{
  "model": "auth.permission",
  "pk": 12,
  "fields": {
    "name": "Can view group",
    "content_type": 3,
    "codename": "view_group"
  }
},
{
  "model": "auth.permission",
  "pk": 13,
  "fields": {
    "name": "Can add user",
    "content_type": 4,
    "codename": "add_user"
  }
},
{
  "model": "auth.permission",
  "pk": 14,
  "fields": {
    "name": "Can change user",
    "content_type": 4,
    "codename": "change_user"
  }
},
{
  "model": "auth.permission",
  "pk": 15,
  "fields": {
    "name": "Can delete user",
    "content_type": 4,
    "codename": "delete_user"
  }
},
{
  "model": "auth.permission",
  "pk": 16,
  "fields": {
    "name": "Can view user",
    "content_type": 4,
    "codename": "view_user"
  }
},
{
  "model": "auth.permission",
  "pk": 17,
  "fields": {
    "name": "Can add content type",
    "content_type": 5,
    "codename": "add_contenttype"
  }
},
{
  "model": "auth.permission",
  "pk": 18,
  "fields": {
    "name": "Can change content type",
    "content_type": 5,
    "codename": "change_contenttype"
  }
},
{
  "model": "auth.permission",
  "pk": 19,
  "fields": {
    "name": "Can delete content type",
    "content_type": 5,
    "codename": "delete_contenttype"
  }
},
{
  "model": "auth.permission",
  "pk": 20,
  "fields": {
    "name": "Can view content type",
    "content_type": 5,
    "codename": "view_contenttype"
  }
},
{
  "model": "auth.permission",
  "pk": 21,
  "fields": {
    "name": "Can add session",
    "content_type": 6,
    "codename": "add_session"
  }
},
{
  "model": "auth.permission",
  "pk": 22,
  "fields": {
    "name": "Can change session",
    "content_type": 6,
    "codename": "change_session"
  }
},
{
  "model": "auth.permission",
  "pk": 23,
  "fields": {
    "name": "Can delete session",
    "content_type": 6,
    "codename": "delete_session"
  }
},
{
  "model": "auth.permission",
  "pk": 24,
  "fields": {
    "name": "Can view session",
    "content_type": 6,
    "codename": "view_session"
  }
},
{
  "model": "auth.permission",
  "pk": 25,
  "fields": {
    "name": "Can add Категория",
    "content_type": 7,
    "codename": "add_category"
  }
},
{
  "model": "auth.permission",
  "pk": 26,
  "fields": {
    "name": "Can change Категория",
    "content_type": 7,
    "codename": "change_category"
  }
},
{
  "model": "auth.permission",
  "pk": 27,
  "fields": {
    "name": "Can delete Категория",
    "content_type": 7,
    "codename": "delete_category"
  }
},
{
  "model": "auth.permission",
  "pk": 28,
  "fields": {
    "name": "Can view Категория",
    "content_type": 7,
    "codename": "view_category"
  }
},
{
  "model": "auth.permission",
  "pk": 29,
  "fields": {
    "name": "Can add Заявка",
    "content_type": 8,
    "codename": "add_contactrequest"
  }
},
{
  "model": "auth.permission",
  "pk": 30,
  "fields": {
    "name": "Can change Заявка",
    "content_type": 8,
    "codename": "change_contactrequest"
  }
},
{
  "model": "auth.permission",
  "pk": 31,
  "fields": {
    "name": "Can delete Заявка",
    "content_type": 8,
    "codename": "delete_contactrequest"
  }
},
{
  "model": "auth.permission",
  "pk": 32,
  "fields": {
    "name": "Can view Заявка",
    "content_type": 8,
    "codename": "view_contactrequest"
  }
},
{
  "model": "auth.permission",
  "pk": 33,
  "fields": {
    "name": "Can add Область экспертизы",
    "content_type": 9,
    "codename": "add_expertise"
  }
},
{
  "model": "auth.permission",
  "pk": 34,
  "fields": {
    "name": "Can change Область экспертизы",
    "content_type": 9,
    "codename": "change_expertise"
  }
},
{
  "model": "auth.permission",
  "pk": 35,
  "fields": {
    "name": "Can delete Область экспертизы",
    "content_type": 9,
    "codename": "delete_expertise"
  }
},
{
  "model": "auth.permission",
  "pk": 36,
  "fields": {
    "name": "Can view Область экспертизы",
    "content_type": 9,
    "codename": "view_expertise"
  }
},
{
  "model": "auth.permission",
  "pk": 37,
  "fields": {
    "name": "Can add Тег",
    "content_type": 10,
    "codename": "add_tag"
  }
},
{
  "model": "auth.permission",
  "pk": 38,
  "fields": {
    "name": "Can change Тег",
    "content_type": 10,
    "codename": "change_tag"
  }
},
{
  "model": "auth.permission",
  "pk": 39,
  "fields": {
    "name": "Can delete Тег",
    "content_type": 10,
    "codename": "delete_tag"
  }
},
{
  "model": "auth.permission",
  "pk": 40,
  "fields": {
    "name": "Can view Тег",
    "content_type": 10,
    "codename": "view_tag"
  }
},
{
  "model": "auth.permission",
  "pk": 41,
  "fields": {
    "name": "Can add Профиль",
    "content_type": 11,
    "codename": "add_profile"
  }
},
{
  "model": "auth.permission",
  "pk": 42,
  "fields": {
    "name": "Can change Профиль",
    "content_type": 11,
    "codename": "change_profile"
  }
},
{
  "model": "auth.permission",
  "pk": 43,
  "fields": {
    "name": "Can delete Профиль",
    "content_type": 11,
    "codename": "delete_profile"
  }
},
{
  "model": "auth.permission",
  "pk": 44,
  "fields": {
    "name": "Can view Профиль",
    "content_type": 11,
    "codename": "view_profile"
  }
},
{
  "model": "auth.permission",
  "pk": 45,
  "fields": {
    "name": "Can add Статья",
    "content_type": 12,
    "codename": "add_post"
  }
},
{
  "model": "auth.permission",
  "pk": 46,
  "fields": {
    "name": "Can change Статья",
    "content_type": 12,
    "codename": "change_post"
  }
},
{
  "model": "auth.permission",
  "pk": 47,
  "fields": {
    "name": "Can delete Статья",
    "content_type": 12,
    "codename": "delete_post"
  }
},
{
  "model": "auth.permission",
  "pk": 48,
  "fields": {
    "name": "Can view Статья",
    "content_type": 12,
    "codename": "view_post"
  }
},
{
  "model": "auth.permission",
  "pk": 49,
  "fields": {
    "name": "Can add Комментарий",
    "content_type": 13,
    "codename": "add_comment"
  }
},
{
  "model": "auth.permission",
  "pk": 50,
  "fields": {
    "name": "Can change Комментарий",
    "content_type": 13,
    "codename": "change_comment"
  }
},
{
  "model": "auth.permission",
  "pk": 51,
  "fields": {
    "name": "Can delete Комментарий",
    "content_type": 13,
    "codename": "delete_comment"
  }
},
{
  "model": "auth.permission",
  "pk": 52,
  "fields": {
    "name": "Can view Комментарий",
    "content_type": 13,
    "codename": "view_comment"
  }
},
{
  "model": "auth.permission",
  "pk": 53,
  "fields": {
    "name": "Can add Кейс",
    "content_type": 14,
    "codename": "add_case"
  }
},
{
  "model": "auth.permission",
  "pk": 54,
  "fields": {
    "name": "Can change Кейс",
    "content_type": 14,
    "codename": "change_case"
  }
},
{
  "model": "auth.permission",
  "pk": 55,
  "fields": {
    "name": "Can delete Кейс",
    "content_type": 14,
    "codename": "delete_case"
  }
},
{
  "model": "auth.permission",
  "pk": 56,
  "fields": {
    "name": "Can view Кейс",
    "content_type": 14,
    "codename": "view_case"
  }
},
{
  "model": "auth.permission",
  "pk": 57,
  "fields": {
    "name": "Can add Изображение кейса",
    "content_type": 15,
    "codename": "add_caseimage"
  }
},
{
  "model": "auth.permission",
  "pk": 58,
  "fields": {
    "name": "Can change Изображение кейса",
    "content_type": 15,
    "codename": "change_caseimage"
  }
},
{
  "model": "auth.permission",
  "pk": 59,
  "fields": {
    "name": "Can delete Изображение кейса",
    "content_type": 15,
    "codename": "delete_caseimage"
  }
},
{
  "model": "auth.permission",
  "pk": 60,
  "fields": {
    "name": "Can view Изображение кейса",
    "content_type": 15,
    "codename": "view_caseimage"
  }
},
{
  "model": "auth.permission",
  "pk": 61,
  "fields": {
    "name": "Can add Заявка",
    "content_type": 16,
    "codename": "add_contactrequest"
  }
},
{
  "model": "auth.permission",
  "pk": 62,
  "fields": {
    "name": "Can change Заявка",
    "content_type": 16,
    "codename": "change_contactrequest"
  }
},
{
  "model": "auth.permission",
  "pk": 63,
  "fields": {
    "name": "Can delete Заявка",
    "content_type": 16,
    "codename": "delete_contactrequest"
  }
},
{
  "model": "auth.permission",
  "pk": 64,
  "fields": {
    "name": "Can view Заявка",
    "content_type": 16,
    "codename": "view_contactrequest"
  }
},
{
  "model": "auth.permission",
  "pk": 65,
  "fields": {
    "name": "Can add Услуга",
    "content_type": 17,
    "codename": "add_service"
  }
},
{
  "model": "auth.permission",
  "pk": 66,
  "fields": {
    "name": "Can change Услуга",
    "content_type": 17,
    "codename": "change_service"
  }
},
{
  "model": "auth.permission",
  "pk": 67,
  "fields": {
    "name": "Can delete Услуга",
    "content_type": 17,
    "codename": "delete_service"
  }
},
{
  "model": "auth.permission",
  "pk": 68,
  "fields": {
    "name": "Can view Услуга",
    "content_type": 17,
    "codename": "view_service"
  }
},
{
  "model": "auth.permission",
  "pk": 69,
  "fields": {
    "name": "Can add FAQ",
    "content_type": 18,
    "codename": "add_faq"
  }
},
{
  "model": "auth.permission",
  "pk": 70,
  "fields": {
    "name": "Can change FAQ",
    "content_type": 18,
    "codename": "change_faq"
  }
},
{
  "model": "auth.permission",
  "pk": 71,
  "fields": {
    "name": "Can delete FAQ",
    "content_type": 18,
    "codename": "delete_faq"
  }
},
{
  "model": "auth.permission",
  "pk": 72,
  "fields": {
    "name": "Can view FAQ",
    "content_type": 18,
    "codename": "view_faq"
  }
},
{
  "model": "auth.permission",
  "pk": 73,
  "fields": {
    "name": "Can add Преимущество услуги",
    "content_type": 19,
    "codename": "add_servicebenefit"
  }
},
{
  "model": "auth.permission",
  "pk": 74,
  "fields": {
    "name": "Can change Преимущество услуги",
    "content_type": 19,
    "codename": "change_servicebenefit"
  }
},
{
  "model": "auth.permission",
  "pk": 75,
  "fields": {
    "name": "Can delete Преимущество услуги",
    "content_type": 19,
    "codename": "delete_servicebenefit"
  }
},
{
  "model": "auth.permission",
  "pk": 76,
  "fields": {
    "name": "Can view Преимущество услуги",
    "content_type": 19,
    "codename": "view_servicebenefit"
  }
},
{
  "model": "auth.permission",
  "pk": 77,
  "fields": {
    "name": "Can add Особенность услуги",
    "content_type": 20,
    "codename": "add_servicefeature"
  }
},
{
  "model": "auth.permission",
  "pk": 78,
  "fields": {
    "name": "Can change Особенность услуги",
    "content_type": 20,
    "codename": "change_servicefeature"
  }
},
{
  "model": "auth.permission",
  "pk": 79,
  "fields": {
    "name": "Can delete Особенность услуги",
    "content_type": 20,
    "codename": "delete_servicefeature"
  }
},
{
  "model": "auth.permission",
  "pk": 80,
  "fields": {
    "name": "Can view Особенность услуги",
    "content_type": 20,
    "codename": "view_servicefeature"
  }
},
{
  "model": "auth.permission",
  "pk": 81,
  "fields": {
    "name": "Can add Этап процесса",
    "content_type": 21,
    "codename": "add_serviceprocess"
  }
},
{
  "model": "auth.permission",
  "pk": 82,
  "fields": {
    "name": "Can change Этап процесса",
    "content_type": 21,
    "codename": "change_serviceprocess"
  }
},
{
  "model": "auth.permission",
  "pk": 83,
  "fields": {
    "name": "Can delete Этап процесса",
    "content_type": 21,
    "codename": "delete_serviceprocess"
  }
},
{
  "model": "auth.permission",
  "pk": 84,
  "fields": {
    "name": "Can view Этап процесса",
    "content_type": 21,
    "codename": "view_serviceprocess"
  }
},
{
  "model": "auth.permission",
  "pk": 85,
  "fields": {
    "name": "Can add Отзыв",
    "content_type": 22,
    "codename": "add_testimonial"
  }
},
{
  "model": "auth.permission",
  "pk": 86,
  "fields": {
    "name": "Can change Отзыв",
    "content_type": 22,
    "codename": "change_testimonial"
  }
},
{
  "model": "auth.permission",
  "pk": 87,
  "fields": {
    "name": "Can delete Отзыв",
    "content_type": 22,
    "codename": "delete_testimonial"
  }
},
{
  "model": "auth.permission",
  "pk": 88,
  "fields": {
    "name": "Can view Отзыв",
    "content_type": 22,
    "codename": "view_testimonial"
  }
},
{
  "model": "auth.permission",
  "pk": 89,
  "fields": {
    "name": "Can add Кейс",
    "content_type": 23,
    "codename": "add_servicecase"
  }
},
{
  "model": "auth.permission",
  "pk": 90,
  "fields": {
    "name": "Can change Кейс",
    "content_type": 23,
    "codename": "change_servicecase"
  }
},
{
  "model": "auth.permission",
  "pk": 91,
  "fields": {
    "name": "Can delete Кейс",
    "content_type": 23,
    "codename": "delete_servicecase"
  }
},
{
  "model": "auth.permission",
  "pk": 92,
  "fields": {
    "name": "Can view Кейс",
    "content_type": 23,
    "codename": "view_servicecase"
  }
},
{
  "model": "auth.permission",
  "pk": 93,
  "fields": {
    "name": "Can add Детальная услуга",
    "content_type": 24,
    "codename": "add_servicedetail"
  }
},
{
  "model": "auth.permission",
  "pk": 94,
  "fields": {
    "name": "Can change Детальная услуга",
    "content_type": 24,
    "codename": "change_servicedetail"
  }
},
{
  "model": "auth.permission",
  "pk": 95,
  "fields": {
    "name": "Can delete Детальная услуга",
    "content_type": 24,
    "codename": "delete_servicedetail"
  }
},
{
  "model": "auth.permission",
  "pk": 96,
  "fields": {
    "name": "Can view Детальная услуга",
    "content_type": 24,
    "codename": "view_servicedetail"
  }
},
{
  "model": "auth.permission",
  "pk": 97,
  "fields": {
    "name": "Can add Пункт детальной услуги",
    "content_type": 25,
    "codename": "add_servicedetailitem"
  }
},
{
  "model": "auth.permission",
  "pk": 98,
  "fields": {
    "name": "Can change Пункт детальной услуги",
    "content_type": 25,
    "codename": "change_servicedetailitem"
  }
},
{
  "model": "auth.permission",
  "pk": 99,
  "fields": {
    "name": "Can delete Пункт детальной услуги",
    "content_type": 25,
    "codename": "delete_servicedetailitem"
  }
},
{
  "model": "auth.permission",
  "pk": 100,
  "fields": {
    "name": "Can view Пункт детальной услуги",
    "content_type": 25,
    "codename": "view_servicedetailitem"
  }
},
{
  "model": "auth.permission",
  "pk": 101,
  "fields": {
    "name": "Can add Блок объяснения",
    "content_type": 26,
    "codename": "add_serviceexplanation"
  }
},
{
  "model": "auth.permission",
  "pk": 102,
  "fields": {
    "name": "Can change Блок объяснения",
    "content_type": 26,
    "codename": "change_serviceexplanation"
  }
},
{
  "model": "auth.permission",
  "pk": 103,
  "fields": {
    "name": "Can delete Блок объяснения",
    "content_type": 26,
    "codename": "delete_serviceexplanation"
  }
},
{
  "model": "auth.permission",
  "pk": 104,
  "fields": {
    "name": "Can view Блок объяснения",
    "content_type": 26,
    "codename": "view_serviceexplanation"
  }
},
{
  "model": "auth.permission",
  "pk": 105,
  "fields": {
    "name": "Can add Партнер",
    "content_type": 27,
    "codename": "add_servicepartner"
  }
},
{
  "model": "auth.permission",
  "pk": 106,
  "fields": {
    "name": "Can change Партнер",
    "content_type": 27,
    "codename": "change_servicepartner"
  }
},
{
  "model": "auth.permission",
  "pk": 107,
  "fields": {
    "name": "Can delete Партнер",
    "content_type": 27,
    "codename": "delete_servicepartner"
  }
},
{
  "model": "auth.permission",
  "pk": 108,
  "fields": {
    "name": "Can view Партнер",
    "content_type": 27,
    "codename": "view_servicepartner"
  }
},
{
  "model": "auth.permission",
  "pk": 109,
  "fields": {
    "name": "Can add Тариф",
    "content_type": 28,
    "codename": "add_servicepricing"
  }
},
{
  "model": "auth.permission",
  "pk": 110,
  "fields": {
    "name": "Can change Тариф",
    "content_type": 28,
    "codename": "change_servicepricing"
  }
},
{
  "model": "auth.permission",
  "pk": 111,
  "fields": {
    "name": "Can delete Тариф",
    "content_type": 28,
    "codename": "delete_servicepricing"
  }
},
{
  "model": "auth.permission",
  "pk": 112,
  "fields": {
    "name": "Can view Тариф",
    "content_type": 28,
    "codename": "view_servicepricing"
  }
},
{
  "model": "auth.permission",
  "pk": 113,
  "fields": {
    "name": "Can add Функция тарифа",
    "content_type": 29,
    "codename": "add_servicepricingfeature"
  }
},
{
  "model": "auth.permission",
  "pk": 114,
  "fields": {
    "name": "Can change Функция тарифа",
    "content_type": 29,
    "codename": "change_servicepricingfeature"
  }
},
{
  "model": "auth.permission",
  "pk": 115,
  "fields": {
    "name": "Can delete Функция тарифа",
    "content_type": 29,
    "codename": "delete_servicepricingfeature"
  }
},
{
  "model": "auth.permission",
  "pk": 116,
  "fields": {
    "name": "Can view Функция тарифа",
    "content_type": 29,
    "codename": "view_servicepricingfeature"
  }
},
{
  "model": "auth.user",
  "pk": 1,
  "fields": {
    "password": "pbkdf2_sha256$870000$1bpBoi3vsAh2ywjzlKqpLj$hYNKWod73FSbJ1n1wp9xnoUQ0GrX39C+qtsThtp68sY=",
    "last_login": "2024-01-01T12:00:00Z",
    "is_superuser": true,
    "username": "admin",
    "first_name": "Алексей",
    "last_name": "Иванов",
    "email": "admin@example.com",
    "is_staff": true,
    "is_active": true,
    "date_joined": "2024-01-01T12:00:00Z",
    "groups": [],
    "user_permissions": []
  }
},
{
  "model": "auth.user",
  "pk": 2,
  "fields": {
    "password": "pbkdf2_sha256$390000$CrNvZAWtM4kMdAU5qS5pDw$Jv3klExzz0Kc9X+X+PpQZ/u7W7MU7jOl0fdfXp9T/lA=",
    "last_login": "2024-01-01T12:00:00Z",
    "is_superuser": false,
    "username": "maria",
    "first_name": "Мария",
    "last_name": "Петрова",
    "email": "maria@example.com",
    "is_staff": true,
    "is_active": true,
    "date_joined": "2024-01-01T12:00:00Z",
    "groups": [],
    "user_permissions": []
  }
},
{
  "model": "auth.user",
  "pk": 3,
  "fields": {
    "password": "pbkdf2_sha256$390000$CrNvZAWtM4kMdAU5qS5pDw$Jv3klExzz0Kc9X+X+PpQZ/u7W7MU7jOl0fdfXp9T/lA=",
    "last_login": "2024-01-01T12:00:00Z",
    "is_superuser": false,
    "username": "elena",
    "first_name": "Елена",
    "last_name": "Соколова",
    "email": "elena@example.com",
    "is_staff": true,
    "is_active": true,
    "date_joined": "2024-01-01T12:00:00Z",
    "groups": [],
    "user_permissions": []
  }
},
{
  "model": "auth.user",
  "pk": 4,
  "fields": {
    "password": "pbkdf2_sha256$870000$qRduPt2J5b5uFt2MZ9sRsi$lGcRjW55igcXWnWwWIsn+C7EJzzeSi0Hi2VcmtP/bco=",
    "last_login": "2025-04-12T10:13:17.042Z",
    "is_superuser": true,
    "username": "igorantonov",
    "first_name": "",
    "last_name": "",
    "email": "",
    "is_staff": true,
    "is_active": true,
    "date_joined": "2025-04-12T10:12:59.693Z",
    "groups": [],
    "user_permissions": []
  }
},
{
  "model": "contenttypes.contenttype",
  "pk": 1,
  "fields": {
    "app_label": "admin",
    "model": "logentry"
  }
},
{
  "model": "contenttypes.contenttype",
  "pk": 2,
  "fields": {
    "app_label": "auth",
    "model": "permission"
  }
},
{
  "model": "contenttypes.contenttype",
  "pk": 3,
  "fields": {
    "app_label": "auth",
    "model": "group"
  }
},
{
  "model": "contenttypes.contenttype",
  "pk": 4,
  "fields": {
    "app_label": "auth",
    "model": "user"
  }
},
{
  "model": "contenttypes.contenttype",
  "pk": 5,
  "fields": {
    "app_label": "contenttypes",
    "model": "contenttype"
  }
},
{
  "model": "contenttypes.contenttype",
  "pk": 6,
  "fields": {
    "app_label": "sessions",
    "model": "session"
  }
},
{
  "model": "contenttypes.contenttype",
  "pk": 7,
  "fields": {
    "app_label": "core",
    "model": "category"
  }
},
{
  "model": "contenttypes.contenttype",
  "pk": 8,
  "fields": {
    "app_label": "core",
    "model": "contactrequest"
  }
},
{
  "model": "contenttypes.contenttype",
  "pk": 9,
  "fields": {
    "app_label": "core",
    "model": "expertise"
  }
},
{
  "model": "contenttypes.contenttype",
  "pk": 10,
  "fields": {
    "app_label": "core",
    "model": "tag"
  }
},
{
  "model": "contenttypes.contenttype",
  "pk": 11,
  "fields": {
    "app_label": "core",
    "model": "profile"
  }
},
{
  "model": "contenttypes.contenttype",
  "pk": 12,
  "fields": {
    "app_label": "blog",
    "model": "post"
  }
},
{
  "model": "contenttypes.contenttype",
  "pk": 13,
  "fields": {
    "app_label": "blog",
    "model": "comment"
  }
},
{
  "model": "contenttypes.contenttype",
  "pk": 14,
  "fields": {
    "app_label": "cases",
    "model": "case"
  }
},
{
  "model": "contenttypes.contenttype",
  "pk": 15,
  "fields": {
    "app_label": "cases",
    "model": "caseimage"
  }
},
{
  "model": "contenttypes.contenttype",
  "pk": 16,
  "fields": {
    "app_label": "contacts",
    "model": "contactrequest"
  }
},
{
  "model": "contenttypes.contenttype",
  "pk": 17,
  "fields": {
    "app_label": "services",
    "model": "service"
  }
},
{
  "model": "contenttypes.contenttype",
  "pk": 18,
  "fields": {
    "app_label": "services",
    "model": "faq"
  }
},
{
  "model": "contenttypes.contenttype",
  "pk": 19,
  "fields": {
    "app_label": "services",
    "model": "servicebenefit"
  }
},
{
  "model": "contenttypes.contenttype",
  "pk": 20,
  "fields": {
    "app_label": "services",
    "model": "servicefeature"
  }
},
{
  "model": "contenttypes.contenttype",
  "pk": 21,
  "fields": {
    "app_label": "services",
    "model": "serviceprocess"
  }
},
{
  "model": "contenttypes.contenttype",
  "pk": 22,
  "fields": {
    "app_label": "testimonials",
    "model": "testimonial"
  }
},
{
  "model": "contenttypes.contenttype",
  "pk": 23,
  "fields": {
    "app_label": "services",
    "model": "servicecase"
  }
},
{
  "model": "contenttypes.contenttype",
  "pk": 24,
  "fields": {
    "app_label": "services",
    "model": "servicedetail"
  }
},
{
  "model": "contenttypes.contenttype",
  "pk": 25,
  "fields": {
    "app_label": "services",
    "model": "servicedetailitem"
  }
},
{
  "model": "contenttypes.contenttype",
  "pk": 26,
  "fields": {
    "app_label": "services",
    "model": "serviceexplanation"
  }
},
{
  "model": "contenttypes.contenttype",
  "pk": 27,
  "fields": {
    "app_label": "services",
    "model": "servicepartner"
  }
},
{
  "model": "contenttypes.contenttype",
  "pk": 28,
  "fields": {
    "app_label": "services",
    "model": "servicepricing"
  }
},
{
  "model": "contenttypes.contenttype",
  "pk": 29,
  "fields": {
    "app_label": "services",
    "model": "servicepricingfeature"
  }
},
{
  "model": "sessions.session",
  "pk": "zk4h87h07a26z8jvdvdxju6j5d3q4xdl",
  "fields": {
    "session_data": ".eJxVjEEOwiAQRe_C2pAyCIJL9z0DGYZBqgaS0q6Md7dNutDtf-_9twi4LiWsnecwJXEVZ3H63SLSk-sO0gPrvUlqdZmnKHdFHrTLsSV-3Q7376BgL1uNYDxlVgjZJWCro6PkvPXaao5kNWUaDCg0NhkD4LzmjV9AsyIDg_h8AfSqN7E:1u3XrR:wDzRrCdift0yBMezWfK6teSZXOVN3B1WXfojB9T3kpU",
    "expire_date": "2025-04-26T10:13:17.044Z"
  }
},
{
  "model": "core.category",
  "pk": 1,
  "fields": {
    "name": "Email-маркетинг",
    "slug": "email-marketing",
    "description": "Всё об эффективных email-кампаниях: от основ до продвинутых техник. Гайды по повышению открываемости и конверсии, разборы современных трендов, кейсы успешных рассылок и советы по выбору сервисов"
  }
},
{
  "model": "core.category",
  "pk": 2,
  "fields": {
    "name": "SEO",
    "slug": "seo",
    "description": "Всё о поисковой оптимизации: свежие алгоритмы Google и Яндекса, работа с трафиком, SEO-аналитика и прогнозы. Практические руководства, кейсы и разборы трендов для маркетологов, владельцев бизнеса и веб-мастеров."
  }
},
{
  "model": "core.category",
  "pk": 3,
  "fields": {
    "name": "SMM",
    "slug": "smm",
    "description": "Всё о SMM: стратегии продвижения, тренды соцсетей, работа с контентом и таргетированной рекламой. Практические кейсы, инструкции и лайфхаки для привлечения клиентов через Facebook, Instagram, TikTok и другие платформы."
  }
},
{
  "model": "core.tag",
  "pk": 1,
  "fields": {
    "name": "Email",
    "slug": "email"
  }
},
{
  "model": "core.tag",
  "pk": 2,
  "fields": {
    "name": "Гайды",
    "slug": "gajdy"
  }
},
{
  "model": "core.tag",
  "pk": 3,
  "fields": {
    "name": "SEO",
    "slug": "seo"
  }
},
{
  "model": "core.tag",
  "pk": 4,
  "fields": {
    "name": "SMM",
    "slug": "smm"
  }
},
{
  "model": "core.profile",
  "pk": 1,
  "fields": {
    "user": 1,
    "photo": "",
    "bio": null,
    "position": null,
    "company": null,
    "linkedin_url": null,
    "twitter_url": null,
    "github_url": null,
    "website_url": null,
    "years_experience": 0,
    "expertise": []
  }
},
{
  "model": "core.profile",
  "pk": 4,
  "fields": {
    "user": 2,
    "photo": "",
    "bio": null,
    "position": null,
    "company": null,
    "linkedin_url": null,
    "twitter_url": null,
    "github_url": null,
    "website_url": null,
    "years_experience": 0,
    "expertise": []
  }
},
{
  "model": "core.profile",
  "pk": 5,
  "fields": {
    "user": 3,
    "photo": "",
    "bio": null,
    "position": null,
    "company": null,
    "linkedin_url": null,
    "twitter_url": null,
    "github_url": null,
    "website_url": null,
    "years_experience": 0,
    "expertise": []
  }
},
{
  "model": "core.profile",
  "pk": 6,
  "fields": {
    "user": 4,
    "photo": "",
    "bio": null,
    "position": null,
    "company": null,
    "linkedin_url": null,
    "twitter_url": null,
    "github_url": null,
    "website_url": null,
    "years_experience": 0,
    "expertise": []
  }
},
{
  "model": "blog.post",
  "pk": 1,
  "fields": {
    "title": "Email-маркетинг в 2025: как повысить открываемость и конверсию",
    "slug": "kak-povysit-otkryvaemost-email",
    "preview_text": "Разберемся, какие техники и инструменты помогут вашим письмам выделиться и принести результат.",
    "content": "Email-маркетинг в 2025: как повысить открываемость и конверсию\r\nВ эпоху цифровой трансформации email-маркетинг остается одним из самых эффективных каналов коммуникации с аудиторией. Однако к 2025 году правила игры изменились: искусственный интеллект, гиперперсонализация и интерактивность стали не просто трендами, а обязательными элементами успешных кампаний. Разберемся, какие техники и инструменты помогут вашим письмам выделиться и принести результат.\r\n\r\n1. Тренды 2025: что изменилось?\r\nAI-оптимизация контента: Алгоритмы на базе искусственного интеллекта анализируют поведение пользователей и автоматически генерируют заголовки, тексты и CTA. Например, сервисы вроде Phrasee или Persado используют нейросети, чтобы увеличить открываемость на 20-30%.\r\n\r\nAMP для email: Технология Accelerated Mobile Pages позволяет внедрять в письма интерактивные элементы — формы бронирования, карусели товаров или даже мини-игры. Так, бренд ASOS использует AMP, чтобы клиенты могли добавлять товары в корзину прямо из письма, что повысило конверсию на 15%.\r\n\r\nГолосовая адаптация: 40% пользователей проверяют почту через умные колонки. Краткие, структурированные тексты с ключевыми фразами («акция», «скидка», «эксклюзив») лучше воспринимаются на слух.\r\n\r\n2. Инструменты и техники для прорыва\r\nГиперперсонализация\r\nСегментация аудитории ушла на новый уровень: теперь письма формируются на основе данных из CRM, соцсетей и даже IoT-устройств. Пример: Starbucks рассылает предложения о кофе, учитывая погоду в городе получателя.\r\n\r\nДинамический контент\r\nВместо статичных шаблонов — адаптивные блоки, которые меняются в зависимости от поведения пользователя. Например, сервис Netflix отправляет подборки фильмов, основываясь на истории просмотров.\r\n\r\nАвтоматизация с предсказательной аналитикой\r\nПлатформы вроде HubSpot или SendPredict анализируют, когда пользователь чаще всего открывает письма, и автоматически выбирают оптимальное время отправки. Тест для бренда Nike показал рост открываемости на 25% при использовании таких инструментов.\r\n\r\n3. Как избежать спама и улучшить доставляемость\r\nАутентификация писем: Настройка SPF, DKIM и DMARC — обязательный минимум. Компания Zara после внедрения DMARC сократила процент попадания в спам на 40%.\r\n\r\nМикровзаимодействия: Добавьте в письма кнопки «Нет, спасибо» или «Настроить рассылку». Это снижает количество жалоб и повышает лояльность.\r\n\r\nСоблюдение GDPR и CCPA: Яркие чек-боксы и прозрачная политика подписки критически важны.\r\n\r\n4. Аналитика и тестирование\r\nA/B-тесты для всего: Тестируйте не только заголовки, но и время отправки, цвет кнопок и даже эмодзи. Например, бренд Sephora увеличил CTR на 10%, заменив красную кнопку на оранжевую.\r\n\r\nHeatmap для email: Сервисы вроде Litmus показывают, на какие элементы письма пользователи обращают внимание.\r\n\r\n5. Кейсы успеха\r\nSpotify: Их рассылка «Ваш год в музыке» использует персонализированные плейлисты и данные прослушиваний, что дает 65% открываемости.\r\n\r\nAmazon: AI-рекомендации товаров в письмах приносят 35% конверсии благодаря динамическому контенту.\r\n\r\nВ 2025 году email-маркетинг — это симбиоз технологий и креатива. Внедряйте AI, экспериментируйте с интерактивностью и не забывайте о доверии аудитории. Помните: даже самое продвинутое письмо не сработает, если оно не решает проблему пользователя. Начните с малого — проанализируйте данные, сегментируйте базу и тестируйте гипотезы. Результат не заставит себя ждать.\r\n\r\nP.S. Что попробовать уже сегодня? Запустите AMP-письмо с формой обратной связи или подключите AI-сервис для генерации заголовков. Делитесь вашими экспериментами в комментариях!",
    "created_at": "2025-04-12T10:22:13Z",
    "updated_at": "2025-04-12T10:32:31.219Z",
    "is_published": true,
    "featured_image": "blog/blog-email-povishaemost-otkryvaemosty.png",
    "category": 1,
    "author": 1,
    "meta_title": "Email-маркетинг в 2025: как повысить открываемость и конверсию с помощью AI и интерактивности",
    "meta_description": "В 2025 году email-маркетинг стал умнее и динамичнее. Узнайте, как AI, гиперперсонализация и AMP-письма увеличивают открываемость и конверсию. Разбираем актуальные инструменты, работающие стратегии и реальные кейсы брендов. Читайте и внедряйте!",
    "is_featured": true,
    "tags": [
      1,
      2
    ]
  }
},
{
  "model": "blog.post",
  "pk": 2,
  "fields": {
    "title": "10 SEO-трендов 2025 года, которые нельзя игнорировать",
    "slug": "10-seo-trendov-kotorye-nelzya-ignorirovat",
    "preview_text": "В 2025 году поисковая оптимизация переживает радикальные изменения, связанные с развитием ИИ, новыми форматами поиска и растущими требованиями к пользовательскому опыту.",
    "content": "В 2025 году поисковая оптимизация переживает радикальные изменения, связанные с развитием ИИ, новыми форматами поиска и растущими требованиями к пользовательскому опыту. Вот ключевые тренды, которые определяют успех SEO-стратегий.\r\n1. Глубокий анализ поискового интента\r\nПоисковые системы стали лучше понимать контекст запросов. Теперь недостаточно просто использовать ключевые слова — контент должен точно соответствовать намерениям пользователей. Например, запрос «лучший ноутбук» может требовать сравнения моделей, а не обзора истории брендов.\r\n\r\nИспользуйте инструменты вроде Google’s «People Also Ask» для анализа вопросов аудитории 1.\r\n\r\nСоздавайте контент в форматах, которые решают проблему: гайды, чек-листы, видеоинструкции 211.\r\n\r\n2. Борьба за Zero-Click поиски\r\nОтветы в AI Overviews (Google) и «Нейро» (Яндекс) сокращают переходы на сайты. Чтобы остаться в выдаче:\r\n\r\nОптимизируйте контент под структурированные сниппеты через schema-разметку 111.\r\n\r\nИспользуйте формат «вопрос-ответ» и четкие подзаголовки 4.\r\n\r\nФокусируйтесь на уникальных данных, которые ИИ не может сгенерировать самостоятельно 49.\r\n\r\n3. ИИ как помощник и угроза\r\nНейросети ускоряют анализ данных и генерацию контента, но их массовое применение привело к ужесточению фильтров:\r\n\r\nGoogle пессимизирует сайты с шаблонным AI-контентом 9.\r\n\r\nИспользуйте ИИ для рутинных задач (сбор семантики, идеи для статей), но финальную редактуру доверяйте экспертам 47.\r\n\r\n4. Мобильная оптимизация как базис\r\nДоля мобильного трафика превышает 70%, а Google использует mobile-first индексацию. Критически важны:\r\n\r\nСкорость загрузки (оптимизация изображений, минимизация кода) 26.\r\n\r\nАдаптивный дизайн без «нарезки» десктопной версии 2.\r\n\r\n5. Голосовой поиск: разговорный стиль\r\n40% запросов совершаются через голосовых помощников. Для адаптации:\r\n\r\nВнедряйте длинные ключевые фразы («как приготовить лазанью за 30 минут») 611.\r\n\r\nСоздавайте FAQ-разделы с естественными формулировками 11.\r\n\r\n6. Видеоконтент и SEO-синергия\r\nВидео повышает вовлеченность и ранжирование:\r\n\r\nДобавляйте субтитры и транскрипты для индексации 11.\r\n\r\nИспользуйте YouTube как поисковую платформу, оптимизируя описания и теги 11.\r\n\r\n7. Локальное SEO: геотаргетинг 2.0\r\nАлгоритмы точнее определяют локацию пользователей. Действия:\r\n\r\nОбновите информацию в Google Business Profile и Яндекс.Справочнике 211.\r\n\r\nСоздавайте контент с упоминанием городов («кофейни в Москве») 9.\r\n\r\n8. E-E-A-T: экспертиза как валюта\r\nGoogle и Яндекс требуют подтверждения опыта авторов. Решения:\r\n\r\nПубликуйте кейсы с реальными данными и автобиографии экспертов 111.\r\n\r\nПривлекайте отраслевых лидеров к созданию контента 9.\r\n\r\n9. Диверсификация трафика\r\nСоцсети (TikTok, Reddit) и маркетплейсы конкурируют с традиционным поиском:\r\n\r\nРазмещайте экспертные статьи на Reddit и Quora 5.\r\n\r\nОптимизируйте карточки товаров на маркетплейсах под внутренний поиск 9.\r\n\r\n10. UX как фактор ранжирования\r\nGoogle учитывает поведенческие метрики (время на сайте, глубина прокрутки). Улучшайте:\r\n\r\nНавигацию (не более 3 кликов до целевой страницы) 2.\r\n\r\nЧитаемость текстов (короткие абзацы, инфографика) 11.\r\n\r\nSEO в 2025 году требует баланса между технологиями и человекоориентированным подходом. Ключевые приоритеты — глубокая аналитика интента, адаптация к AI-поиску и создание экспертного контента. Компании, которые внедрят эти тренды, смогут не только удержать позиции, но и увеличить органический трафик в условиях растущей конкуренции.",
    "created_at": "2025-04-12T10:32:40Z",
    "updated_at": "2025-04-12T10:37:01.108Z",
    "is_published": true,
    "featured_image": "blog/seo-blog-10-factor.png",
    "category": 2,
    "author": 1,
    "meta_title": "SEO в 2025: 10 ключевых трендов для роста трафика",
    "meta_description": "Какие изменения в SEO ждут нас в 2025 году? Разбираем 10 главных трендов: от AI-поиска до голосового SEO. Узнайте, как адаптировать стратегию, чтобы остаться в топе выдачи и обойти конкурентов.",
    "is_featured": true,
    "tags": [
      2,
      3
    ]
  }
},
{
  "model": "blog.post",
  "pk": 3,
  "fields": {
    "title": "Как построить эффективную стратегию продвижения в социальных сетях: Пошаговое руководство",
    "slug": "poshagovoe-rukovodstvo-smm",
    "preview_text": "<p>Разбираем, как создать SMM-план, который принесет результат.</p>",
    "content": "<p>Социальные сети &mdash; это не просто площадка для общения, а мощный инструмент для увеличения продаж и укрепления лояльности аудитории. Однако хаотичные публикации и рекламные баннеры не работают. Нужна четкая стратегия, основанная на данных, целях и глубоком понимании ЦА. Разбираем, как создать SMM-план, который принесет результат.</p>\r\n<h2>Шаг 1. Постановка целей: Что вы хотите получить?</h2>\r\n<p>Без конкретных целей стратегия превратится в набор случайных действий. Используйте метод SMART: Примеры целей:</p>\r\n<ul>\r\n<li>Увеличить продажи на 25% через Instagram за 6 месяцев.</li>\r\n<li>Повысить узнаваемость бренда: рост упоминаний в соцсетях на 40% к концу года.</li>\r\n<li>Привлечь 10 000 подписчиков в Telegram-канал за 3 месяца.</li>\r\n</ul>\r\n<h2>Шаг 2. Анализ целевой аудитории: Кто ваши клиенты?</h2>\r\n<p>Определите:</p>\r\n<ul>\r\n<li>Демография: возраст, пол, геолокация.</li>\r\n<li>Интересы: какие сообщества посещают, какой контент лайкают.</li>\r\n<li>Проблемы: какие боли решает ваш продукт.</li>\r\n</ul>\r\n<p>Инструменты для анализа:</p>\r\n<ul>\r\n<li>Социологические опросы (Google Forms, Typeform).&nbsp;</li>\r\n<li>Аналитика соцсетей (Instagram Insights, Facebook Audience Insights).</li>\r\n<li>Сервисы вроде Brand Analytics (Яндекс) или SparkToro.</li>\r\n</ul>\r\n<h2>Шаг 3. Выбор платформ: Где &laquo;живет&raquo; ваша аудитория?</h2>\r\n<p>Не пытайтесь охватить все сети. Сфокусируйтесь на 2-3 ключевых:</p>\r\n<ul>\r\n<li>B2B:&nbsp;LinkedIn, Twitter, Telegram.</li>\r\n<li>B2C: Instagram, TikTok, Facebook.</li>\r\n<li>Нишевые проекты: Pinterest (товары для творчества), Reddit (технологии).</li>\r\n</ul>\r\n<h2>Шаг 4. Контент-стратегия: О чем говорить с аудиторией?</h2>\r\n<p>Правило 80/20: 80% полезного контента, 20% продаж. Форматы, которые работали в 2024 также будут работать и в 2025:</p>\r\n<ul>\r\n<li>Видео: короткие ролики (Reels, TikTok), обучающие вебинары.</li>\r\n<li>UGC (User Generated Content): отзывы клиентов, конкурсы.</li>\r\n<li>Интерактив: опросы, тесты, Q&amp;A-сессии.</li>\r\n<li>Экспертный контент: кейсы, чек-листы, инфографика.</li>\r\n</ul>\r\n<p>Пример контент-плана для Instagram:</p>\r\n<ol>\r\n<li>Понедельник: Образовательный пост (лайфхаки).</li>\r\n<li>Среда: Видеоотзыв клиента.</li>\r\n<li>Пятница: Акция с розыгрышем.</li>\r\n<li>Воскресенье: Прямой эфир с ответами на вопросы.</li>\r\n</ol>\r\n<h2>Шаг 5. Инструменты для автоматизации и аналитики</h2>\r\n<ol>\r\n<li>Планирование публикаций: Hootsuite, Buffer, SMMPlanner.</li>\r\n<li>Дизайн: Canva, Figma, Adobe Express.</li>\r\n<li>Аналитика: Яндекс Метрика, социальные Insights, NapoleonCat.</li>\r\n<li>Мониторинг упоминаний: Brand24, YouScan.</li>\r\n</ol>\r\n<h2>Шаг 6. Реклама в соцсетях: Как настроить таргетинг</h2>\r\n<p>Даже органический трафик требует поддержки рекламой.</p>\r\n<p>Советы по запуску кампаний:</p>\r\n<ul>\r\n<li>Сегментируйте аудиторию (например, &laquo;женщины 25-34 лет, интересующиеся ЗОЖ&raquo;).</li>\r\n<li>Тестируйте разные креативы: видео vs. картинки, эмоциональные vs. рациональные призывы.</li>\r\n<li>Используйте ретаргетинг для тех, кто посещал сайт, но не купил.</li>\r\n<li>Оптимальные бюджеты для старта: $100&ndash;300 в месяц на тестирование гипотез.</li>\r\n</ul>\r\n<h2>Шаг 7. Оценка эффективности: Какие метрики отслеживать?</h2>\r\n<ul>\r\n<li>Вовлеченность: ER (Engagement Rate) = (Лайки + Комментарии + Репосты) / Подписчики &times; 100%.</li>\r\n<li>Конверсии: CTR (кликабельность ссылок), стоимость лида (CPL).</li>\r\n<li>Продажи: ROAS (Return on Ad Spend) = Доход от рекламы / Затраты на рекламу.</li>\r\n<li>Важно: Корректируйте стратегию каждые 2&ndash;3 месяца на основе данных.</li>\r\n</ul>\r\n<blockquote></blockquote>\r\n<p>Кейс: Как локальный кофешоп увеличил продажи через Instagram</p>\r\n<blockquote>\r\n<ul>\r\n<li>Цель: +30% к выручке за 4 месяца.</li>\r\n<li>Аудитория: женщины 25&ndash;45 лет, ценящие экологичность.</li>\r\n<li>Контент: Видео с процессом обжарки зерен. Конкурс репостов с хештегом #МойИдеальныйКофе. Stories с опросом &laquo;Какой новый сорт вы хотите?&raquo;.</li>\r\n<li>Результат: Рост подписчиков на 120%. Продажи выросли на 45%.</li>\r\n</ul>\r\n</blockquote>\r\n<blockquote></blockquote>\r\n<p>Эффективная SMM-стратегия &mdash; это не только креатив, но и система. Начните с анализа аудитории, выберите подходящие каналы, создавайте контент, который решает проблемы клиентов, и постоянно тестируйте гипотезы. Используйте автоматизацию, чтобы экономить время, а метрики &mdash; чтобы принимать решения на основе данных.</p>\r\n<p>Главный секрет: Соцсети любят диалог. Отвечайте на комментарии, задавайте вопросы, поддерживайте обратную связь &mdash; так вы превратите подписчиков в лояльных клиентов.</p>",
    "created_at": "2025-04-12T10:38:16Z",
    "updated_at": "2025-04-12T11:56:27.154Z",
    "is_published": true,
    "featured_image": "blog/smm-blog-strategy.png",
    "category": 3,
    "author": 1,
    "meta_title": "Как разработать SMM-стратегию, которая увеличит продажи",
    "meta_description": "<p>Хотите, чтобы соцсети приносили клиентов? В этом руководстве &mdash; пошаговый план создания SMM-стратегии: от анализа аудитории до контент-плана и рекламы. Разбираем инструменты, метрики и работающие фишки для бизнеса любого масштаба.</p>",
    "is_featured": true,
    "tags": [
      2,
      4
    ]
  }
},
{
  "model": "cases.case",
  "pk": 1,
  "fields": {
    "title": "SEO-продвижение интернет-магазина косметики",
    "slug": "seo-prodvizhenie-internet-magazina-kosmetiki",
    "short_description": "<p><span>Увеличение органического трафика и рост продаж за счёт комплексного SEO.</span></p>",
    "client": "Lumi Beauty",
    "content": "<ul>\r\n<li>\r\n<p>Аудит сайта, исправление технических ошибок.</p>\r\n</li>\r\n<li>\r\n<p>Оптимизация структуры и метатегов.</p>\r\n</li>\r\n<li>\r\n<p>Создание SEO-контента (блог, карточки товаров).</p>\r\n</li>\r\n<li>\r\n<p>Наращивание ссылочной массы.</p>\r\n</li>\r\n<li>\r\n<p>Локализация под региональные запросы.</p>\r\n</li>\r\n</ul>",
    "result": "<p>Рост трафика +240%</p>",
    "featured_image": "cases/seo-case-kosmetika.png",
    "created_at": "2025-04-12T11:57:55Z",
    "is_published": true,
    "meta_title": "SEO-продвижение интернет-магазина косметики – кейс Lumi Beauty",
    "meta_description": "<p><span>Как мы увеличили трафик на 240% и вывели интернет-магазин косметики в ТОП Google. Реальные цифры и стратегия продвижения.</span></p>",
    "is_featured": true,
    "categories": [
      2
    ],
    "services": []
  }
},
{
  "model": "services.service",
  "pk": 1,
  "fields": {
    "name": "seo",
    "slug": "seo",
    "title": "SEO-продвижение для вашего бизнеса",
    "description": "<p>Оптимизируем ваш сайт для поисковых систем, увеличивая органический трафик и привлекая целевую аудиторию.</p>",
    "full_description": "<p>Комплексное продвижение вашего сайта в поисковых системах для привлечения целевого трафика и увеличения конверсии.</p>",
    "icon_svg": "<svg class=\"w-7 h-7 md:w-8 md:h-8\" fill=\"none\" stroke=\"currentColor\" viewBox=\"0 0 24 24\" xmlns=\"http://www.w3.org/2000/svg\"><path stroke-linecap=\"round\" stroke-linejoin=\"round\" stroke-width=\"2\" d=\"M15 15l-2 5L9 9l11 4-5 2zm0 0l5 5M7.188 2.239l.777 2.897M5.136 7.965l-2.898-.777M13.95 4.05l-2.122 2.122m-5.657 5.656l-2.12 2.122\"></path></svg>",
    "icon": "",
    "image": "",
    "is_active": true,
    "is_featured": true,
    "order": 1,
    "meta_title": "SEO-продвижение - Услуги продвижения сайтов",
    "meta_description": "<p>Профессиональные услуги SEO-продвижения для вашего бизнеса. Увеличение органического трафика и конверсии.</p>",
    "created_at": "2024-01-01T12:00:00Z",
    "updated_at": "2025-04-12T17:58:32.045Z",
    "hero_title": "SEO-продвижение для вашего бизнеса",
    "hero_description": "<p>Оптимизируем ваш сайт для поисковых систем, увеличивая органический трафик и привлекая целевую аудиторию.</p>",
    "hero_image": "",
    "explanation_title": "Что такое SEO-продвижение?",
    "explanation_subtitle": "<p>Почему SEO-продвижение является одним из самых эффективных инструментов digital-маркетинга</p>",
    "process_title": "Как мы работаем",
    "process_subtitle": "<p>Прозрачный процесс SEO-продвижения вашего сайта от начала до получения результатов</p>",
    "services_title": "Наши услуги по SEO-продвижению",
    "services_subtitle": "<p>Комплексный подход к оптимизации вашего сайта для достижения максимальных результатов</p>",
    "benefits_title": "Преимущества SEO-продвижения",
    "benefits_subtitle": "<p>Почему SEO-продвижение является одним из самых эффективных инструментов digital-маркетинга</p>",
    "cases_title": "Наши успешные кейсы",
    "cases_subtitle": "<p>Реальные результаты SEO-продвижения наших клиентов</p>",
    "pricing_title": "Тарифы на SEO-продвижение",
    "pricing_subtitle": "<p>Выберите оптимальный тариф для вашего бизнеса</p>",
    "partners_title": "Наши партнеры и инструменты",
    "partners_subtitle": "<p>Мы используем профессиональные инструменты и сотрудничаем с ведущими платформами</p>",
    "faq_title": "Часто задаваемые вопросы",
    "faq_subtitle": "<p>Отвечаем на популярные вопросы о SEO-продвижении</p>",
    "contact_title": "Закажите SEO-продвижение",
    "contact_subtitle": "<p>Заполните форму, и мы свяжемся с вами для обсуждения деталей и составления индивидуального предложения.</p>",
    "contact_phone": "+7 (999) 999-99-99",
    "contact_email": "info@boldrise.ru"
  }
},
{
  "model": "services.service",
  "pk": 2,
  "fields": {
    "name": "email",
    "slug": "email",
    "title": "Email-маркетинг",
    "description": "Разработка и реализация стратегий email-маркетинга для построения отношений с клиентами и увеличения продаж.",
    "full_description": "<p>Эффективные email-кампании для привлечения новых клиентов, удержания существующих и повышения лояльности к бренду.</p>",
    "icon_svg": "<svg class=\"w-7 h-7 md:w-8 md:h-8\" fill=\"none\" stroke=\"currentColor\" viewBox=\"0 0 24 24\" xmlns=\"http://www.w3.org/2000/svg\"><path stroke-linecap=\"round\" stroke-linejoin=\"round\" stroke-width=\"2\" d=\"M3 8l7.89 5.26a2 2 0 002.22 0L21 8M5 19h14a2 2 0 002-2V7a2 2 0 00-2-2H5a2 2 0 00-2 2v10a2 2 0 002 2z\"></path></svg>",
    "icon": "",
    "image": "",
    "is_active": true,
    "is_featured": true,
    "order": 2,
    "meta_title": "Email-маркетинг - Эффективные стратегии рассылок",
    "meta_description": "Разработка и внедрение эффективных стратегий email-маркетинга для роста продаж и удержания клиентов.",
    "created_at": "2024-01-01T12:00:00Z",
    "updated_at": "2024-01-01T12:00:00Z",
    "hero_title": "",
    "hero_description": "",
    "hero_image": "",
    "explanation_title": "",
    "explanation_subtitle": "",
    "process_title": "",
    "process_subtitle": "",
    "services_title": "",
    "services_subtitle": "",
    "benefits_title": "",
    "benefits_subtitle": "",
    "cases_title": "",
    "cases_subtitle": "",
    "pricing_title": "",
    "pricing_subtitle": "",
    "partners_title": "",
    "partners_subtitle": "",
    "faq_title": "",
    "faq_subtitle": "",
    "contact_title": "",
    "contact_subtitle": "",
    "contact_phone": "",
    "contact_email": ""
  }
},
{
  "model": "services.service",
  "pk": 3,
  "fields": {
    "name": "content",
    "slug": "content",
    "title": "Контент-маркетинг",
    "description": "Создание и продвижение ценного контента для привлечения и удержания целевой аудитории и повышения доверия к бренду.",
    "full_description": "<p>Стратегическое создание и распространение полезного контента для привлечения целевой аудитории, укрепления репутации бренда и роста продаж.</p>",
    "icon_svg": "<svg class=\"w-7 h-7 md:w-8 md:h-8\" fill=\"none\" stroke=\"currentColor\" viewBox=\"0 0 24 24\" xmlns=\"http://www.w3.org/2000/svg\"><path stroke-linecap=\"round\" stroke-linejoin=\"round\" stroke-width=\"2\" d=\"M9.75 17L9 20l-1 1h8l-1-1-.75-3M3 13h18M5 17h14a2 2 0 002-2V5a2 2 0 00-2-2H5a2 2 0 00-2 2v10a2 2 0 002 2z\"></path></svg>",
    "icon": "",
    "image": "",
    "is_active": true,
    "is_featured": true,
    "order": 3,
    "meta_title": "Контент-маркетинг - Создание ценного контента",
    "meta_description": "Профессиональные услуги по созданию и продвижению контента, который привлекает клиентов и повышает доверие к бренду.",
    "created_at": "2024-01-01T12:00:00Z",
    "updated_at": "2024-01-01T12:00:00Z",
    "hero_title": "",
    "hero_description": "",
    "hero_image": "",
    "explanation_title": "",
    "explanation_subtitle": "",
    "process_title": "",
    "process_subtitle": "",
    "services_title": "",
    "services_subtitle": "",
    "benefits_title": "",
    "benefits_subtitle": "",
    "cases_title": "",
    "cases_subtitle": "",
    "pricing_title": "",
    "pricing_subtitle": "",
    "partners_title": "",
    "partners_subtitle": "",
    "faq_title": "",
    "faq_subtitle": "",
    "contact_title": "",
    "contact_subtitle": "",
    "contact_phone": "",
    "contact_email": ""
  }
},
{
  "model": "services.service",
  "pk": 4,
  "fields": {
    "name": "smm",
    "slug": "smm",
    "title": "SMM-продвижение",
    "description": "Разработка и реализация стратегий продвижения в социальных сетях для увеличения узнаваемости бренда и привлечения клиентов.",
    "full_description": "<p>Комплексное управление вашими аккаунтами в социальных сетях для увеличения охвата, вовлеченности и конверсии.</p>",
    "icon_svg": "<svg class=\"w-7 h-7 md:w-8 md:h-8\" fill=\"none\" stroke=\"currentColor\" viewBox=\"0 0 24 24\" xmlns=\"http://www.w3.org/2000/svg\"><path stroke-linecap=\"round\" stroke-linejoin=\"round\" stroke-width=\"2\" d=\"M9 19v-6a2 2 0 00-2-2H5a2 2 0 00-2 2v6a2 2 0 002 2h2a2 2 0 002-2zm0 0V9a2 2 0 012-2h2a2 2 0 012 2v10m-6 0a2 2 0 002 2h2a2 2 0 002-2m0 0V5a2 2 0 012-2h2a2 2 0 012 2v14a2 2 0 01-2 2h-2a2 2 0 01-2-2z\"></path></svg>",
    "icon": "",
    "image": "",
    "is_active": true,
    "is_featured": true,
    "order": 4,
    "meta_title": "SMM-продвижение - Эффективное продвижение в социальных сетях",
    "meta_description": "Профессиональное продвижение вашего бренда в социальных сетях для роста узнаваемости и увеличения продаж.",
    "created_at": "2024-01-01T12:00:00Z",
    "updated_at": "2024-01-01T12:00:00Z",
    "hero_title": "",
    "hero_description": "",
    "hero_image": "",
    "explanation_title": "",
    "explanation_subtitle": "",
    "process_title": "",
    "process_subtitle": "",
    "services_title": "",
    "services_subtitle": "",
    "benefits_title": "",
    "benefits_subtitle": "",
    "cases_title": "",
    "cases_subtitle": "",
    "pricing_title": "",
    "pricing_subtitle": "",
    "partners_title": "",
    "partners_subtitle": "",
    "faq_title": "",
    "faq_subtitle": "",
    "contact_title": "",
    "contact_subtitle": "",
    "contact_phone": "",
    "contact_email": ""
  }
},
{
  "model": "services.service",
  "pk": 5,
  "fields": {
    "name": "orm",
    "slug": "orm",
    "title": "Репутационный маркетинг",
    "description": "Мониторинг и управление онлайн-репутацией бренда для создания положительного имиджа и повышения доверия.",
    "full_description": "<p>Комплексное управление репутацией вашего бренда в сети: мониторинг упоминаний, работа с отзывами, нейтрализация негатива и формирование положительного имиджа.</p>",
    "icon_svg": "<svg class=\"w-8 h-8\" fill=\"none\" stroke=\"currentColor\" viewBox=\"0 0 24 24\" xmlns=\"http://www.w3.org/2000/svg\"><path stroke-linecap=\"round\" stroke-linejoin=\"round\" stroke-width=\"2\" d=\"M14.828 14.828a4 4 0 01-5.656 0M9 10h.01M15 10h.01M21 12a9 9 0 11-18 0 9 9 0 0118 0z\"></path></svg>",
    "icon": "",
    "image": "",
    "is_active": true,
    "is_featured": true,
    "order": 5,
    "meta_title": "Репутационный маркетинг - Управление репутацией бренда",
    "meta_description": "Профессиональное управление онлайн-репутацией для создания положительного имиджа вашего бренда и повышения доверия клиентов.",
    "created_at": "2024-01-01T12:00:00Z",
    "updated_at": "2024-01-01T12:00:00Z",
    "hero_title": "",
    "hero_description": "",
    "hero_image": "",
    "explanation_title": "",
    "explanation_subtitle": "",
    "process_title": "",
    "process_subtitle": "",
    "services_title": "",
    "services_subtitle": "",
    "benefits_title": "",
    "benefits_subtitle": "",
    "cases_title": "",
    "cases_subtitle": "",
    "pricing_title": "",
    "pricing_subtitle": "",
    "partners_title": "",
    "partners_subtitle": "",
    "faq_title": "",
    "faq_subtitle": "",
    "contact_title": "",
    "contact_subtitle": "",
    "contact_phone": "",
    "contact_email": ""
  }
},
{
  "model": "services.service",
  "pk": 6,
  "fields": {
    "name": "ppc",
    "slug": "ppc",
    "title": "PPC-реклама",
    "description": "Разработка и управление рекламными кампаниями с оплатой за клик для быстрого привлечения целевой аудитории.",
    "full_description": "<p>Эффективная контекстная и таргетированная реклама для быстрого привлечения целевых клиентов и увеличения продаж.</p>",
    "icon_svg": "<svg class=\"w-8 h-8\" fill=\"none\" stroke=\"currentColor\" viewBox=\"0 0 24 24\" xmlns=\"http://www.w3.org/2000/svg\"><path stroke-linecap=\"round\" stroke-linejoin=\"round\" stroke-width=\"2\" d=\"M11 3.055A9.001 9.001 0 1020.945 13H11V3.055z\"></path><path stroke-linecap=\"round\" stroke-linejoin=\"round\" stroke-width=\"2\" d=\"M20.488 9H15V3.512A9.025 9.025 0 0120.488 9z\"></path></svg>",
    "icon": "",
    "image": "",
    "is_active": true,
    "is_featured": true,
    "order": 6,
    "meta_title": "PPC-реклама - Эффективная контекстная реклама",
    "meta_description": "Настройка и управление рекламными кампаниями с оплатой за клик для быстрого привлечения целевых клиентов.",
    "created_at": "2024-01-01T12:00:00Z",
    "updated_at": "2024-01-01T12:00:00Z",
    "hero_title": "",
    "hero_description": "",
    "hero_image": "",
    "explanation_title": "",
    "explanation_subtitle": "",
    "process_title": "",
    "process_subtitle": "",
    "services_title": "",
    "services_subtitle": "",
    "benefits_title": "",
    "benefits_subtitle": "",
    "cases_title": "",
    "cases_subtitle": "",
    "pricing_title": "",
    "pricing_subtitle": "",
    "partners_title": "",
    "partners_subtitle": "",
    "faq_title": "",
    "faq_subtitle": "",
    "contact_title": "",
    "contact_subtitle": "",
    "contact_phone": "",
    "contact_email": ""
  }
},
{
  "model": "services.servicefeature",
  "pk": 1,
  "fields": {
    "service": 1,
    "title": "Техническая оптимизация",
    "order": 1
  }
},
{
  "model": "services.servicefeature",
  "pk": 2,
  "fields": {
    "service": 1,
    "title": "Внутренняя оптимизация",
    "order": 2
  }
},
{
  "model": "services.servicefeature",
  "pk": 3,
  "fields": {
    "service": 1,
    "title": "Внешняя оптимизация",
    "order": 3
  }
},
{
  "model": "services.servicefeature",
  "pk": 4,
  "fields": {
    "service": 2,
    "title": "Welcome-цепочки писем",
    "order": 1
  }
},
{
  "model": "services.servicefeature",
  "pk": 5,
  "fields": {
    "service": 2,
    "title": "Автоматизация рассылок",
    "order": 2
  }
},
{
  "model": "services.servicefeature",
  "pk": 6,
  "fields": {
    "service": 2,
    "title": "Сегментация базы",
    "order": 3
  }
},
{
  "model": "services.servicefeature",
  "pk": 7,
  "fields": {
    "service": 3,
    "title": "Контент-стратегия",
    "order": 1
  }
},
{
  "model": "services.servicefeature",
  "pk": 8,
  "fields": {
    "service": 3,
    "title": "Создание контента",
    "order": 2
  }
},
{
  "model": "services.servicefeature",
  "pk": 9,
  "fields": {
    "service": 3,
    "title": "Продвижение контента",
    "order": 3
  }
},
{
  "model": "services.servicefeature",
  "pk": 10,
  "fields": {
    "service": 4,
    "title": "Контент-план",
    "order": 1
  }
},
{
  "model": "services.servicefeature",
  "pk": 11,
  "fields": {
    "service": 4,
    "title": "Таргетированная реклама",
    "order": 2
  }
},
{
  "model": "services.servicefeature",
  "pk": 12,
  "fields": {
    "service": 4,
    "title": "Коммьюнити-менеджмент",
    "order": 3
  }
},
{
  "model": "services.servicefeature",
  "pk": 13,
  "fields": {
    "service": 5,
    "title": "SERM-стратегия",
    "order": 1
  }
},
{
  "model": "services.servicefeature",
  "pk": 14,
  "fields": {
    "service": 5,
    "title": "Работа с отзывами",
    "order": 2
  }
},
{
  "model": "services.servicefeature",
  "pk": 15,
  "fields": {
    "service": 5,
    "title": "Мониторинг упоминаний",
    "order": 3
  }
},
{
  "model": "services.servicefeature",
  "pk": 16,
  "fields": {
    "service": 6,
    "title": "Контекстная реклама",
    "order": 1
  }
},
{
  "model": "services.servicefeature",
  "pk": 17,
  "fields": {
    "service": 6,
    "title": "Баннерная реклама",
    "order": 2
  }
},
{
  "model": "services.servicefeature",
  "pk": 18,
  "fields": {
    "service": 6,
    "title": "Ремаркетинг",
    "order": 3
  }
},
{
  "model": "services.servicebenefit",
  "pk": 1,
  "fields": {
    "service": 1,
    "title": "Проверенные стратегии",
    "description": "<p>Наши подходы основаны на данных и опыте, доказавшие свою эффективность во многих проектах. Мы используем только те методы, которые гарантированно работают и приносят результаты.</p>",
    "icon": "<svg class=\"w-7 h-7 md:w-8 md:h-8\" fill=\"none\" stroke=\"currentColor\" viewBox=\"0 0 24 24\" xmlns=\"http://www.w3.org/2000/svg\"><path stroke-linecap=\"round\" stroke-linejoin=\"round\" stroke-width=\"2\" d=\"M9 12l2 2 4-4m5.618-4.016A11.955 11.955 0 0112 2.944a11.955 11.955 0 01-8.618 3.04A12.02 12.02 0 003 9c0 5.591 3.824 10.29 9 11.622 5.176-1.332 9-6.03 9-11.622 0-1.042-.133-2.052-.382-3.016z\"></path></svg>",
    "order": 1
  }
},
{
  "model": "services.servicebenefit",
  "pk": 2,
  "fields": {
    "service": 1,
    "title": "Индивидуальный подход",
    "description": "<p>Мы создаем уникальные решения, адаптированные под специфику вашего бизнеса и целевой аудитории. Никаких шаблонных стратегий - только индивидуальные планы.</p>",
    "icon": "<svg class=\"w-7 h-7 md:w-8 md:h-8\" fill=\"none\" stroke=\"currentColor\" viewBox=\"0 0 24 24\" xmlns=\"http://www.w3.org/2000/svg\"><path stroke-linecap=\"round\" stroke-linejoin=\"round\" stroke-width=\"2\" d=\"M10 20l4-16m4 4l4 4-4 4M6 16l-4-4 4-4\"></path></svg>",
    "order": 2
  }
},
{
  "model": "services.servicebenefit",
  "pk": 3,
  "fields": {
    "service": 1,
    "title": "Быстрые результаты",
    "description": "<p>Наши стратегии нацелены на достижение быстрых и устойчивых результатов для вашего бизнеса. Мы начинаем с тех направлений, которые дадут максимальный эффект в короткие сроки.</p>",
    "icon": "<svg class=\"w-7 h-7 md:w-8 md:h-8\" fill=\"none\" stroke=\"currentColor\" viewBox=\"0 0 24 24\" xmlns=\"http://www.w3.org/2000/svg\"><path stroke-linecap=\"round\" stroke-linejoin=\"round\" stroke-width=\"2\" d=\"M13 10V3L4 14h7v7l9-11h-7z\"></path></svg>",
    "order": 3
  }
},
{
  "model": "services.servicebenefit",
  "pk": 5,
  "fields": {
    "service": 1,
    "title": "Доступная стоимость",
    "description": "<p>SEO является одним из самых экономически эффективных маркетинговых каналов, особенно в долгосрочной перспективе.</p>",
    "icon": "<svg class=\"w-7 h-7\" fill=\"none\" stroke=\"currentColor\" viewBox=\"0 0 24 24\" xmlns=\"http://www.w3.org/2000/svg\"><path stroke-linecap=\"round\" stroke-linejoin=\"round\" stroke-width=\"2\" d=\"M12 8c-1.657 0-3 .895-3 2s1.343 2 3 2 3 .895 3 2-1.343 2-3 2m0-8c1.11 0 2.08.402 2.599 1M12 8V7m0 1v8m0 0v1m0-1c-1.11 0-2.08-.402-2.599-1M21 12a9 9 0 11-18 0 9 9 0 0118 0z\"></path></svg>",
    "order": 1
  }
},
{
  "model": "services.servicebenefit",
  "pk": 6,
  "fields": {
    "service": 1,
    "title": "Долгосрочный эффект",
    "description": "<p>Результаты SEO-продвижения сохраняются надолго, обеспечивая стабильный поток клиентов даже после завершения активных работ.</p>",
    "icon": "<svg class=\"w-7 h-7\" fill=\"none\" stroke=\"currentColor\" viewBox=\"0 0 24 24\" xmlns=\"http://www.w3.org/2000/svg\"><path stroke-linecap=\"round\" stroke-linejoin=\"round\" stroke-width=\"2\" d=\"M12 8v4l3 3m6-3a9 9 0 11-18 0 9 9 0 0118 0z\"></path></svg>",
    "order": 2
  }
},
{
  "model": "services.servicebenefit",
  "pk": 7,
  "fields": {
    "service": 1,
    "title": "Целевая аудитория",
    "description": "<p>SEO привлекает пользователей, которые активно ищут ваши товары или услуги, что повышает процент конверсии на сайте.</p>",
    "icon": "<svg class=\"w-7 h-7\" fill=\"none\" stroke=\"currentColor\" viewBox=\"0 0 24 24\" xmlns=\"http://www.w3.org/2000/svg\"><path stroke-linecap=\"round\" stroke-linejoin=\"round\" stroke-width=\"2\" d=\"M17 20h5v-2a3 3 0 00-5.356-1.857M17 20H7m10 0v-2c0-.656-.126-1.283-.356-1.857M7 20H2v-2a3 3 0 015.356-1.857M7 20v-2c0-.656.126-1.283.356-1.857m0 0a5.002 5.002 0 019.288 0M15 7a3 3 0 11-6 0 3 3 0 016 0zm6 3a2 2 0 11-4 0 2 2 0 014 0zM7 10a2 2 0 11-4 0 2 2 0 014 0z\"></path></svg>",
    "order": 3
  }
},
{
  "model": "services.servicebenefit",
  "pk": 8,
  "fields": {
    "service": 1,
    "title": "Повышение доверия",
    "description": "<p>Высокие позиции в поисковой выдаче повышают доверие к вашему бренду, так как пользователи больше доверяют топовым результатам.</p>",
    "icon": "<svg class=\"w-7 h-7\" fill=\"none\" stroke=\"currentColor\" viewBox=\"0 0 24 24\" xmlns=\"http://www.w3.org/2000/svg\"><path stroke-linecap=\"round\" stroke-linejoin=\"round\" stroke-width=\"2\" d=\"M19.428 15.428a2 2 0 00-1.022-.547l-2.387-.477a6 6 0 00-3.86.517l-.318.158a6 6 0 01-3.86.517L6.05 15.21a2 2 0 00-1.806.547M8 4h8l-1 1v5.172a2 2 0 00.586 1.414l5 5c1.26 1.26.367 3.414-1.415 3.414H4.828c-1.782 0-2.674-2.154-1.414-3.414l5-5A2 2 0 009 10.172V5L8 4z\"></path></svg>",
    "order": 4
  }
},
{
  "model": "services.servicebenefit",
  "pk": 9,
  "fields": {
    "service": 1,
    "title": "Измеримые результаты",
    "description": "<p>SEO позволяет отслеживать множество показателей: позиции, трафик, конверсии, что делает эффективность работы полностью прозрачной.</p>",
    "icon": "<svg class=\"w-7 h-7\" fill=\"none\" stroke=\"currentColor\" viewBox=\"0 0 24 24\" xmlns=\"http://www.w3.org/2000/svg\"><path stroke-linecap=\"round\" stroke-linejoin=\"round\" stroke-width=\"2\" d=\"M16 8v8m-4-5v5m-4-2v2m-2 4h12a2 2 0 002-2V6a2 2 0 00-2-2H6a2 2 0 00-2 2v12a2 2 0 002 2z\"></path></svg>",
    "order": 5
  }
},
{
  "model": "services.servicebenefit",
  "pk": 10,
  "fields": {
    "service": 1,
    "title": "Глобальный охват",
    "description": "<p>Качественное SEO-продвижение помогает вашему бизнесу выйти на новые рынки и привлечь клиентов из других регионов.</p>",
    "icon": "<svg class=\"w-7 h-7\" fill=\"none\" stroke=\"currentColor\" viewBox=\"0 0 24 24\" xmlns=\"http://www.w3.org/2000/svg\"><path stroke-linecap=\"round\" stroke-linejoin=\"round\" stroke-width=\"2\" d=\"M14 10h4.764a2 2 0 011.789 2.894l-3.5 7A2 2 0 0115.263 21h-4.017c-.163 0-.326-.02-.485-.06L7 20m7-10V5a2 2 0 00-2-2h-.095c-.5 0-.905.405-.905.905 0 .714-.211 1.412-.608 2.006L7 11v9m7-10h-2M7 20H5a2 2 0 01-2-2v-6a2 2 0 012-2h2.5\"></path></svg>",
    "order": 6
  }
},
{
  "model": "services.serviceprocess",
  "pk": 1,
  "fields": {
    "service": 1,
    "title": "Аудит и анализ",
    "description": "<p><span>Проводим комплексный аудит сайта, анализируем конкурентов и текущее положение в поисковой выдаче.</span></p>",
    "icon": "",
    "order": 1
  }
},
{
  "model": "services.serviceprocess",
  "pk": 2,
  "fields": {
    "service": 1,
    "title": "Разработка стратегии",
    "description": "<p><span>Составляем детальный план продвижения с учетом специфики вашего бизнеса и целевой аудитории.</span></p>",
    "icon": "",
    "order": 2
  }
},
{
  "model": "services.serviceprocess",
  "pk": 3,
  "fields": {
    "service": 1,
    "title": "Техническая оптимизация",
    "description": "<p><span>Исправляем технические ошибки на сайте, оптимизируем скорость загрузки и внутреннюю структуру.</span></p>",
    "icon": "",
    "order": 3
  }
},
{
  "model": "services.serviceprocess",
  "pk": 4,
  "fields": {
    "service": 1,
    "title": "Контентная оптимизация",
    "description": "<p><span>Создаем и оптимизируем контент, который нравится и пользователям, и поисковым системам.</span></p>",
    "icon": "",
    "order": 4
  }
},
{
  "model": "services.serviceprocess",
  "pk": 5,
  "fields": {
    "service": 1,
    "title": "Внешняя оптимизация",
    "description": "<p><span>Наращиваем качественную ссылочную массу, работаем с отзывами и упоминаниями в сети.</span></p>",
    "icon": "",
    "order": 5
  }
},
{
  "model": "services.serviceprocess",
  "pk": 11,
  "fields": {
    "service": 1,
    "title": "Мониторинг и отчетность",
    "description": "<p>Постоянно отслеживаем результаты работы и предоставляем подробные отчеты о достигнутых показателях.</p>",
    "icon": "",
    "order": 6
  }
},
{
  "model": "services.faq",
  "pk": 1,
  "fields": {
    "service": 1,
    "question": "Сколько времени занимает получение результатов SEO?",
    "answer": "<p><span>SEO &mdash; это долгосрочная стратегия. Первые результаты обычно становятся заметны через 2-3 месяца работы, но значительные изменения в позициях и трафике чаще всего наблюдаются через 4-6 месяцев. На сроки влияют конкуренция в вашей нише, изначальное состояние сайта и агрессивность выбранной стратегии.</span></p>",
    "is_common": false,
    "order": 1
  }
},
{
  "model": "services.faq",
  "pk": 7,
  "fields": {
    "service": 1,
    "question": "Какие гарантии вы предоставляете?",
    "answer": "<p>Мы не можем гарантировать конкретные позиции по запросам, так как алгоритмы поисковых систем постоянно меняются. Однако мы гарантируем прозрачность работы, соблюдение сроков и использование только белых методов оптимизации. Если в течение первых трех месяцев вы не увидите положительной динамики, мы бесплатно проведем дополнительный аудит и скорректируем стратегию.</p>",
    "is_common": false,
    "order": 2
  }
},
{
  "model": "services.faq",
  "pk": 8,
  "fields": {
    "service": 1,
    "question": "Для каких сайтов подходит SEO-продвижение?",
    "answer": "<p>SEO-продвижение подходит практически для любого сайта, но особенно эффективно для бизнесов, ориентированных на долгосрочную перспективу. Это могут быть интернет-магазины, корпоративные сайты, сайты услуг, информационные порталы. Главное условие &mdash; наличие качественного контента и технически исправного сайта.</p>",
    "is_common": false,
    "order": 3
  }
},
{
  "model": "services.faq",
  "pk": 9,
  "fields": {
    "service": 1,
    "question": "Чем SEO отличается от контекстной рекламы?",
    "answer": "<p>Главное отличие &mdash; в подходе и долгосрочности результатов. Контекстная реклама дает мгновенный эффект, но требует постоянных вложений. При остановке рекламы трафик прекращается. SEO работает медленнее, но дает долгосрочный результат. После прекращения активных работ позиции могут сохраняться месяцами. Также пользователи больше доверяют органической выдаче, чем рекламе.</p>",
    "is_common": false,
    "order": 4
  }
},
{
  "model": "services.faq",
  "pk": 10,
  "fields": {
    "service": 1,
    "question": "Какие отчеты вы предоставляете?",
    "answer": "<p>Мы предоставляем регулярные отчеты, включающие данные о позициях сайта по ключевым запросам, динамике органического трафика, поведенческих факторах, конверсии и выполненных работах. Отчеты формируются в наглядной форме с графиками и пояснениями, чтобы вы могли легко оценить эффективность продвижения.</p>",
    "is_common": false,
    "order": 5
  }
},
{
  "model": "services.serviceexplanation",
  "pk": 1,
  "fields": {
    "service": 1,
    "title": "Доступная стоимость",
    "description": "<p>SEO является одним из самых экономически эффективных маркетинговых каналов, особенно в долгосрочной перспективе.</p>",
    "icon_svg": "<svg class=\"w-7 h-7\" fill=\"none\" stroke=\"currentColor\" viewBox=\"0 0 24 24\" xmlns=\"http://www.w3.org/2000/svg\"><path stroke-linecap=\"round\" stroke-linejoin=\"round\" stroke-width=\"2\" d=\"M12 8c-1.657 0-3 .895-3 2s1.343 2 3 2 3 .895 3 2-1.343 2-3 2m0-8c1.11 0 2.08.402 2.599 1M12 8V7m0 1v8m0 0v1m0-1c-1.11 0-2.08-.402-2.599-1M21 12a9 9 0 11-18 0 9 9 0 0118 0z\"></path></svg>",
    "order": 1
  }
},
{
  "model": "services.serviceexplanation",
  "pk": 2,
  "fields": {
    "service": 1,
    "title": "Долгосрочный эффект",
    "description": "<p>Результаты SEO-продвижения сохраняются надолго, обеспечивая стабильный поток клиентов даже после завершения активных работ.</p>",
    "icon_svg": "<svg class=\"w-7 h-7\" fill=\"none\" stroke=\"currentColor\" viewBox=\"0 0 24 24\" xmlns=\"http://www.w3.org/2000/svg\"><path stroke-linecap=\"round\" stroke-linejoin=\"round\" stroke-width=\"2\" d=\"M12 8v4l3 3m6-3a9 9 0 11-18 0 9 9 0 0118 0z\"></path></svg>",
    "order": 2
  }
},
{
  "model": "services.serviceexplanation",
  "pk": 3,
  "fields": {
    "service": 1,
    "title": "Целевая аудитория",
    "description": "<p>SEO привлекает пользователей, которые активно ищут ваши товары или услуги, что повышает процент конверсии на сайте.</p>",
    "icon_svg": "<svg class=\"w-7 h-7\" fill=\"none\" stroke=\"currentColor\" viewBox=\"0 0 24 24\" xmlns=\"http://www.w3.org/2000/svg\"><path stroke-linecap=\"round\" stroke-linejoin=\"round\" stroke-width=\"2\" d=\"M17 20h5v-2a3 3 0 00-5.356-1.857M17 20H7m10 0v-2c0-.656-.126-1.283-.356-1.857M7 20H2v-2a3 3 0 015.356-1.857M7 20v-2c0-.656.126-1.283.356-1.857m0 0a5.002 5.002 0 019.288 0M15 7a3 3 0 11-6 0 3 3 0 016 0zm6 3a2 2 0 11-4 0 2 2 0 014 0zM7 10a2 2 0 11-4 0 2 2 0 014 0z\"></path></svg>",
    "order": 3
  }
},
{
  "model": "services.serviceexplanation",
  "pk": 4,
  "fields": {
    "service": 1,
    "title": "Повышение доверия",
    "description": "<p>Высокие позиции в поисковой выдаче повышают доверие к вашему бренду, так как пользователи больше доверяют топовым результатам.</p>",
    "icon_svg": "<svg class=\"w-7 h-7\" fill=\"none\" stroke=\"currentColor\" viewBox=\"0 0 24 24\" xmlns=\"http://www.w3.org/2000/svg\"><path stroke-linecap=\"round\" stroke-linejoin=\"round\" stroke-width=\"2\" d=\"M19.428 15.428a2 2 0 00-1.022-.547l-2.387-.477a6 6 0 00-3.86.517l-.318.158a6 6 0 01-3.86.517L6.05 15.21a2 2 0 00-1.806.547M8 4h8l-1 1v5.172a2 2 0 00.586 1.414l5 5c1.26 1.26.367 3.414-1.415 3.414H4.828c-1.782 0-2.674-2.154-1.414-3.414l5-5A2 2 0 009 10.172V5L8 4z\"></path></svg>",
    "order": 4
  }
},
{
  "model": "services.serviceexplanation",
  "pk": 5,
  "fields": {
    "service": 1,
    "title": "Измеримые результаты",
    "description": "<p>SEO позволяет отслеживать множество показателей: позиции, трафик, конверсии, что делает эффективность работы полностью прозрачной.</p>",
    "icon_svg": "<svg class=\"w-7 h-7\" fill=\"none\" stroke=\"currentColor\" viewBox=\"0 0 24 24\" xmlns=\"http://www.w3.org/2000/svg\"><path stroke-linecap=\"round\" stroke-linejoin=\"round\" stroke-width=\"2\" d=\"M16 8v8m-4-5v5m-4-2v2m-2 4h12a2 2 0 002-2V6a2 2 0 00-2-2H6a2 2 0 00-2 2v12a2 2 0 002 2z\"></path></svg>",
    "order": 5
  }
},
{
  "model": "services.serviceexplanation",
  "pk": 6,
  "fields": {
    "service": 1,
    "title": "Глобальный охват",
    "description": "<p>Качественное SEO-продвижение помогает вашему бизнесу выйти на новые рынки и привлечь клиентов из других регионов.</p>",
    "icon_svg": "<svg class=\"w-7 h-7\" fill=\"none\" stroke=\"currentColor\" viewBox=\"0 0 24 24\" xmlns=\"http://www.w3.org/2000/svg\"><path stroke-linecap=\"round\" stroke-linejoin=\"round\" stroke-width=\"2\" d=\"M14 10h4.764a2 2 0 011.789 2.894l-3.5 7A2 2 0 0115.263 21h-4.017c-.163 0-.326-.02-.485-.06L7 20m7-10V5a2 2 0 00-2-2h-.095c-.5 0-.905.405-.905.905 0 .714-.211 1.412-.608 2.006L7 11v9m7-10h-2M7 20H5a2 2 0 01-2-2v-6a2 2 0 012-2h2.5\"></path></svg>",
    "order": 6
  }
},
{
  "model": "services.servicedetail",
  "pk": 1,
  "fields": {
    "service": 1,
    "title": "SEO-аудит сайта",
    "description": "<p>Комплексный анализ сайта на наличие технических ошибок, проблем с контентом и структурой, мешающих продвижению.</p>",
    "icon_svg": "<svg class=\"w-8 h-8\" fill=\"none\" stroke=\"currentColor\" viewBox=\"0 0 24 24\" xmlns=\"http://www.w3.org/2000/svg\"><path stroke-linecap=\"round\" stroke-linejoin=\"round\" stroke-width=\"2\" d=\"M9 5H7a2 2 0 00-2 2v12a2 2 0 002 2h10a2 2 0 002-2V7a2 2 0 00-2-2h-2M9 5a2 2 0 002 2h2a2 2 0 002-2M9 5a2 2 0 012-2h2a2 2 0 012 2m-3 7h3m-3 4h3m-6-4h.01M9 16h.01\"></path></svg>",
    "order": 1
  }
},
{
  "model": "services.servicedetail",
  "pk": 2,
  "fields": {
    "service": 1,
    "title": "Семантическое ядро",
    "description": "<p>Подбор ключевых слов и фраз, по которым пользователи будут находить ваш сайт в поисковых системах.</p>",
    "icon_svg": "<svg class=\"w-8 h-8\" fill=\"none\" stroke=\"currentColor\" viewBox=\"0 0 24 24\" xmlns=\"http://www.w3.org/2000/svg\"><path stroke-linecap=\"round\" stroke-linejoin=\"round\" stroke-width=\"2\" d=\"M10 21h7a2 2 0 002-2V9.414a1 1 0 00-.293-.707l-5.414-5.414A1 1 0 0012.586 3H7a2 2 0 00-2 2v11m0 5l4.879-4.879m0 0a3 3 0 104.243-4.242 3 3 0 00-4.243 4.242z\"></path></svg>",
    "order": 2
  }
},
{
  "model": "services.servicedetail",
  "pk": 3,
  "fields": {
    "service": 1,
    "title": "Техническая оптимизация",
    "description": "<p>Исправление технических ошибок сайта, влияющих на его индексацию и ранжирование в поисковых системах.</p>",
    "icon_svg": "<svg class=\"w-8 h-8\" fill=\"none\" stroke=\"currentColor\" viewBox=\"0 0 24 24\" xmlns=\"http://www.w3.org/2000/svg\"><path stroke-linecap=\"round\" stroke-linejoin=\"round\" stroke-width=\"2\" d=\"M10 20l4-16m4 4l4 4-4 4M6 16l-4-4 4-4\"></path></svg>",
    "order": 3
  }
},
{
  "model": "services.servicedetail",
  "pk": 4,
  "fields": {
    "service": 1,
    "title": "Оптимизация контента",
    "description": "<p>Создание и оптимизация текстов для страниц сайта с учетом требований поисковых систем и интересов пользователей.</p>",
    "icon_svg": "<svg class=\"w-8 h-8\" fill=\"none\" stroke=\"currentColor\" viewBox=\"0 0 24 24\" xmlns=\"http://www.w3.org/2000/svg\"><path stroke-linecap=\"round\" stroke-linejoin=\"round\" stroke-width=\"2\" d=\"M11 5H6a2 2 0 00-2 2v11a2 2 0 002 2h11a2 2 0 002-2v-5m-1.414-9.414a2 2 0 112.828 2.828L11.828 15H9v-2.828l8.586-8.586z\"></path></svg>",
    "order": 4
  }
},
{
  "model": "services.servicedetail",
  "pk": 5,
  "fields": {
    "service": 1,
    "title": "Внешняя оптимизация",
    "description": "<p>Наращивание качественной ссылочной массы для повышения авторитетности сайта в глазах поисковых систем.</p>",
    "icon_svg": "<svg class=\"w-8 h-8\" fill=\"none\" stroke=\"currentColor\" viewBox=\"0 0 24 24\" xmlns=\"http://www.w3.org/2000/svg\"><path stroke-linecap=\"round\" stroke-linejoin=\"round\" stroke-width=\"2\" d=\"M13.828 10.172a4 4 0 00-5.656 0l-4 4a4 4 0 105.656 5.656l1.102-1.101m-.758-4.899a4 4 0 005.656 0l4-4a4 4 0 00-5.656-5.656l-1.1 1.1\"></path></svg>",
    "order": 5
  }
},
{
  "model": "services.servicedetail",
  "pk": 6,
  "fields": {
    "service": 1,
    "title": "Мониторинг и аналитика",
    "description": "<p>Постоянный контроль позиций сайта в поисковых системах и анализ эффективности проводимых работ.</p>",
    "icon_svg": "<svg class=\"w-8 h-8\" fill=\"none\" stroke=\"currentColor\" viewBox=\"0 0 24 24\" xmlns=\"http://www.w3.org/2000/svg\"><path stroke-linecap=\"round\" stroke-linejoin=\"round\" stroke-width=\"2\" d=\"M9 19v-6a2 2 0 00-2-2H5a2 2 0 00-2 2v6a2 2 0 002 2h2a2 2 0 002-2zm0 0V9a2 2 0 012-2h2a2 2 0 012 2v10m-6 0a2 2 0 002 2h2a2 2 0 002-2m0 0V5a2 2 0 012-2h2a2 2 0 012 2v14a2 2 0 01-2 2h-2a2 2 0 01-2-2z\"></path></svg>",
    "order": 6
  }
},
{
  "model": "services.servicedetailitem",
  "pk": 1,
  "fields": {
    "detail": 1,
    "text": "Технический аудит",
    "order": 1
  }
},
{
  "model": "services.servicedetailitem",
  "pk": 2,
  "fields": {
    "detail": 1,
    "text": "Анализ юзабилити",
    "order": 2
  }
},
{
  "model": "services.servicedetailitem",
  "pk": 3,
  "fields": {
    "detail": 1,
    "text": "Анализ ссылочного профиля",
    "order": 3
  }
},
{
  "model": "services.servicedetailitem",
  "pk": 4,
  "fields": {
    "detail": 2,
    "text": "Сбор и кластеризация запросов",
    "order": 1
  }
},
{
  "model": "services.servicedetailitem",
  "pk": 5,
  "fields": {
    "detail": 2,
    "text": "Анализ конкурентов",
    "order": 2
  }
},
{
  "model": "services.servicedetailitem",
  "pk": 6,
  "fields": {
    "detail": 2,
    "text": "Распределение запросов по страницам",
    "order": 3
  }
},
{
  "model": "services.servicedetailitem",
  "pk": 7,
  "fields": {
    "detail": 3,
    "text": "Оптимизация скорости загрузки",
    "order": 1
  }
},
{
  "model": "services.servicedetailitem",
  "pk": 8,
  "fields": {
    "detail": 3,
    "text": "Адаптация под мобильные устройства",
    "order": 2
  }
},
{
  "model": "services.servicedetailitem",
  "pk": 9,
  "fields": {
    "detail": 3,
    "text": "Настройка микроразметки",
    "order": 3
  }
},
{
  "model": "services.servicedetailitem",
  "pk": 10,
  "fields": {
    "detail": 4,
    "text": "Создание SEO-текстов",
    "order": 1
  }
},
{
  "model": "services.servicedetailitem",
  "pk": 11,
  "fields": {
    "detail": 4,
    "text": "Оптимизация заголовков",
    "order": 2
  }
},
{
  "model": "services.servicedetailitem",
  "pk": 12,
  "fields": {
    "detail": 4,
    "text": "Оптимизация meta-тегов",
    "order": 3
  }
},
{
  "model": "services.servicedetailitem",
  "pk": 13,
  "fields": {
    "detail": 5,
    "text": "Размещение статей на внешних ресурсах",
    "order": 1
  }
},
{
  "model": "services.servicedetailitem",
  "pk": 14,
  "fields": {
    "detail": 5,
    "text": "Регистрация в каталогах",
    "order": 2
  }
},
{
  "model": "services.servicedetailitem",
  "pk": 15,
  "fields": {
    "detail": 5,
    "text": "Крауд-маркетинг",
    "order": 3
  }
},
{
  "model": "services.servicedetailitem",
  "pk": 16,
  "fields": {
    "detail": 6,
    "text": "Отслеживание позиций",
    "order": 1
  }
},
{
  "model": "services.servicedetailitem",
  "pk": 17,
  "fields": {
    "detail": 6,
    "text": "Анализ поведенческих факторов",
    "order": 2
  }
},
{
  "model": "services.servicedetailitem",
  "pk": 18,
  "fields": {
    "detail": 6,
    "text": "Ежемесячные отчеты",
    "order": 3
  }
},
{
  "model": "services.servicecase",
  "pk": 1,
  "fields": {
    "service": 1,
    "title": "Увеличение органического трафика интернет-магазина электроники на 187%",
    "description": "<p>Комплексное SEO-продвижение позволило вывести интернет-магазин в топ-3 по более чем 500 высококонкурентным запросам.</p>",
    "image": "services/cases/concept.jpg",
    "category": "Интернет-магазин",
    "result": "+187% трафика",
    "link": "https://ya.ru",
    "order": 1
  }
},
{
  "model": "services.servicecase",
  "pk": 2,
  "fields": {
    "service": 1,
    "title": "Рост числа заявок с сайта B2B компании на 243% за 6 месяцев",
    "description": "<p>Глубокая техническая оптимизация сайта и работа с коммерческими факторами позволили увеличить конверсию.</p>",
    "image": "services/cases/concept_TA7mKAT.jpg",
    "category": "Корпоративный сайт",
    "result": "+243% заявок",
    "link": "https://ya.ru",
    "order": 2
  }
},
{
  "model": "services.servicecase",
  "pk": 3,
  "fields": {
    "service": 1,
    "title": "Вывод медицинского центра в топ-3 поисковой выдачи за 4 месяца",
    "description": "<p>Разработка локальной SEO-стратегии позволила обойти федеральных конкурентов по ключевым запросам в регионе.</p>",
    "image": "services/cases/concept_DZlFMa1.jpg",
    "category": "Региональный сайт",
    "result": "В топ-3 за 4 месяца",
    "link": "https://ya.ru",
    "order": 3
  }
},
{
  "model": "services.servicepricing",
  "pk": 1,
  "fields": {
    "service": 1,
    "title": "Базовый",
    "price": "от 30 000 ₽",
    "period": "в месяц",
    "description": "Оптимальный тариф для малого бизнеса",
    "badge": "Старт продвижения",
    "order": 1
  }
},
{
  "model": "services.servicepricing",
  "pk": 2,
  "fields": {
    "service": 1,
    "title": "Стандартный",
    "price": "от 60 000 ₽",
    "period": "в месяц",
    "description": "Для бизнеса со средней конкуренцией",
    "badge": "Рекомендуемый",
    "order": 2
  }
},
{
  "model": "services.servicepricing",
  "pk": 3,
  "fields": {
    "service": 1,
    "title": "Премиум",
    "price": "от 100 000 ₽",
    "period": "в месяц",
    "description": "Для бизнеса с высокой конкуренцией",
    "badge": "Максимальный результат",
    "order": 3
  }
},
{
  "model": "services.servicepricingfeature",
  "pk": 1,
  "fields": {
    "pricing": 1,
    "text": "До 100 ключевых слов",
    "order": 1
  }
},
{
  "model": "services.servicepricingfeature",
  "pk": 2,
  "fields": {
    "pricing": 1,
    "text": "Базовый технический аудит",
    "order": 2
  }
},
{
  "model": "services.servicepricingfeature",
  "pk": 3,
  "fields": {
    "pricing": 1,
    "text": "Оптимизация мета-тегов",
    "order": 3
  }
},
{
  "model": "services.servicepricingfeature",
  "pk": 4,
  "fields": {
    "pricing": 1,
    "text": "Базовая внутренняя оптимизация",
    "order": 4
  }
},
{
  "model": "services.servicepricingfeature",
  "pk": 5,
  "fields": {
    "pricing": 1,
    "text": "Ежемесячная отчетность",
    "order": 5
  }
},
{
  "model": "services.servicepricingfeature",
  "pk": 6,
  "fields": {
    "pricing": 2,
    "text": "До 300 ключевых слов",
    "order": 1
  }
},
{
  "model": "services.servicepricingfeature",
  "pk": 7,
  "fields": {
    "pricing": 2,
    "text": "Полный технический аудит",
    "order": 2
  }
},
{
  "model": "services.servicepricingfeature",
  "pk": 8,
  "fields": {
    "pricing": 2,
    "text": "Создание SEO-текстов (до 5 страниц)",
    "order": 3
  }
},
{
  "model": "services.servicepricingfeature",
  "pk": 9,
  "fields": {
    "pricing": 2,
    "text": "Внутренняя перелинковка",
    "order": 4
  }
},
{
  "model": "services.servicepricingfeature",
  "pk": 10,
  "fields": {
    "pricing": 2,
    "text": "Базовая внешняя оптимизация",
    "order": 5
  }
},
{
  "model": "services.servicepricingfeature",
  "pk": 11,
  "fields": {
    "pricing": 2,
    "text": "Еженедельная отчетность",
    "order": 6
  }
},
{
  "model": "services.servicepricingfeature",
  "pk": 12,
  "fields": {
    "pricing": 3,
    "text": "Неограниченное количество ключевых слов",
    "order": 1
  }
},
{
  "model": "services.servicepricingfeature",
  "pk": 13,
  "fields": {
    "pricing": 3,
    "text": "Углубленный технический аудит",
    "order": 2
  }
},
{
  "model": "services.servicepricingfeature",
  "pk": 14,
  "fields": {
    "pricing": 3,
    "text": "Создание SEO-текстов (до 15 страниц)",
    "order": 3
  }
},
{
  "model": "services.servicepricingfeature",
  "pk": 15,
  "fields": {
    "pricing": 3,
    "text": "Полная внешняя оптимизация",
    "order": 4
  }
},
{
  "model": "services.servicepricingfeature",
  "pk": 16,
  "fields": {
    "pricing": 3,
    "text": "Персональный SEO-специалист",
    "order": 5
  }
},
{
  "model": "services.servicepricingfeature",
  "pk": 17,
  "fields": {
    "pricing": 3,
    "text": "Ежедневная отчетность по запросу",
    "order": 6
  }
},
{
  "model": "testimonials.testimonial",
  "pk": 1,
  "fields": {
    "name": "Алексей Иванов",
    "position": "CEO",
    "company": "TechStore",
    "content": "Команда Boldrise Agency полностью преобразила наш подход к digital-маркетингу. За 6 месяцев сотрудничества органический трафик вырос на 78%, а конверсия увеличилась почти в 2 раза. Профессионализм и результативность на высшем уровне!",
    "rating": 5,
    "photo": "",
    "is_published": true,
    "is_featured": true,
    "order": 1
  }
},
{
  "model": "testimonials.testimonial",
  "pk": 2,
  "fields": {
    "name": "Мария Петрова",
    "position": "Маркетинг-директор",
    "company": "FashionStore",
    "content": "Особенно хочу отметить профессионализм в области SMM и контент-маркетинга. За 6 месяцев работы мы увидели рост аудитории в социальных сетях на 300% и увеличение конверсии на сайте. Контент теперь действительно работает на нас!",
    "rating": 5,
    "photo": "",
    "is_published": true,
    "is_featured": true,
    "order": 2
  }
},
{
  "model": "testimonials.testimonial",
  "pk": 3,
  "fields": {
    "name": "Сергей Смирнов",
    "position": "Владелец",
    "company": "BeautySalon",
    "content": "С Boldrise Agency мы запустили полноценную email-стратегию, которая стала одним из основных каналов продаж. ROI от рассылок достиг 420%. Отличает их комплексный подход и внимание к деталям.",
    "rating": 5,
    "photo": "",
    "is_published": true,
    "is_featured": true,
    "order": 3
  }
}
]
