[
{
  "model": "services.service",
  "pk": 1,
  "fields": {
    "name": "seo",
    "slug": "seo",
    "title": "SEO-продвижение для вашего бизнеса",
    "description": "<p>Оптимизируем ваш сайт для поисковых систем, увеличивая органический трафик и привлекая целевую аудиторию.</p>",
    "full_description": "<p>Комплексное продвижение вашего сайта в поисковых системах для привлечения целевого трафика и увеличения конверсии.</p>",
    "icon_svg": "<svg class=\"w-7 h-7 md:w-8 md:h-8\" fill=\"none\" stroke=\"currentColor\" viewBox=\"0 0 24 24\" xmlns=\"http://www.w3.org/2000/svg\"><path stroke-linecap=\"round\" stroke-linejoin=\"round\" stroke-width=\"2\" d=\"M15 15l-2 5L9 9l11 4-5 2zm0 0l5 5M7.188 2.239l.777 2.897M5.136 7.965l-2.898-.777M13.95 4.05l-2.122 2.122m-5.657 5.656l-2.12 2.122\"></path></svg>",
    "icon": "",
    "image": "",
    "is_active": true,
    "is_featured": true,
    "order": 1,
    "meta_title": "SEO-продвижение - Услуги продвижения сайтов",
    "meta_description": "<p>Профессиональные услуги SEO-продвижения для вашего бизнеса. Увеличение органического трафика и конверсии.</p>",
    "created_at": "2024-01-01T12:00:00Z",
    "updated_at": "2025-04-12T17:58:32.045Z",
    "hero_title": "SEO-продвижение для вашего бизнеса",
    "hero_description": "<p>Оптимизируем ваш сайт для поисковых систем, увеличивая органический трафик и привлекая целевую аудиторию.</p>",
    "hero_image": "",
    "explanation_title": "Что такое SEO-продвижение?",
    "explanation_subtitle": "<p>Почему SEO-продвижение является одним из самых эффективных инструментов digital-маркетинга</p>",
    "process_title": "Как мы работаем",
    "process_subtitle": "<p>Прозрачный процесс SEO-продвижения вашего сайта от начала до получения результатов</p>",
    "services_title": "Наши услуги по SEO-продвижению",
    "services_subtitle": "<p>Комплексный подход к оптимизации вашего сайта для достижения максимальных результатов</p>",
    "benefits_title": "Преимущества SEO-продвижения",
    "benefits_subtitle": "<p>Почему SEO-продвижение является одним из самых эффективных инструментов digital-маркетинга</p>",
    "cases_title": "Наши успешные кейсы",
    "cases_subtitle": "<p>Реальные результаты SEO-продвижения наших клиентов</p>",
    "pricing_title": "Тарифы на SEO-продвижение",
    "pricing_subtitle": "<p>Выберите оптимальный тариф для вашего бизнеса</p>",
    "partners_title": "Наши партнеры и инструменты",
    "partners_subtitle": "<p>Мы используем профессиональные инструменты и сотрудничаем с ведущими платформами</p>",
    "faq_title": "Часто задаваемые вопросы",
    "faq_subtitle": "<p>Отвечаем на популярные вопросы о SEO-продвижении</p>",
    "contact_title": "Закажите SEO-продвижение",
    "contact_subtitle": "<p>Заполните форму, и мы свяжемся с вами для обсуждения деталей и составления индивидуального предложения.</p>",
    "contact_phone": "+7 (999) 999-99-99",
    "contact_email": "info@boldrise.ru"
  }
},
{
  "model": "services.service",
  "pk": 2,
  "fields": {
    "name": "email",
    "slug": "email",
    "title": "Email-маркетинг",
    "description": "<p>Разработка и реализация стратегий email-маркетинга для построения отношений с клиентами и увеличения продаж.</p>",
    "full_description": "<p>Эффективные email-кампании для привлечения новых клиентов, удержания существующих и повышения лояльности к бренду.</p>",
    "icon_svg": "<svg class=\"w-7 h-7 md:w-8 md:h-8\" fill=\"none\" stroke=\"currentColor\" viewBox=\"0 0 24 24\" xmlns=\"http://www.w3.org/2000/svg\"><path stroke-linecap=\"round\" stroke-linejoin=\"round\" stroke-width=\"2\" d=\"M3 8l7.89 5.26a2 2 0 002.22 0L21 8M5 19h14a2 2 0 002-2V7a2 2 0 00-2-2H5a2 2 0 00-2 2v10a2 2 0 002 2z\"></path></svg>",
    "icon": "",
    "image": "",
    "is_active": true,
    "is_featured": true,
    "order": 2,
    "meta_title": "Email-маркетинг - Эффективные стратегии рассылок",
    "meta_description": "<p>Разработка и внедрение эффективных стратегий email-маркетинга для роста продаж и удержания клиентов.</p>",
    "created_at": "2024-01-01T12:00:00Z",
    "updated_at": "2025-04-13T06:31:56.785Z",
    "hero_title": "Email-маркетинг для вашего бизнеса",
    "hero_description": "<p>Разработка и реализация стратегий email-маркетинга для построения отношений с клиентами и увеличения продаж.</p>",
    "hero_image": "",
    "explanation_title": "Что такое Email-маркетинг?",
    "explanation_subtitle": "<p><span>Почему Email-маркетинг остается одним из самых эффективных инструментов digital-стратегии</span></p>",
    "process_title": "Как мы работаем",
    "process_subtitle": "<p><span>Прозрачный процесс организации email-маркетинга от стратегии до анализа результатов</span></p>",
    "services_title": "Наши услуги по Email-маркетингу",
    "services_subtitle": "<p><span>Комплексные решения для эффективного взаимодействия с вашими клиентами через email</span></p>",
    "benefits_title": "Преимущества Email-маркетинга",
    "benefits_subtitle": "<p><span>Почему Email-маркетинг является неотъемлемой частью успешной digital-стратегии</span></p>",
    "cases_title": "Наши успешные кейсы в email маркетинге",
    "cases_subtitle": "<p><span>Реальные результаты email-маркетинга для наших клиентов</span></p>",
    "pricing_title": "Тарифы на Email-маркетинг",
    "pricing_subtitle": "<p><span>Выберите оптимальный тариф для вашего бизнеса</span></p>",
    "partners_title": "Наши партнеры и инструменты",
    "partners_subtitle": "<p><span>Мы используем лучшие платформы и технологии для реализации эффективных email-кампаний</span></p>",
    "faq_title": "Часто задаваемые вопросы",
    "faq_subtitle": "<p><span>Отвечаем на популярные вопросы о email-маркетинге</span></p>",
    "contact_title": "Закажите Email-маркетинг",
    "contact_subtitle": "<p><span>Заполните форму, и мы свяжемся с вами для обсуждения деталей и составления индивидуального предложения.</span></p>",
    "contact_phone": "+7 (999) 999-99-99",
    "contact_email": "info@boldrise.ru"
  }
},
{
  "model": "services.service",
  "pk": 3,
  "fields": {
    "name": "content",
    "slug": "content",
    "title": "Контент-маркетинг",
    "description": "Создание и продвижение ценного контента для привлечения и удержания целевой аудитории и повышения доверия к бренду.",
    "full_description": "<p>Стратегическое создание и распространение полезного контента для привлечения целевой аудитории, укрепления репутации бренда и роста продаж.</p>",
    "icon_svg": "<svg class=\"w-7 h-7 md:w-8 md:h-8\" fill=\"none\" stroke=\"currentColor\" viewBox=\"0 0 24 24\" xmlns=\"http://www.w3.org/2000/svg\"><path stroke-linecap=\"round\" stroke-linejoin=\"round\" stroke-width=\"2\" d=\"M9.75 17L9 20l-1 1h8l-1-1-.75-3M3 13h18M5 17h14a2 2 0 002-2V5a2 2 0 00-2-2H5a2 2 0 00-2 2v10a2 2 0 002 2z\"></path></svg>",
    "icon": "",
    "image": "",
    "is_active": true,
    "is_featured": true,
    "order": 3,
    "meta_title": "Контент-маркетинг - Создание ценного контента",
    "meta_description": "Профессиональные услуги по созданию и продвижению контента, который привлекает клиентов и повышает доверие к бренду.",
    "created_at": "2024-01-01T12:00:00Z",
    "updated_at": "2024-01-01T12:00:00Z",
    "hero_title": "",
    "hero_description": "",
    "hero_image": "",
    "explanation_title": "",
    "explanation_subtitle": "",
    "process_title": "",
    "process_subtitle": "",
    "services_title": "",
    "services_subtitle": "",
    "benefits_title": "",
    "benefits_subtitle": "",
    "cases_title": "",
    "cases_subtitle": "",
    "pricing_title": "",
    "pricing_subtitle": "",
    "partners_title": "",
    "partners_subtitle": "",
    "faq_title": "",
    "faq_subtitle": "",
    "contact_title": "",
    "contact_subtitle": "",
    "contact_phone": "",
    "contact_email": ""
  }
},
{
  "model": "services.service",
  "pk": 4,
  "fields": {
    "name": "smm",
    "slug": "smm",
    "title": "SMM-продвижение",
    "description": "Разработка и реализация стратегий продвижения в социальных сетях для увеличения узнаваемости бренда и привлечения клиентов.",
    "full_description": "<p>Комплексное управление вашими аккаунтами в социальных сетях для увеличения охвата, вовлеченности и конверсии.</p>",
    "icon_svg": "<svg class=\"w-7 h-7 md:w-8 md:h-8\" fill=\"none\" stroke=\"currentColor\" viewBox=\"0 0 24 24\" xmlns=\"http://www.w3.org/2000/svg\"><path stroke-linecap=\"round\" stroke-linejoin=\"round\" stroke-width=\"2\" d=\"M9 19v-6a2 2 0 00-2-2H5a2 2 0 00-2 2v6a2 2 0 002 2h2a2 2 0 002-2zm0 0V9a2 2 0 012-2h2a2 2 0 012 2v10m-6 0a2 2 0 002 2h2a2 2 0 002-2m0 0V5a2 2 0 012-2h2a2 2 0 012 2v14a2 2 0 01-2 2h-2a2 2 0 01-2-2z\"></path></svg>",
    "icon": "",
    "image": "",
    "is_active": true,
    "is_featured": true,
    "order": 4,
    "meta_title": "SMM-продвижение - Эффективное продвижение в социальных сетях",
    "meta_description": "Профессиональное продвижение вашего бренда в социальных сетях для роста узнаваемости и увеличения продаж.",
    "created_at": "2024-01-01T12:00:00Z",
    "updated_at": "2024-01-01T12:00:00Z",
    "hero_title": "",
    "hero_description": "",
    "hero_image": "",
    "explanation_title": "",
    "explanation_subtitle": "",
    "process_title": "",
    "process_subtitle": "",
    "services_title": "",
    "services_subtitle": "",
    "benefits_title": "",
    "benefits_subtitle": "",
    "cases_title": "",
    "cases_subtitle": "",
    "pricing_title": "",
    "pricing_subtitle": "",
    "partners_title": "",
    "partners_subtitle": "",
    "faq_title": "",
    "faq_subtitle": "",
    "contact_title": "",
    "contact_subtitle": "",
    "contact_phone": "",
    "contact_email": ""
  }
},
{
  "model": "services.service",
  "pk": 5,
  "fields": {
    "name": "orm",
    "slug": "orm",
    "title": "Репутационный маркетинг",
    "description": "Мониторинг и управление онлайн-репутацией бренда для создания положительного имиджа и повышения доверия.",
    "full_description": "<p>Комплексное управление репутацией вашего бренда в сети: мониторинг упоминаний, работа с отзывами, нейтрализация негатива и формирование положительного имиджа.</p>",
    "icon_svg": "<svg class=\"w-8 h-8\" fill=\"none\" stroke=\"currentColor\" viewBox=\"0 0 24 24\" xmlns=\"http://www.w3.org/2000/svg\"><path stroke-linecap=\"round\" stroke-linejoin=\"round\" stroke-width=\"2\" d=\"M14.828 14.828a4 4 0 01-5.656 0M9 10h.01M15 10h.01M21 12a9 9 0 11-18 0 9 9 0 0118 0z\"></path></svg>",
    "icon": "",
    "image": "",
    "is_active": true,
    "is_featured": true,
    "order": 5,
    "meta_title": "Репутационный маркетинг - Управление репутацией бренда",
    "meta_description": "Профессиональное управление онлайн-репутацией для создания положительного имиджа вашего бренда и повышения доверия клиентов.",
    "created_at": "2024-01-01T12:00:00Z",
    "updated_at": "2024-01-01T12:00:00Z",
    "hero_title": "",
    "hero_description": "",
    "hero_image": "",
    "explanation_title": "",
    "explanation_subtitle": "",
    "process_title": "",
    "process_subtitle": "",
    "services_title": "",
    "services_subtitle": "",
    "benefits_title": "",
    "benefits_subtitle": "",
    "cases_title": "",
    "cases_subtitle": "",
    "pricing_title": "",
    "pricing_subtitle": "",
    "partners_title": "",
    "partners_subtitle": "",
    "faq_title": "",
    "faq_subtitle": "",
    "contact_title": "",
    "contact_subtitle": "",
    "contact_phone": "",
    "contact_email": ""
  }
},
{
  "model": "services.service",
  "pk": 6,
  "fields": {
    "name": "ppc",
    "slug": "ppc",
    "title": "PPC-реклама",
    "description": "Разработка и управление рекламными кампаниями с оплатой за клик для быстрого привлечения целевой аудитории.",
    "full_description": "<p>Эффективная контекстная и таргетированная реклама для быстрого привлечения целевых клиентов и увеличения продаж.</p>",
    "icon_svg": "<svg class=\"w-8 h-8\" fill=\"none\" stroke=\"currentColor\" viewBox=\"0 0 24 24\" xmlns=\"http://www.w3.org/2000/svg\"><path stroke-linecap=\"round\" stroke-linejoin=\"round\" stroke-width=\"2\" d=\"M11 3.055A9.001 9.001 0 1020.945 13H11V3.055z\"></path><path stroke-linecap=\"round\" stroke-linejoin=\"round\" stroke-width=\"2\" d=\"M20.488 9H15V3.512A9.025 9.025 0 0120.488 9z\"></path></svg>",
    "icon": "",
    "image": "",
    "is_active": true,
    "is_featured": true,
    "order": 6,
    "meta_title": "PPC-реклама - Эффективная контекстная реклама",
    "meta_description": "Настройка и управление рекламными кампаниями с оплатой за клик для быстрого привлечения целевых клиентов.",
    "created_at": "2024-01-01T12:00:00Z",
    "updated_at": "2024-01-01T12:00:00Z",
    "hero_title": "",
    "hero_description": "",
    "hero_image": "",
    "explanation_title": "",
    "explanation_subtitle": "",
    "process_title": "",
    "process_subtitle": "",
    "services_title": "",
    "services_subtitle": "",
    "benefits_title": "",
    "benefits_subtitle": "",
    "cases_title": "",
    "cases_subtitle": "",
    "pricing_title": "",
    "pricing_subtitle": "",
    "partners_title": "",
    "partners_subtitle": "",
    "faq_title": "",
    "faq_subtitle": "",
    "contact_title": "",
    "contact_subtitle": "",
    "contact_phone": "",
    "contact_email": ""
  }
},
{
  "model": "services.servicefeature",
  "pk": 1,
  "fields": {
    "service": 1,
    "title": "Техническая оптимизация",
    "order": 1
  }
},
{
  "model": "services.servicefeature",
  "pk": 2,
  "fields": {
    "service": 1,
    "title": "Внутренняя оптимизация",
    "order": 2
  }
},
{
  "model": "services.servicefeature",
  "pk": 3,
  "fields": {
    "service": 1,
    "title": "Внешняя оптимизация",
    "order": 3
  }
},
{
  "model": "services.servicefeature",
  "pk": 4,
  "fields": {
    "service": 2,
    "title": "Welcome-цепочки писем",
    "order": 1
  }
},
{
  "model": "services.servicefeature",
  "pk": 5,
  "fields": {
    "service": 2,
    "title": "Автоматизация рассылок",
    "order": 2
  }
},
{
  "model": "services.servicefeature",
  "pk": 6,
  "fields": {
    "service": 2,
    "title": "Сегментация базы",
    "order": 3
  }
},
{
  "model": "services.servicefeature",
  "pk": 7,
  "fields": {
    "service": 3,
    "title": "Контент-стратегия",
    "order": 1
  }
},
{
  "model": "services.servicefeature",
  "pk": 8,
  "fields": {
    "service": 3,
    "title": "Создание контента",
    "order": 2
  }
},
{
  "model": "services.servicefeature",
  "pk": 9,
  "fields": {
    "service": 3,
    "title": "Продвижение контента",
    "order": 3
  }
},
{
  "model": "services.servicefeature",
  "pk": 10,
  "fields": {
    "service": 4,
    "title": "Контент-план",
    "order": 1
  }
},
{
  "model": "services.servicefeature",
  "pk": 11,
  "fields": {
    "service": 4,
    "title": "Таргетированная реклама",
    "order": 2
  }
},
{
  "model": "services.servicefeature",
  "pk": 12,
  "fields": {
    "service": 4,
    "title": "Коммьюнити-менеджмент",
    "order": 3
  }
},
{
  "model": "services.servicefeature",
  "pk": 13,
  "fields": {
    "service": 5,
    "title": "SERM-стратегия",
    "order": 1
  }
},
{
  "model": "services.servicefeature",
  "pk": 14,
  "fields": {
    "service": 5,
    "title": "Работа с отзывами",
    "order": 2
  }
},
{
  "model": "services.servicefeature",
  "pk": 15,
  "fields": {
    "service": 5,
    "title": "Мониторинг упоминаний",
    "order": 3
  }
},
{
  "model": "services.servicefeature",
  "pk": 16,
  "fields": {
    "service": 6,
    "title": "Контекстная реклама",
    "order": 1
  }
},
{
  "model": "services.servicefeature",
  "pk": 17,
  "fields": {
    "service": 6,
    "title": "Баннерная реклама",
    "order": 2
  }
},
{
  "model": "services.servicefeature",
  "pk": 18,
  "fields": {
    "service": 6,
    "title": "Ремаркетинг",
    "order": 3
  }
},
{
  "model": "services.servicebenefit",
  "pk": 1,
  "fields": {
    "service": 1,
    "title": "Проверенные стратегии",
    "description": "<p>Наши подходы основаны на данных и опыте, доказавшие свою эффективность во многих проектах. Мы используем только те методы, которые гарантированно работают и приносят результаты.</p>",
    "icon": "<svg class=\"w-7 h-7 md:w-8 md:h-8\" fill=\"none\" stroke=\"currentColor\" viewBox=\"0 0 24 24\" xmlns=\"http://www.w3.org/2000/svg\"><path stroke-linecap=\"round\" stroke-linejoin=\"round\" stroke-width=\"2\" d=\"M9 12l2 2 4-4m5.618-4.016A11.955 11.955 0 0112 2.944a11.955 11.955 0 01-8.618 3.04A12.02 12.02 0 003 9c0 5.591 3.824 10.29 9 11.622 5.176-1.332 9-6.03 9-11.622 0-1.042-.133-2.052-.382-3.016z\"></path></svg>",
    "order": 1
  }
},
{
  "model": "services.servicebenefit",
  "pk": 2,
  "fields": {
    "service": 1,
    "title": "Индивидуальный подход",
    "description": "<p>Мы создаем уникальные решения, адаптированные под специфику вашего бизнеса и целевой аудитории. Никаких шаблонных стратегий - только индивидуальные планы.</p>",
    "icon": "<svg class=\"w-7 h-7 md:w-8 md:h-8\" fill=\"none\" stroke=\"currentColor\" viewBox=\"0 0 24 24\" xmlns=\"http://www.w3.org/2000/svg\"><path stroke-linecap=\"round\" stroke-linejoin=\"round\" stroke-width=\"2\" d=\"M10 20l4-16m4 4l4 4-4 4M6 16l-4-4 4-4\"></path></svg>",
    "order": 2
  }
},
{
  "model": "services.servicebenefit",
  "pk": 3,
  "fields": {
    "service": 1,
    "title": "Быстрые результаты",
    "description": "<p>Наши стратегии нацелены на достижение быстрых и устойчивых результатов для вашего бизнеса. Мы начинаем с тех направлений, которые дадут максимальный эффект в короткие сроки.</p>",
    "icon": "<svg class=\"w-7 h-7 md:w-8 md:h-8\" fill=\"none\" stroke=\"currentColor\" viewBox=\"0 0 24 24\" xmlns=\"http://www.w3.org/2000/svg\"><path stroke-linecap=\"round\" stroke-linejoin=\"round\" stroke-width=\"2\" d=\"M13 10V3L4 14h7v7l9-11h-7z\"></path></svg>",
    "order": 3
  }
},
{
  "model": "services.servicebenefit",
  "pk": 5,
  "fields": {
    "service": 1,
    "title": "Доступная стоимость",
    "description": "<p>SEO является одним из самых экономически эффективных маркетинговых каналов, особенно в долгосрочной перспективе.</p>",
    "icon": "<svg class=\"w-7 h-7\" fill=\"none\" stroke=\"currentColor\" viewBox=\"0 0 24 24\" xmlns=\"http://www.w3.org/2000/svg\"><path stroke-linecap=\"round\" stroke-linejoin=\"round\" stroke-width=\"2\" d=\"M12 8c-1.657 0-3 .895-3 2s1.343 2 3 2 3 .895 3 2-1.343 2-3 2m0-8c1.11 0 2.08.402 2.599 1M12 8V7m0 1v8m0 0v1m0-1c-1.11 0-2.08-.402-2.599-1M21 12a9 9 0 11-18 0 9 9 0 0118 0z\"></path></svg>",
    "order": 1
  }
},
{
  "model": "services.servicebenefit",
  "pk": 6,
  "fields": {
    "service": 1,
    "title": "Долгосрочный эффект",
    "description": "<p>Результаты SEO-продвижения сохраняются надолго, обеспечивая стабильный поток клиентов даже после завершения активных работ.</p>",
    "icon": "<svg class=\"w-7 h-7\" fill=\"none\" stroke=\"currentColor\" viewBox=\"0 0 24 24\" xmlns=\"http://www.w3.org/2000/svg\"><path stroke-linecap=\"round\" stroke-linejoin=\"round\" stroke-width=\"2\" d=\"M12 8v4l3 3m6-3a9 9 0 11-18 0 9 9 0 0118 0z\"></path></svg>",
    "order": 2
  }
},
{
  "model": "services.servicebenefit",
  "pk": 7,
  "fields": {
    "service": 1,
    "title": "Целевая аудитория",
    "description": "<p>SEO привлекает пользователей, которые активно ищут ваши товары или услуги, что повышает процент конверсии на сайте.</p>",
    "icon": "<svg class=\"w-7 h-7\" fill=\"none\" stroke=\"currentColor\" viewBox=\"0 0 24 24\" xmlns=\"http://www.w3.org/2000/svg\"><path stroke-linecap=\"round\" stroke-linejoin=\"round\" stroke-width=\"2\" d=\"M17 20h5v-2a3 3 0 00-5.356-1.857M17 20H7m10 0v-2c0-.656-.126-1.283-.356-1.857M7 20H2v-2a3 3 0 015.356-1.857M7 20v-2c0-.656.126-1.283.356-1.857m0 0a5.002 5.002 0 019.288 0M15 7a3 3 0 11-6 0 3 3 0 016 0zm6 3a2 2 0 11-4 0 2 2 0 014 0zM7 10a2 2 0 11-4 0 2 2 0 014 0z\"></path></svg>",
    "order": 3
  }
},
{
  "model": "services.servicebenefit",
  "pk": 8,
  "fields": {
    "service": 1,
    "title": "Повышение доверия",
    "description": "<p>Высокие позиции в поисковой выдаче повышают доверие к вашему бренду, так как пользователи больше доверяют топовым результатам.</p>",
    "icon": "<svg class=\"w-7 h-7\" fill=\"none\" stroke=\"currentColor\" viewBox=\"0 0 24 24\" xmlns=\"http://www.w3.org/2000/svg\"><path stroke-linecap=\"round\" stroke-linejoin=\"round\" stroke-width=\"2\" d=\"M19.428 15.428a2 2 0 00-1.022-.547l-2.387-.477a6 6 0 00-3.86.517l-.318.158a6 6 0 01-3.86.517L6.05 15.21a2 2 0 00-1.806.547M8 4h8l-1 1v5.172a2 2 0 00.586 1.414l5 5c1.26 1.26.367 3.414-1.415 3.414H4.828c-1.782 0-2.674-2.154-1.414-3.414l5-5A2 2 0 009 10.172V5L8 4z\"></path></svg>",
    "order": 4
  }
},
{
  "model": "services.servicebenefit",
  "pk": 9,
  "fields": {
    "service": 1,
    "title": "Измеримые результаты",
    "description": "<p>SEO позволяет отслеживать множество показателей: позиции, трафик, конверсии, что делает эффективность работы полностью прозрачной.</p>",
    "icon": "<svg class=\"w-7 h-7\" fill=\"none\" stroke=\"currentColor\" viewBox=\"0 0 24 24\" xmlns=\"http://www.w3.org/2000/svg\"><path stroke-linecap=\"round\" stroke-linejoin=\"round\" stroke-width=\"2\" d=\"M16 8v8m-4-5v5m-4-2v2m-2 4h12a2 2 0 002-2V6a2 2 0 00-2-2H6a2 2 0 00-2 2v12a2 2 0 002 2z\"></path></svg>",
    "order": 5
  }
},
{
  "model": "services.servicebenefit",
  "pk": 10,
  "fields": {
    "service": 1,
    "title": "Глобальный охват",
    "description": "<p>Качественное SEO-продвижение помогает вашему бизнесу выйти на новые рынки и привлечь клиентов из других регионов.</p>",
    "icon": "<svg class=\"w-7 h-7\" fill=\"none\" stroke=\"currentColor\" viewBox=\"0 0 24 24\" xmlns=\"http://www.w3.org/2000/svg\"><path stroke-linecap=\"round\" stroke-linejoin=\"round\" stroke-width=\"2\" d=\"M14 10h4.764a2 2 0 011.789 2.894l-3.5 7A2 2 0 0115.263 21h-4.017c-.163 0-.326-.02-.485-.06L7 20m7-10V5a2 2 0 00-2-2h-.095c-.5 0-.905.405-.905.905 0 .714-.211 1.412-.608 2.006L7 11v9m7-10h-2M7 20H5a2 2 0 01-2-2v-6a2 2 0 012-2h2.5\"></path></svg>",
    "order": 6
  }
},
{
  "model": "services.servicebenefit",
  "pk": 11,
  "fields": {
    "service": 2,
    "title": "Высокий ROI",
    "description": "<p><span>Email-маркетинг обеспечивает один из самых высоких показателей ROI среди всех маркетинговых каналов &mdash; в среднем 40 рублей с каждого потраченного рубля.</span></p>",
    "icon": "<svg class=\"w-7 h-7 md:w-8 md:h-8\" fill=\"none\" stroke=\"currentColor\" viewBox=\"0 0 24 24\" xmlns=\"http://www.w3.org/2000/svg\"><path stroke-linecap=\"round\" stroke-linejoin=\"round\" stroke-width=\"2\" d=\"M9 12l2 2 4-4m5.618-4.016A11.955 11.955 0 0112 2.944a11.955 11.955 0 01-8.618 3.04A12.02 12.02 0 003 9c0 5.591 3.824 10.29 9 11.622 5.176-1.332 9-6.03 9-11.622 0-1.042-.133-2.052-.382-3.016z\"></path></svg>",
    "order": 1
  }
},
{
  "model": "services.servicebenefit",
  "pk": 12,
  "fields": {
    "service": 2,
    "title": "Персонализация",
    "description": "<p><span>Возможность персонализировать сообщения для каждого подписчика повышает эффективность коммуникации и конверсию.</span></p>",
    "icon": "<svg class=\"w-7 h-7\" fill=\"none\" stroke=\"currentColor\" viewBox=\"0 0 24 24\" xmlns=\"http://www.w3.org/2000/svg\">                             <path stroke-linecap=\"round\" stroke-linejoin=\"round\" stroke-width=\"2\" d=\"M17 20h5v-2a3 3 0 00-5.356-1.857M17 20H7m10 0v-2c0-.656-.126-1.283-.356-1.857M7 20H2v-2a3 3 0 015.356-1.857M7 20v-2c0-.656.126-1.283.356-1.857m0 0a5.002 5.002 0 019.288 0M15 7a3 3 0 11-6 0 3 3 0 016 0zm6 3a2 2 0 11-4 0 2 2 0 014 0zM7 10a2 2 0 11-4 0 2 2 0 014 0z\"></path>",
    "order": 2
  }
},
{
  "model": "services.servicebenefit",
  "pk": 13,
  "fields": {
    "service": 2,
    "title": "Измеримые результаты",
    "description": "<p><span>Email-маркетинг предоставляет детальную аналитику и позволяет отслеживать эффективность каждой кампании в реальном времени.</span></p>",
    "icon": "<svg class=\"w-7 h-7\" fill=\"none\" stroke=\"currentColor\" viewBox=\"0 0 24 24\" xmlns=\"http://www.w3.org/2000/svg\">                             <path stroke-linecap=\"round\" stroke-linejoin=\"round\" stroke-width=\"2\" d=\"M9 19v-6a2 2 0 00-2-2H5a2 2 0 00-2 2v6a2 2 0 002 2h2a2 2 0 002-2zm0 0V9a2 2 0 012-2h2a2 2 0 012 2v10m-6 0a2 2 0 002 2h2a2 2 0 002-2m0 0V5a2 2 0 012-2h2a2 2 0 012 2v14a2 2 0 01-2 2h-2a2 2 0 01-2-2z\"></path></svg>",
    "order": 3
  }
},
{
  "model": "services.servicebenefit",
  "pk": 14,
  "fields": {
    "service": 2,
    "title": "Автоматизация",
    "description": "<p><span>Автоматические цепочки писем позволяют взаимодействовать с клиентами на всех этапах воронки продаж без ручного вмешательства.</span></p>",
    "icon": "<svg class=\"w-7 h-7\" fill=\"none\" stroke=\"currentColor\" viewBox=\"0 0 24 24\" xmlns=\"http://www.w3.org/2000/svg\"><path stroke-linecap=\"round\" stroke-linejoin=\"round\" stroke-width=\"2\" d=\"M12 8v4l3 3m6-3a9 9 0 11-18 0 9 9 0 0118 0z\"></path></svg>",
    "order": 4
  }
},
{
  "model": "services.servicebenefit",
  "pk": 15,
  "fields": {
    "service": 2,
    "title": "Быстрый запуск",
    "description": "<p><span>Email-кампании можно запустить быстрее большинства других маркетинговых инструментов, получая результаты практически сразу.</span></p>",
    "icon": "<svg class=\"w-7 h-7\" fill=\"none\" stroke=\"currentColor\" viewBox=\"0 0 24 24\" xmlns=\"http://www.w3.org/2000/svg\"><path stroke-linecap=\"round\" stroke-linejoin=\"round\" stroke-width=\"2\" d=\"M13 10V3L4 14h7v7l9-11h-7z\"></path></svg>",
    "order": 5
  }
},
{
  "model": "services.servicebenefit",
  "pk": 16,
  "fields": {
    "service": 2,
    "title": "Низкая стоимость",
    "description": "<p><span>По сравнению с другими каналами привлечения клиентов, email-маркетинг требует минимальных затрат при максимальной отдаче.</span></p>",
    "icon": "<svg class=\"w-7 h-7\" fill=\"none\" stroke=\"currentColor\" viewBox=\"0 0 24 24\" xmlns=\"http://www.w3.org/2000/svg\"> <path stroke-linecap=\"round\" stroke-linejoin=\"round\" stroke-width=\"2\" d=\"M12 8c-1.657 0-3 .895-3 2s1.343 2 3 2 3 .895 3 2-1.343 2-3 2m0-8c1.11 0 2.08.402 2.599 1M12 8V7m0 1v8m0 0v1m0-1c-1.11 0-2.08-.402-2.599-1M21 12a9 9 0 11-18 0 9 9 0 0118 0z\"></path></svg>",
    "order": 6
  }
},
{
  "model": "services.serviceprocess",
  "pk": 1,
  "fields": {
    "service": 1,
    "title": "Аудит и анализ",
    "description": "<p><span>Проводим комплексный аудит сайта, анализируем конкурентов и текущее положение в поисковой выдаче.</span></p>",
    "icon": "",
    "order": 1
  }
},
{
  "model": "services.serviceprocess",
  "pk": 2,
  "fields": {
    "service": 1,
    "title": "Разработка стратегии",
    "description": "<p><span>Составляем детальный план продвижения с учетом специфики вашего бизнеса и целевой аудитории.</span></p>",
    "icon": "",
    "order": 2
  }
},
{
  "model": "services.serviceprocess",
  "pk": 3,
  "fields": {
    "service": 1,
    "title": "Техническая оптимизация",
    "description": "<p><span>Исправляем технические ошибки на сайте, оптимизируем скорость загрузки и внутреннюю структуру.</span></p>",
    "icon": "",
    "order": 3
  }
},
{
  "model": "services.serviceprocess",
  "pk": 4,
  "fields": {
    "service": 1,
    "title": "Контентная оптимизация",
    "description": "<p><span>Создаем и оптимизируем контент, который нравится и пользователям, и поисковым системам.</span></p>",
    "icon": "",
    "order": 4
  }
},
{
  "model": "services.serviceprocess",
  "pk": 5,
  "fields": {
    "service": 1,
    "title": "Внешняя оптимизация",
    "description": "<p><span>Наращиваем качественную ссылочную массу, работаем с отзывами и упоминаниями в сети.</span></p>",
    "icon": "",
    "order": 5
  }
},
{
  "model": "services.serviceprocess",
  "pk": 11,
  "fields": {
    "service": 1,
    "title": "Мониторинг и отчетность",
    "description": "<p>Постоянно отслеживаем результаты работы и предоставляем подробные отчеты о достигнутых показателях.</p>",
    "icon": "",
    "order": 6
  }
},
{
  "model": "services.serviceprocess",
  "pk": 12,
  "fields": {
    "service": 2,
    "title": "Аудит и стратегия",
    "description": "<p><span>Анализируем вашу целевую аудиторию, текущее состояние базы подписчиков и разрабатываем стратегию email-кампаний.</span></p>",
    "icon": "",
    "order": 1
  }
},
{
  "model": "services.serviceprocess",
  "pk": 13,
  "fields": {
    "service": 2,
    "title": "Создание контента",
    "description": "<p><span>Разрабатываем привлекательный и эффективный контент для писем, включая тексты, дизайн и оптимальные призывы к действию.</span></p>",
    "icon": "",
    "order": 2
  }
},
{
  "model": "services.serviceprocess",
  "pk": 14,
  "fields": {
    "service": 2,
    "title": "Техническая настройка",
    "description": "<p><span>Настраиваем систему email-маркетинга, включая интеграцию с вашим сайтом, CRM-системами и настройку защитных протоколов.</span></p>",
    "icon": "",
    "order": 3
  }
},
{
  "model": "services.serviceprocess",
  "pk": 15,
  "fields": {
    "service": 2,
    "title": "Сегментация базы",
    "description": "<p><span>Разделяем вашу базу подписчиков на сегменты для более персонализированных и релевантных рассылок, повышающих конверсию.</span></p>",
    "icon": "",
    "order": 4
  }
},
{
  "model": "services.serviceprocess",
  "pk": 16,
  "fields": {
    "service": 2,
    "title": "Запуск кампаний",
    "description": "<p><span>Запускаем регулярные рассылки и автоматические цепочки писем в соответствии с разработанной стратегией и календарным планом.</span></p>",
    "icon": "",
    "order": 5
  }
},
{
  "model": "services.serviceprocess",
  "pk": 17,
  "fields": {
    "service": 2,
    "title": "Анализ и оптимизация",
    "description": "<p><span>Анализируем эффективность кампаний, тестируем различные подходы и постоянно оптимизируем стратегию для достижения лучших результатов.</span></p>",
    "icon": "",
    "order": 6
  }
},
{
  "model": "services.faq",
  "pk": 1,
  "fields": {
    "service": 1,
    "question": "Сколько времени занимает получение результатов SEO?",
    "answer": "<p><span>SEO &mdash; это долгосрочная стратегия. Первые результаты обычно становятся заметны через 2-3 месяца работы, но значительные изменения в позициях и трафике чаще всего наблюдаются через 4-6 месяцев. На сроки влияют конкуренция в вашей нише, изначальное состояние сайта и агрессивность выбранной стратегии.</span></p>",
    "is_common": false,
    "order": 1
  }
},
{
  "model": "services.faq",
  "pk": 7,
  "fields": {
    "service": 1,
    "question": "Какие гарантии вы предоставляете?",
    "answer": "<p>Мы не можем гарантировать конкретные позиции по запросам, так как алгоритмы поисковых систем постоянно меняются. Однако мы гарантируем прозрачность работы, соблюдение сроков и использование только белых методов оптимизации. Если в течение первых трех месяцев вы не увидите положительной динамики, мы бесплатно проведем дополнительный аудит и скорректируем стратегию.</p>",
    "is_common": false,
    "order": 2
  }
},
{
  "model": "services.faq",
  "pk": 8,
  "fields": {
    "service": 1,
    "question": "Для каких сайтов подходит SEO-продвижение?",
    "answer": "<p>SEO-продвижение подходит практически для любого сайта, но особенно эффективно для бизнесов, ориентированных на долгосрочную перспективу. Это могут быть интернет-магазины, корпоративные сайты, сайты услуг, информационные порталы. Главное условие &mdash; наличие качественного контента и технически исправного сайта.</p>",
    "is_common": false,
    "order": 3
  }
},
{
  "model": "services.faq",
  "pk": 9,
  "fields": {
    "service": 1,
    "question": "Чем SEO отличается от контекстной рекламы?",
    "answer": "<p>Главное отличие &mdash; в подходе и долгосрочности результатов. Контекстная реклама дает мгновенный эффект, но требует постоянных вложений. При остановке рекламы трафик прекращается. SEO работает медленнее, но дает долгосрочный результат. После прекращения активных работ позиции могут сохраняться месяцами. Также пользователи больше доверяют органической выдаче, чем рекламе.</p>",
    "is_common": false,
    "order": 4
  }
},
{
  "model": "services.faq",
  "pk": 10,
  "fields": {
    "service": 1,
    "question": "Какие отчеты вы предоставляете?",
    "answer": "<p>Мы предоставляем регулярные отчеты, включающие данные о позициях сайта по ключевым запросам, динамике органического трафика, поведенческих факторах, конверсии и выполненных работах. Отчеты формируются в наглядной форме с графиками и пояснениями, чтобы вы могли легко оценить эффективность продвижения.</p>",
    "is_common": false,
    "order": 5
  }
},
{
  "model": "services.faq",
  "pk": 11,
  "fields": {
    "service": 2,
    "question": "Как быстро email маркетинг начинает приносить результаты?",
    "answer": "<p><span>Email-маркетинг может начать приносить результаты уже после первой рассылки. Однако для достижения стабильных показателей и максимальной эффективности требуется 2-3 месяца регулярных кампаний. За это время мы сможем проанализировать поведение аудитории, протестировать различные подходы и оптимизировать стратегию.</span></p>",
    "is_common": false,
    "order": 1
  }
},
{
  "model": "services.faq",
  "pk": 12,
  "fields": {
    "service": 2,
    "question": "Какие гарантии вы предоставляете?",
    "answer": "<p><span>Мы гарантируем соблюдение всех норм законодательства о персональных данных и спаме, качественную техническую реализацию рассылок и прозрачную аналитику результатов. Мы также гарантируем минимальный процент доставляемости писем в зависимости от состояния вашей базы. Если кампания не достигает оговоренных KPI, мы проводим дополнительную оптимизацию бесплатно.</span></p>",
    "is_common": false,
    "order": 2
  }
},
{
  "model": "services.faq",
  "pk": 13,
  "fields": {
    "service": 2,
    "question": "Для каких кампаний подходит email-маркетинг?",
    "answer": "<p><span>Email-маркетинг эффективен практически для любого бизнеса: от интернет-магазинов и сервисных компаний до B2B-сектора и информационных проектов. Особенно хорошие результаты показывает в сферах, где важно регулярное взаимодействие с клиентами, образовательный контент и персонализированные предложения. Главное условие &mdash; наличие качественной базы контактов или стратегии ее наращивания.</span></p>",
    "is_common": false,
    "order": 3
  }
},
{
  "model": "services.faq",
  "pk": 14,
  "fields": {
    "service": 2,
    "question": "Мои письма не будут попадать в спам?",
    "answer": "<p><span>Мы используем все современные технические протоколы (DKIM, SPF, DMARC) для защиты ваших писем от попадания в спам. Кроме того, мы следуем лучшим практикам по созданию контента, который не вызывает подозрений у спам-фильтров. Регулярный мониторинг репутации отправителя и &laquo;прогрев&raquo; домена также являются частью нашей стратегии. В результате, доставляемость писем в папку &laquo;Входящие&raquo; составляет не менее 95%.</span></p>",
    "is_common": false,
    "order": 4
  }
},
{
  "model": "services.faq",
  "pk": 15,
  "fields": {
    "service": 2,
    "question": "Какие метрики email-маркетинга вы отслеживаете?",
    "answer": "<p><span>Мы отслеживаем все ключевые метрики email-маркетинга: процент доставляемости, Open Rate (открытия), Click Rate (клики), процент отписок, конверсии, ROI кампаний. Также анализируем поведенческие факторы: время, проведенное за чтением письма, устройства, с которых открываются письма, популярные ссылки. Все эти данные предоставляются в наглядных отчетах с рекомендациями по улучшению показателей.</span></p>",
    "is_common": false,
    "order": 5
  }
},
{
  "model": "services.serviceexplanation",
  "pk": 1,
  "fields": {
    "service": 1,
    "title": "Доступная стоимость",
    "description": "<p>SEO является одним из самых экономически эффективных маркетинговых каналов, особенно в долгосрочной перспективе.</p>",
    "icon_svg": "<svg class=\"w-7 h-7\" fill=\"none\" stroke=\"currentColor\" viewBox=\"0 0 24 24\" xmlns=\"http://www.w3.org/2000/svg\"><path stroke-linecap=\"round\" stroke-linejoin=\"round\" stroke-width=\"2\" d=\"M12 8c-1.657 0-3 .895-3 2s1.343 2 3 2 3 .895 3 2-1.343 2-3 2m0-8c1.11 0 2.08.402 2.599 1M12 8V7m0 1v8m0 0v1m0-1c-1.11 0-2.08-.402-2.599-1M21 12a9 9 0 11-18 0 9 9 0 0118 0z\"></path></svg>",
    "order": 1
  }
},
{
  "model": "services.serviceexplanation",
  "pk": 2,
  "fields": {
    "service": 1,
    "title": "Долгосрочный эффект",
    "description": "<p>Результаты SEO-продвижения сохраняются надолго, обеспечивая стабильный поток клиентов даже после завершения активных работ.</p>",
    "icon_svg": "<svg class=\"w-7 h-7\" fill=\"none\" stroke=\"currentColor\" viewBox=\"0 0 24 24\" xmlns=\"http://www.w3.org/2000/svg\"><path stroke-linecap=\"round\" stroke-linejoin=\"round\" stroke-width=\"2\" d=\"M12 8v4l3 3m6-3a9 9 0 11-18 0 9 9 0 0118 0z\"></path></svg>",
    "order": 2
  }
},
{
  "model": "services.serviceexplanation",
  "pk": 3,
  "fields": {
    "service": 1,
    "title": "Целевая аудитория",
    "description": "<p>SEO привлекает пользователей, которые активно ищут ваши товары или услуги, что повышает процент конверсии на сайте.</p>",
    "icon_svg": "<svg class=\"w-7 h-7\" fill=\"none\" stroke=\"currentColor\" viewBox=\"0 0 24 24\" xmlns=\"http://www.w3.org/2000/svg\"><path stroke-linecap=\"round\" stroke-linejoin=\"round\" stroke-width=\"2\" d=\"M17 20h5v-2a3 3 0 00-5.356-1.857M17 20H7m10 0v-2c0-.656-.126-1.283-.356-1.857M7 20H2v-2a3 3 0 015.356-1.857M7 20v-2c0-.656.126-1.283.356-1.857m0 0a5.002 5.002 0 019.288 0M15 7a3 3 0 11-6 0 3 3 0 016 0zm6 3a2 2 0 11-4 0 2 2 0 014 0zM7 10a2 2 0 11-4 0 2 2 0 014 0z\"></path></svg>",
    "order": 3
  }
},
{
  "model": "services.serviceexplanation",
  "pk": 4,
  "fields": {
    "service": 1,
    "title": "Повышение доверия",
    "description": "<p>Высокие позиции в поисковой выдаче повышают доверие к вашему бренду, так как пользователи больше доверяют топовым результатам.</p>",
    "icon_svg": "<svg class=\"w-7 h-7\" fill=\"none\" stroke=\"currentColor\" viewBox=\"0 0 24 24\" xmlns=\"http://www.w3.org/2000/svg\"><path stroke-linecap=\"round\" stroke-linejoin=\"round\" stroke-width=\"2\" d=\"M19.428 15.428a2 2 0 00-1.022-.547l-2.387-.477a6 6 0 00-3.86.517l-.318.158a6 6 0 01-3.86.517L6.05 15.21a2 2 0 00-1.806.547M8 4h8l-1 1v5.172a2 2 0 00.586 1.414l5 5c1.26 1.26.367 3.414-1.415 3.414H4.828c-1.782 0-2.674-2.154-1.414-3.414l5-5A2 2 0 009 10.172V5L8 4z\"></path></svg>",
    "order": 4
  }
},
{
  "model": "services.serviceexplanation",
  "pk": 5,
  "fields": {
    "service": 1,
    "title": "Измеримые результаты",
    "description": "<p>SEO позволяет отслеживать множество показателей: позиции, трафик, конверсии, что делает эффективность работы полностью прозрачной.</p>",
    "icon_svg": "<svg class=\"w-7 h-7\" fill=\"none\" stroke=\"currentColor\" viewBox=\"0 0 24 24\" xmlns=\"http://www.w3.org/2000/svg\"><path stroke-linecap=\"round\" stroke-linejoin=\"round\" stroke-width=\"2\" d=\"M16 8v8m-4-5v5m-4-2v2m-2 4h12a2 2 0 002-2V6a2 2 0 00-2-2H6a2 2 0 00-2 2v12a2 2 0 002 2z\"></path></svg>",
    "order": 5
  }
},
{
  "model": "services.serviceexplanation",
  "pk": 6,
  "fields": {
    "service": 1,
    "title": "Глобальный охват",
    "description": "<p>Качественное SEO-продвижение помогает вашему бизнесу выйти на новые рынки и привлечь клиентов из других регионов.</p>",
    "icon_svg": "<svg class=\"w-7 h-7\" fill=\"none\" stroke=\"currentColor\" viewBox=\"0 0 24 24\" xmlns=\"http://www.w3.org/2000/svg\"><path stroke-linecap=\"round\" stroke-linejoin=\"round\" stroke-width=\"2\" d=\"M14 10h4.764a2 2 0 011.789 2.894l-3.5 7A2 2 0 0115.263 21h-4.017c-.163 0-.326-.02-.485-.06L7 20m7-10V5a2 2 0 00-2-2h-.095c-.5 0-.905.405-.905.905 0 .714-.211 1.412-.608 2.006L7 11v9m7-10h-2M7 20H5a2 2 0 01-2-2v-6a2 2 0 012-2h2.5\"></path></svg>",
    "order": 6
  }
},
{
  "model": "services.serviceexplanation",
  "pk": 7,
  "fields": {
    "service": 2,
    "title": "Высокий ROI",
    "description": "<p><span>Email-маркетинг обеспечивает один из самых высоких показателей ROI среди всех маркетинговых каналов &mdash; в среднем 4000%.</span></p>",
    "icon_svg": "<p>&lt;svg class=\"w-7 h-7\" fill=\"none\" stroke=\"currentColor\" viewBox=\"0 0 24 24\" xmlns=\"http://www.w3.org/2000/svg\"&gt;&lt;path stroke-linecap=\"round\" stroke-linejoin=\"round\" stroke-width=\"2\" d=\"M12 8c-1.657 0-3 .895-3 2s1.343 2 3 2 3 .895 3 2-1.343 2-3 2m0-8c1.11 0 2.08.402 2.599 1M12 8V7m0 1v8m0 0v1m0-1c-1.11 0-2.08-.402-2.599-1M21 12a9 9 0 11-18 0 9 9 0 0118 0z\"&gt;&lt;/path&gt;&lt;/svg&gt;</p>",
    "order": 1
  }
},
{
  "model": "services.serviceexplanation",
  "pk": 8,
  "fields": {
    "service": 2,
    "title": "Высокая конверсия",
    "description": "<p><span>Правильно выстроенные email-кампании имеют в 3-5 раз более высокий показатель конверсии по сравнению с другими каналами.</span></p>",
    "icon_svg": "<p>&lt;svg class=\"w-7 h-7\" fill=\"none\" stroke=\"currentColor\" viewBox=\"0 0 24 24\" xmlns=\"http://www.w3.org/2000/svg\"&gt;&lt;path stroke-linecap=\"round\" stroke-linejoin=\"round\" stroke-width=\"2\" d=\"M12 8v4l3 3m6-3a9 9 0 11-18 0 9 9 0 0118 0z\"&gt;&lt;/path&gt;&lt;/svg&gt;</p>",
    "order": 2
  }
},
{
  "model": "services.serviceexplanation",
  "pk": 9,
  "fields": {
    "service": 2,
    "title": "Персонализация",
    "description": "<p><span>Email позволяет создавать максимально персонализированные сообщения, адаптированные под интересы и потребности конкретного получателя.</span></p>",
    "icon_svg": "<p>&lt;svg class=\"w-7 h-7\" fill=\"none\" stroke=\"currentColor\" viewBox=\"0 0 24 24\" xmlns=\"http://www.w3.org/2000/svg\"&gt;<br>&nbsp; &nbsp; &nbsp; &nbsp; &nbsp; &nbsp; &nbsp; &nbsp; &nbsp; &nbsp; &nbsp; &nbsp; &nbsp; &nbsp; &lt;path stroke-linecap=\"round\" stroke-linejoin=\"round\" stroke-width=\"2\" d=\"M17 20h5v-2a3 3 0 00-5.356-1.857M17 20H7m10 0v-2c0-.656-.126-1.283-.356-1.857M7 20H2v-2a3 3 0 015.356-1.857M7 20v-2c0-.656.126-1.283.356-1.857m0 0a5.002 5.002 0 019.288 0M15 7a3 3 0 11-6 0 3 3 0 016 0zm6 3a2 2 0 11-4 0 2 2 0 014 0zM7 10a2 2 0 11-4 0 2 2 0 014 0z\"&gt;&lt;/path&gt;<br>&nbsp; &nbsp; &nbsp; &nbsp; &nbsp; &nbsp; &nbsp; &nbsp; &nbsp; &nbsp; &nbsp; &nbsp; &lt;/svg&gt;</p>",
    "order": 3
  }
},
{
  "model": "services.serviceexplanation",
  "pk": 10,
  "fields": {
    "service": 2,
    "title": "Лояльность аудитории",
    "description": "<p><span>Регулярные email-рассылки помогают поддерживать контакт с аудиторией, укрепляя лояльность к бренду и увеличивая частоту повторных покупок.</span></p>",
    "icon_svg": "<p>&lt;svg class=\"w-7 h-7\" fill=\"none\" stroke=\"currentColor\" viewBox=\"0 0 24 24\" xmlns=\"http://www.w3.org/2000/svg\"&gt;<br>&nbsp; &nbsp; &nbsp; &nbsp; &nbsp; &nbsp; &nbsp; &nbsp; &nbsp; &nbsp; &nbsp; &nbsp; &nbsp; &nbsp; &lt;path stroke-linecap=\"round\" stroke-linejoin=\"round\" stroke-width=\"2\" d=\"M19.428 15.428a2 2 0 00-1.022-.547l-2.387-.477a6 6 0 00-3.86.517l-.318.158a6 6 0 01-3.86.517L6.05 15.21a2 2 0 00-1.806.547M8 4h8l-1 1v5.172a2 2 0 00.586 1.414l5 5c1.26 1.26.367 3.414-1.415 3.414H4.828c-1.782 0-2.674-2.154-1.414-3.414l5-5A2 2 0 009 10.172V5L8 4z\"&gt;&lt;/path&gt;<br>&nbsp; &nbsp; &nbsp; &nbsp; &nbsp; &nbsp; &nbsp; &nbsp; &nbsp; &nbsp; &nbsp; &nbsp; &lt;/svg&gt;</p>",
    "order": 4
  }
},
{
  "model": "services.servicedetail",
  "pk": 1,
  "fields": {
    "service": 1,
    "title": "SEO-аудит сайта",
    "description": "<p>Комплексный анализ сайта на наличие технических ошибок, проблем с контентом и структурой, мешающих продвижению.</p>",
    "icon_svg": "<svg class=\"w-8 h-8\" fill=\"none\" stroke=\"currentColor\" viewBox=\"0 0 24 24\" xmlns=\"http://www.w3.org/2000/svg\"><path stroke-linecap=\"round\" stroke-linejoin=\"round\" stroke-width=\"2\" d=\"M9 5H7a2 2 0 00-2 2v12a2 2 0 002 2h10a2 2 0 002-2V7a2 2 0 00-2-2h-2M9 5a2 2 0 002 2h2a2 2 0 002-2M9 5a2 2 0 012-2h2a2 2 0 012 2m-3 7h3m-3 4h3m-6-4h.01M9 16h.01\"></path></svg>",
    "order": 1
  }
},
{
  "model": "services.servicedetail",
  "pk": 2,
  "fields": {
    "service": 1,
    "title": "Семантическое ядро",
    "description": "<p>Подбор ключевых слов и фраз, по которым пользователи будут находить ваш сайт в поисковых системах.</p>",
    "icon_svg": "<svg class=\"w-8 h-8\" fill=\"none\" stroke=\"currentColor\" viewBox=\"0 0 24 24\" xmlns=\"http://www.w3.org/2000/svg\"><path stroke-linecap=\"round\" stroke-linejoin=\"round\" stroke-width=\"2\" d=\"M10 21h7a2 2 0 002-2V9.414a1 1 0 00-.293-.707l-5.414-5.414A1 1 0 0012.586 3H7a2 2 0 00-2 2v11m0 5l4.879-4.879m0 0a3 3 0 104.243-4.242 3 3 0 00-4.243 4.242z\"></path></svg>",
    "order": 2
  }
},
{
  "model": "services.servicedetail",
  "pk": 3,
  "fields": {
    "service": 1,
    "title": "Техническая оптимизация",
    "description": "<p>Исправление технических ошибок сайта, влияющих на его индексацию и ранжирование в поисковых системах.</p>",
    "icon_svg": "<svg class=\"w-8 h-8\" fill=\"none\" stroke=\"currentColor\" viewBox=\"0 0 24 24\" xmlns=\"http://www.w3.org/2000/svg\"><path stroke-linecap=\"round\" stroke-linejoin=\"round\" stroke-width=\"2\" d=\"M10 20l4-16m4 4l4 4-4 4M6 16l-4-4 4-4\"></path></svg>",
    "order": 3
  }
},
{
  "model": "services.servicedetail",
  "pk": 4,
  "fields": {
    "service": 1,
    "title": "Оптимизация контента",
    "description": "<p>Создание и оптимизация текстов для страниц сайта с учетом требований поисковых систем и интересов пользователей.</p>",
    "icon_svg": "<svg class=\"w-8 h-8\" fill=\"none\" stroke=\"currentColor\" viewBox=\"0 0 24 24\" xmlns=\"http://www.w3.org/2000/svg\"><path stroke-linecap=\"round\" stroke-linejoin=\"round\" stroke-width=\"2\" d=\"M11 5H6a2 2 0 00-2 2v11a2 2 0 002 2h11a2 2 0 002-2v-5m-1.414-9.414a2 2 0 112.828 2.828L11.828 15H9v-2.828l8.586-8.586z\"></path></svg>",
    "order": 4
  }
},
{
  "model": "services.servicedetail",
  "pk": 5,
  "fields": {
    "service": 1,
    "title": "Внешняя оптимизация",
    "description": "<p>Наращивание качественной ссылочной массы для повышения авторитетности сайта в глазах поисковых систем.</p>",
    "icon_svg": "<svg class=\"w-8 h-8\" fill=\"none\" stroke=\"currentColor\" viewBox=\"0 0 24 24\" xmlns=\"http://www.w3.org/2000/svg\"><path stroke-linecap=\"round\" stroke-linejoin=\"round\" stroke-width=\"2\" d=\"M13.828 10.172a4 4 0 00-5.656 0l-4 4a4 4 0 105.656 5.656l1.102-1.101m-.758-4.899a4 4 0 005.656 0l4-4a4 4 0 00-5.656-5.656l-1.1 1.1\"></path></svg>",
    "order": 5
  }
},
{
  "model": "services.servicedetail",
  "pk": 6,
  "fields": {
    "service": 1,
    "title": "Мониторинг и аналитика",
    "description": "<p>Постоянный контроль позиций сайта в поисковых системах и анализ эффективности проводимых работ.</p>",
    "icon_svg": "<svg class=\"w-8 h-8\" fill=\"none\" stroke=\"currentColor\" viewBox=\"0 0 24 24\" xmlns=\"http://www.w3.org/2000/svg\"><path stroke-linecap=\"round\" stroke-linejoin=\"round\" stroke-width=\"2\" d=\"M9 19v-6a2 2 0 00-2-2H5a2 2 0 00-2 2v6a2 2 0 002 2h2a2 2 0 002-2zm0 0V9a2 2 0 012-2h2a2 2 0 012 2v10m-6 0a2 2 0 002 2h2a2 2 0 002-2m0 0V5a2 2 0 012-2h2a2 2 0 012 2v14a2 2 0 01-2 2h-2a2 2 0 01-2-2z\"></path></svg>",
    "order": 6
  }
},
{
  "model": "services.servicedetail",
  "pk": 7,
  "fields": {
    "service": 2,
    "title": "Автоматизация",
    "description": "<p><span>Современные инструменты email-маркетинга позволяют полностью автоматизировать взаимодействие с клиентами на различных этапах воронки продаж.</span></p>",
    "icon_svg": "<p>&lt;svg class=\"w-7 h-7\" fill=\"none\" stroke=\"currentColor\" viewBox=\"0 0 24 24\" xmlns=\"http://www.w3.org/2000/svg\"&gt;<br>&nbsp; &nbsp; &nbsp; &nbsp; &nbsp; &nbsp; &nbsp; &nbsp; &nbsp; &nbsp; &nbsp; &nbsp; &nbsp; &nbsp; &lt;path stroke-linecap=\"round\" stroke-linejoin=\"round\" stroke-width=\"2\" d=\"M9 5H7a2 2 0 00-2 2v12a2 2 0 002 2h10a2 2 0 002-2V7a2 2 0 00-2-2h-2M9 5a2 2 0 002 2h2a2 2 0 002-2M9 5a2 2 0 012-2h2a2 2 0 012 2m-6 9l2 2 4-4\"&gt;&lt;/path&gt;<br>&nbsp; &nbsp; &nbsp; &nbsp; &nbsp; &nbsp; &nbsp; &nbsp; &nbsp; &nbsp; &nbsp; &nbsp; &lt;/svg&gt;</p>",
    "order": 5
  }
},
{
  "model": "services.servicedetail",
  "pk": 8,
  "fields": {
    "service": 2,
    "title": "Измеримые результаты",
    "description": "<p><span>Email-маркетинг предоставляет детальную статистику по всем ключевым показателям, что позволяет постоянно оптимизировать кампании.</span></p>",
    "icon_svg": "<p>&lt;svg class=\"w-7 h-7\" fill=\"none\" stroke=\"currentColor\" viewBox=\"0 0 24 24\" xmlns=\"http://www.w3.org/2000/svg\"&gt;&lt;path stroke-linecap=\"round\" stroke-linejoin=\"round\" stroke-width=\"2\" d=\"M16 8v8m-4-5v5m-4-2v2m-2 4h12a2 2 0 002-2V6a2 2 0 00-2-2H6a2 2 0 00-2 2v12a2 2 0 002 2z\"&gt;&lt;/path&gt;&lt;/svg&gt;</p>",
    "order": 6
  }
},
{
  "model": "services.servicedetailitem",
  "pk": 1,
  "fields": {
    "detail": 1,
    "text": "Технический аудит",
    "order": 1
  }
},
{
  "model": "services.servicedetailitem",
  "pk": 2,
  "fields": {
    "detail": 1,
    "text": "Анализ юзабилити",
    "order": 2
  }
},
{
  "model": "services.servicedetailitem",
  "pk": 3,
  "fields": {
    "detail": 1,
    "text": "Анализ ссылочного профиля",
    "order": 3
  }
},
{
  "model": "services.servicedetailitem",
  "pk": 4,
  "fields": {
    "detail": 2,
    "text": "Сбор и кластеризация запросов",
    "order": 1
  }
},
{
  "model": "services.servicedetailitem",
  "pk": 5,
  "fields": {
    "detail": 2,
    "text": "Анализ конкурентов",
    "order": 2
  }
},
{
  "model": "services.servicedetailitem",
  "pk": 6,
  "fields": {
    "detail": 2,
    "text": "Распределение запросов по страницам",
    "order": 3
  }
},
{
  "model": "services.servicedetailitem",
  "pk": 7,
  "fields": {
    "detail": 3,
    "text": "Оптимизация скорости загрузки",
    "order": 1
  }
},
{
  "model": "services.servicedetailitem",
  "pk": 8,
  "fields": {
    "detail": 3,
    "text": "Адаптация под мобильные устройства",
    "order": 2
  }
},
{
  "model": "services.servicedetailitem",
  "pk": 9,
  "fields": {
    "detail": 3,
    "text": "Настройка микроразметки",
    "order": 3
  }
},
{
  "model": "services.servicedetailitem",
  "pk": 10,
  "fields": {
    "detail": 4,
    "text": "Создание SEO-текстов",
    "order": 1
  }
},
{
  "model": "services.servicedetailitem",
  "pk": 11,
  "fields": {
    "detail": 4,
    "text": "Оптимизация заголовков",
    "order": 2
  }
},
{
  "model": "services.servicedetailitem",
  "pk": 12,
  "fields": {
    "detail": 4,
    "text": "Оптимизация meta-тегов",
    "order": 3
  }
},
{
  "model": "services.servicedetailitem",
  "pk": 13,
  "fields": {
    "detail": 5,
    "text": "Размещение статей на внешних ресурсах",
    "order": 1
  }
},
{
  "model": "services.servicedetailitem",
  "pk": 14,
  "fields": {
    "detail": 5,
    "text": "Регистрация в каталогах",
    "order": 2
  }
},
{
  "model": "services.servicedetailitem",
  "pk": 15,
  "fields": {
    "detail": 5,
    "text": "Крауд-маркетинг",
    "order": 3
  }
},
{
  "model": "services.servicedetailitem",
  "pk": 16,
  "fields": {
    "detail": 6,
    "text": "Отслеживание позиций",
    "order": 1
  }
},
{
  "model": "services.servicedetailitem",
  "pk": 17,
  "fields": {
    "detail": 6,
    "text": "Анализ поведенческих факторов",
    "order": 2
  }
},
{
  "model": "services.servicedetailitem",
  "pk": 18,
  "fields": {
    "detail": 6,
    "text": "Ежемесячные отчеты",
    "order": 3
  }
},
{
  "model": "services.servicecase",
  "pk": 1,
  "fields": {
    "service": 1,
    "title": "Увеличение органического трафика интернет-магазина электроники на 187%",
    "description": "<p>Комплексное SEO-продвижение позволило вывести интернет-магазин в топ-3 по более чем 500 высококонкурентным запросам.</p>",
    "image": "services/cases/concept.jpg",
    "category": "Интернет-магазин",
    "result": "+187% трафика",
    "link": "https://ya.ru",
    "order": 1
  }
},
{
  "model": "services.servicecase",
  "pk": 2,
  "fields": {
    "service": 1,
    "title": "Рост числа заявок с сайта B2B компании на 243% за 6 месяцев",
    "description": "<p>Глубокая техническая оптимизация сайта и работа с коммерческими факторами позволили увеличить конверсию.</p>",
    "image": "services/cases/concept_TA7mKAT.jpg",
    "category": "Корпоративный сайт",
    "result": "+243% заявок",
    "link": "https://ya.ru",
    "order": 2
  }
},
{
  "model": "services.servicecase",
  "pk": 3,
  "fields": {
    "service": 1,
    "title": "Вывод медицинского центра в топ-3 поисковой выдачи за 4 месяца",
    "description": "<p>Разработка локальной SEO-стратегии позволила обойти федеральных конкурентов по ключевым запросам в регионе.</p>",
    "image": "services/cases/concept_DZlFMa1.jpg",
    "category": "Региональный сайт",
    "result": "В топ-3 за 4 месяца",
    "link": "https://ya.ru",
    "order": 3
  }
},
{
  "model": "services.servicecase",
  "pk": 4,
  "fields": {
    "service": 2,
    "title": "Увеличение продаж интернет-магазина одежды на 156% с помощью сегментированных рассылок",
    "description": "<p>Внедрение персонализированных триггерных писем и сегментация базы клиентов по 12 критериям позволили значительно повысить эффективность email-кампаний.</p>",
    "image": "services/cases/concept_xeCCdMB.jpg",
    "category": "Интернет-магазин",
    "result": "+156% продаж",
    "link": "https://ya.ru",
    "order": 1
  }
},
{
  "model": "services.servicepricing",
  "pk": 1,
  "fields": {
    "service": 1,
    "title": "Базовый",
    "price": "от 30 000 ₽",
    "period": "в месяц",
    "description": "Оптимальный тариф для малого бизнеса",
    "badge": "Старт продвижения",
    "order": 1
  }
},
{
  "model": "services.servicepricing",
  "pk": 2,
  "fields": {
    "service": 1,
    "title": "Стандартный",
    "price": "от 60 000 ₽",
    "period": "в месяц",
    "description": "Для бизнеса со средней конкуренцией",
    "badge": "Рекомендуемый",
    "order": 2
  }
},
{
  "model": "services.servicepricing",
  "pk": 3,
  "fields": {
    "service": 1,
    "title": "Премиум",
    "price": "от 100 000 ₽",
    "period": "в месяц",
    "description": "Для бизнеса с высокой конкуренцией",
    "badge": "Максимальный результат",
    "order": 3
  }
},
{
  "model": "services.servicepricing",
  "pk": 4,
  "fields": {
    "service": 2,
    "title": "Базовый",
    "price": "от 25 000 ₽",
    "period": "в месяц",
    "description": "Оптимальный тариф для малого бизнеса",
    "badge": "Старт email-маркетинга",
    "order": 1
  }
},
{
  "model": "services.servicepricing",
  "pk": 5,
  "fields": {
    "service": 2,
    "title": "Стандартный",
    "price": "от 50 000 ₽",
    "period": "в месяц",
    "description": "Для бизнеса со средней конкуренцией",
    "badge": "Рекомендуемый",
    "order": 2
  }
},
{
  "model": "services.servicepricing",
  "pk": 6,
  "fields": {
    "service": 2,
    "title": "Премиум",
    "price": "от 80 000 ₽",
    "period": "в месяц",
    "description": "Для бизнеса с высокой конкуренцией",
    "badge": "Максимальный результат",
    "order": 3
  }
},
{
  "model": "services.servicepricingfeature",
  "pk": 1,
  "fields": {
    "pricing": 1,
    "text": "До 100 ключевых слов",
    "order": 1
  }
},
{
  "model": "services.servicepricingfeature",
  "pk": 2,
  "fields": {
    "pricing": 1,
    "text": "Базовый технический аудит",
    "order": 2
  }
},
{
  "model": "services.servicepricingfeature",
  "pk": 3,
  "fields": {
    "pricing": 1,
    "text": "Оптимизация мета-тегов",
    "order": 3
  }
},
{
  "model": "services.servicepricingfeature",
  "pk": 4,
  "fields": {
    "pricing": 1,
    "text": "Базовая внутренняя оптимизация",
    "order": 4
  }
},
{
  "model": "services.servicepricingfeature",
  "pk": 5,
  "fields": {
    "pricing": 1,
    "text": "Ежемесячная отчетность",
    "order": 5
  }
},
{
  "model": "services.servicepricingfeature",
  "pk": 6,
  "fields": {
    "pricing": 2,
    "text": "До 300 ключевых слов",
    "order": 1
  }
},
{
  "model": "services.servicepricingfeature",
  "pk": 7,
  "fields": {
    "pricing": 2,
    "text": "Полный технический аудит",
    "order": 2
  }
},
{
  "model": "services.servicepricingfeature",
  "pk": 8,
  "fields": {
    "pricing": 2,
    "text": "Создание SEO-текстов (до 5 страниц)",
    "order": 3
  }
},
{
  "model": "services.servicepricingfeature",
  "pk": 9,
  "fields": {
    "pricing": 2,
    "text": "Внутренняя перелинковка",
    "order": 4
  }
},
{
  "model": "services.servicepricingfeature",
  "pk": 10,
  "fields": {
    "pricing": 2,
    "text": "Базовая внешняя оптимизация",
    "order": 5
  }
},
{
  "model": "services.servicepricingfeature",
  "pk": 11,
  "fields": {
    "pricing": 2,
    "text": "Еженедельная отчетность",
    "order": 6
  }
},
{
  "model": "services.servicepricingfeature",
  "pk": 12,
  "fields": {
    "pricing": 3,
    "text": "Неограниченное количество ключевых слов",
    "order": 1
  }
},
{
  "model": "services.servicepricingfeature",
  "pk": 13,
  "fields": {
    "pricing": 3,
    "text": "Углубленный технический аудит",
    "order": 2
  }
},
{
  "model": "services.servicepricingfeature",
  "pk": 14,
  "fields": {
    "pricing": 3,
    "text": "Создание SEO-текстов (до 15 страниц)",
    "order": 3
  }
},
{
  "model": "services.servicepricingfeature",
  "pk": 15,
  "fields": {
    "pricing": 3,
    "text": "Полная внешняя оптимизация",
    "order": 4
  }
},
{
  "model": "services.servicepricingfeature",
  "pk": 16,
  "fields": {
    "pricing": 3,
    "text": "Персональный SEO-специалист",
    "order": 5
  }
},
{
  "model": "services.servicepricingfeature",
  "pk": 17,
  "fields": {
    "pricing": 3,
    "text": "Ежедневная отчетность по запросу",
    "order": 6
  }
}
]
